2026-01-04 11:34:55 - DroneController - [ERROR] - Failed to load KML file: name 'MissionPlanner' is not defined
2026-01-04 11:34:55 - DroneController - [INFO] - DroneController initialized
2026-01-04 11:34:55 - DroneController - [INFO] - Geofence mode: polygon
2026-01-04 11:34:55 - DroneController - [INFO] - Connecting to 127.0.0.1:14551
2026-01-04 11:34:55 - DroneController - [INFO] - Waiting for heartbeat (attempt 1/3)...
2026-01-04 21:32:35 - DroneController - [INFO] - Mission planner initialized with KML: /Users/trishit_debsharma/Documents/Code/NIDAR/NIDAR/spray_drone/data/JUs.kml
2026-01-04 21:32:35 - DroneController - [INFO] - DroneController initialized
2026-01-04 21:32:35 - DroneController - [INFO] - Geofence mode: polygon
2026-01-04 21:32:35 - DroneController - [INFO] - Connecting to 127.0.0.1:14551
2026-01-04 21:32:35 - DroneController - [INFO] - Connection attempt 1/3...
2026-01-04 21:32:35 - DroneController - [INFO] - Waiting for heartbeat...
2026-01-04 21:33:05 - DroneController - [INFO] - Heartbeat from system 0, component 0
2026-01-04 21:33:05 - DroneController - [INFO] - Requesting data streams...
2026-01-04 21:33:05 - DroneController - [INFO] - Verifying data stream...
2026-01-04 21:33:05 - DroneController - [INFO] - Waiting for data streams to initialize...
2026-01-04 21:33:08 - DroneController - [INFO] - State transition: DISCONNECTED -> CONNECTED
2026-01-04 21:33:08 - DroneController - [INFO] - Telemetry log initialized: telemetry/telemetry_20260104_213308.csv
2026-01-04 21:33:08 - DroneController - [INFO] - ✓ Connection established and verified
2026-01-04 21:33:08 - DroneController - [INFO] - Telemetry loop started
2026-01-04 21:33:08 - DroneController - [INFO] - Heartbeat monitor started
2026-01-04 21:33:08 - DroneController - [INFO] - Command processor started
2026-01-04 21:33:08 - DroneController - [INFO] - Mission controller started
2026-01-04 21:33:08 - DroneController - [INFO] - All threads started
2026-01-04 21:33:08 - DroneController - [INFO] - State transition: CONNECTED -> IDLE
2026-01-04 21:33:10 - DroneController - [INFO] - Loading mission with 5 points
2026-01-04 21:33:10 - DroneController - [INFO] - Starting position: lat=0.000000, lon=0.000000
2026-01-04 21:33:10 - DroneController - [INFO] - Mission validated: 5 waypoints
2026-01-04 21:33:10 - DroneController - [INFO] - Return home waypoint added: (22.497943, 88.372148)
2026-01-04 21:33:10 - DroneController - [INFO] - Starting arm and takeoff to 3.0m
2026-01-04 21:33:10 - DroneController - [INFO] - Using polygon geofence from KML
2026-01-04 21:33:10 - DroneController - [INFO] - Setting mode to GUIDED (attempt 1)
2026-01-04 21:33:12 - DroneController - [INFO] - Setting mode to GUIDED (attempt 2)
2026-01-04 21:33:13 - DroneController - [WARNING] - No heartbeat for 5.0s
2026-01-04 21:33:13 - DroneController - [WARNING] - No messages received in 5 seconds
2026-01-04 21:33:14 - DroneController - [WARNING] - No heartbeat for 6.0s
2026-01-04 21:33:14 - DroneController - [INFO] - Setting mode to GUIDED (attempt 3)
2026-01-04 21:33:15 - DroneController - [WARNING] - No heartbeat for 7.0s
2026-01-04 21:33:16 - DroneController - [ERROR] - Failed to change mode to GUIDED
2026-01-04 21:33:16 - DroneController - [WARNING] - No heartbeat for 8.0s
2026-01-04 21:33:16 - DroneController - [INFO] - Stopping controller...
2026-01-04 21:33:16 - DroneController - [INFO] - Command processor stopped
2026-01-04 21:33:16 - DroneController - [INFO] - Telemetry loop stopped. Total messages: 0
2026-01-04 21:33:16 - DroneController - [INFO] - Message type distribution: {}
2026-01-04 21:33:16 - DroneController - [INFO] - Mission controller stopped
2026-01-04 21:33:17 - DroneController - [INFO] - Heartbeat monitor stopped
2026-01-04 21:33:17 - DroneController - [INFO] - Controller stopped
2026-01-04 21:39:02 - DroneController - [INFO] - Mission planner initialized with KML: /Users/trishit_debsharma/Documents/Code/NIDAR/NIDAR/spray_drone/data/JUs.kml
2026-01-04 21:39:02 - DroneController - [INFO] - DroneController initialized
2026-01-04 21:39:02 - DroneController - [INFO] - Geofence mode: polygon
2026-01-04 21:39:02 - DroneController - [INFO] - Connecting to 127.0.0.1:14551
2026-01-04 21:39:02 - DroneController - [INFO] - Connection attempt 1/3...
2026-01-04 21:39:02 - DroneController - [INFO] - Waiting for heartbeat...
2026-01-04 21:39:32 - DroneController - [INFO] - Heartbeat from system 0, component 0
2026-01-04 21:39:32 - DroneController - [INFO] - Requesting data streams...
2026-01-04 21:39:32 - DroneController - [INFO] - Verifying data stream...
2026-01-04 21:39:32 - DroneController - [INFO] - Verifying data stream reception...
2026-01-04 21:39:42 - DroneController - [WARNING] - Missing message types: ['HEARTBEAT', 'GLOBAL_POSITION_INT', 'ATTITUDE', 'SYS_STATUS']
2026-01-04 21:39:42 - DroneController - [ERROR] - ✗ Data stream verification failed
2026-01-04 21:39:42 - DroneController - [WARNING] - Data stream verification failed, retrying...
2026-01-04 21:39:44 - DroneController - [INFO] - Connection attempt 2/3...
2026-01-04 21:39:44 - DroneController - [INFO] - Waiting for heartbeat...
2026-01-04 21:40:14 - DroneController - [INFO] - Heartbeat from system 0, component 0
2026-01-04 21:40:14 - DroneController - [INFO] - Requesting data streams...
2026-01-04 21:40:14 - DroneController - [INFO] - Verifying data stream...
2026-01-04 21:40:14 - DroneController - [INFO] - Verifying data stream reception...
2026-01-04 21:40:24 - DroneController - [WARNING] - Missing message types: ['HEARTBEAT', 'GLOBAL_POSITION_INT', 'ATTITUDE', 'SYS_STATUS']
2026-01-04 21:40:24 - DroneController - [ERROR] - ✗ Data stream verification failed
2026-01-04 21:40:24 - DroneController - [WARNING] - Data stream verification failed, retrying...
2026-01-04 21:40:26 - DroneController - [INFO] - Connection attempt 3/3...
2026-01-04 21:40:26 - DroneController - [INFO] - Waiting for heartbeat...
2026-01-04 21:40:56 - DroneController - [INFO] - Heartbeat from system 0, component 0
2026-01-04 21:40:56 - DroneController - [INFO] - Requesting data streams...
2026-01-04 21:40:56 - DroneController - [INFO] - Verifying data stream...
2026-01-04 21:40:56 - DroneController - [INFO] - Verifying data stream reception...
2026-01-04 21:41:06 - DroneController - [WARNING] - Missing message types: ['HEARTBEAT', 'GLOBAL_POSITION_INT', 'ATTITUDE', 'SYS_STATUS']
2026-01-04 21:41:06 - DroneController - [ERROR] - ✗ Data stream verification failed
2026-01-04 21:41:06 - DroneController - [WARNING] - Data stream verification failed, retrying...
2026-01-04 21:41:08 - DroneController - [ERROR] - Failed to connect after 3 attempts
2026-01-04 21:41:08 - DroneController - [INFO] - Stopping controller...
2026-01-04 21:41:08 - DroneController - [INFO] - Controller stopped
2026-01-04 21:42:28 - DroneController - [INFO] - Mission planner initialized with KML: /Users/trishit_debsharma/Documents/Code/NIDAR/NIDAR/spray_drone/data/JUs.kml
2026-01-04 21:42:28 - DroneController - [INFO] - DroneController initialized
2026-01-04 21:42:28 - DroneController - [INFO] - Geofence mode: polygon
2026-01-04 21:42:28 - DroneController - [INFO] - Connecting to 127.0.0.1:14551
2026-01-04 21:42:28 - DroneController - [INFO] - Connection attempt 1/3...
2026-01-04 21:42:28 - DroneController - [INFO] - Waiting for heartbeat...
2026-01-04 21:42:28 - DroneController - [INFO] - Heartbeat from system 1, component 0
2026-01-04 21:42:28 - DroneController - [INFO] - Requesting data streams...
2026-01-04 21:42:28 - DroneController - [INFO] - Verifying data stream...
2026-01-04 21:42:28 - DroneController - [INFO] - Verifying data stream reception...
2026-01-04 21:42:29 - DroneController - [INFO] - ✓ All critical data streams verified
2026-01-04 21:42:29 - DroneController - [INFO] - Waiting for data streams to initialize...
2026-01-04 21:42:32 - DroneController - [INFO] - State transition: DISCONNECTED -> CONNECTED
2026-01-04 21:42:32 - DroneController - [INFO] - Telemetry log initialized: telemetry/telemetry_20260104_214232.csv
2026-01-04 21:42:32 - DroneController - [INFO] - ✓ Connection established and verified
2026-01-04 21:42:32 - DroneController - [INFO] - Telemetry loop started
2026-01-04 21:42:32 - DroneController - [INFO] - Heartbeat monitor started
2026-01-04 21:42:32 - DroneController - [INFO] - Command processor started
2026-01-04 21:42:32 - DroneController - [INFO] - Mission controller started
2026-01-04 21:42:32 - DroneController - [INFO] - All threads started
2026-01-04 21:42:32 - DroneController - [INFO] - ✓ First telemetry message received
2026-01-04 21:42:32 - DroneController - [INFO] - State transition: CONNECTED -> IDLE
2026-01-04 21:42:34 - DroneController - [INFO] - Loading mission with 5 points
2026-01-04 21:42:34 - DroneController - [INFO] - Starting position: lat=22.498041, lon=88.372440
2026-01-04 21:42:34 - DroneController - [INFO] - Mission validated: 5 waypoints
2026-01-04 21:42:34 - DroneController - [INFO] - Return home waypoint added: (22.498022, 88.372386)
2026-01-04 21:42:34 - DroneController - [INFO] - Starting arm and takeoff to 3.0m
2026-01-04 21:42:34 - DroneController - [INFO] - Using polygon geofence from KML
2026-01-04 21:42:34 - DroneController - [INFO] - Setting mode to GUIDED (attempt 1)
2026-01-04 21:42:35 - DroneController - [INFO] - Mode changed to GUIDED
2026-01-04 21:42:35 - DroneController - [INFO] - State transition: IDLE -> ARMING
2026-01-04 21:42:35 - DroneController - [INFO] - Waiting for drone to become armable...
2026-01-04 21:42:35 - DroneController - [INFO] - ✓ Drone is armable
2026-01-04 21:42:35 - DroneController - [INFO] - Arming attempt 1/3
2026-01-04 21:42:35 - DroneController - [INFO] - Armed successfully
2026-01-04 21:42:35 - DroneController - [INFO] - State transition: ARMING -> ARMED
2026-01-04 21:42:35 - DroneController - [INFO] - State transition: ARMED -> TAKING_OFF
2026-01-04 21:42:35 - DroneController - [INFO] - Takeoff attempt 1/3
2026-01-04 21:42:35 - DroneController - [INFO] - Takeoff command accepted
2026-01-04 21:42:41 - DroneController - [INFO] - Target altitude reached: 2.39m
2026-01-04 21:42:41 - DroneController - [INFO] - Arm and takeoff complete
2026-01-04 21:42:41 - DroneController - [ERROR] - Drone must be armed and at altitude
2026-01-04 21:42:41 - DroneController - [INFO] - Stopping controller...
2026-01-04 21:42:41 - DroneController - [INFO] - Telemetry loop stopped. Total messages: 1681
2026-01-04 21:42:41 - DroneController - [INFO] - Message type distribution: {'AHRS': 45, 'AHRS2': 72, 'ATTITUDE': 72, 'BATTERY_STATUS': 44, 'COMMAND_ACK': 4, 'EKF_STATUS_REPORT': 44, 'ESC_TELEMETRY_1_TO_4': 72, 'ESC_TELEMETRY_5_TO_8': 72, 'EXTENDED_SYS_STATE': 13, 'GLOBAL_POSITION_INT': 78, 'GPS_GLOBAL_ORIGIN': 1, 'GPS_RAW_INT': 58, 'HEARTBEAT': 13, 'HOME_POSITION': 14, 'LOCAL_POSITION_NED': 78, 'MEMINFO': 58, 'MISSION_CURRENT': 58, 'NAV_CONTROLLER_OUTPUT': 58, 'PARAM_VALUE': 1, 'POWER_STATUS': 58, 'RAW_IMU': 49, 'RC_CHANNELS': 67, 'SCALED_IMU2': 49, 'SCALED_IMU3': 49, 'SCALED_PRESSURE': 49, 'SCALED_PRESSURE2': 49, 'SERVO_OUTPUT_RAW': 67, 'SIMSTATE': 72, 'STATUSTEXT': 1, 'SYSTEM_TIME': 44, 'SYS_STATUS': 58, 'TERRAIN_REPORT': 44, 'TERRAIN_REQUEST': 6, 'TIMESYNC': 1, 'UNKNOWN_437': 3, 'VFR_HUD': 72, 'VIBRATION': 44, 'WIND': 44}
2026-01-04 21:42:41 - DroneController - [INFO] - Mission controller stopped
2026-01-04 21:42:41 - DroneController - [INFO] - Command processor stopped
2026-01-04 21:42:42 - DroneController - [INFO] - Heartbeat monitor stopped
2026-01-04 21:42:42 - DroneController - [INFO] - Controller stopped
2026-01-04 21:46:07 - DroneController - [INFO] - Mission planner initialized with KML: /Users/trishit_debsharma/Documents/Code/NIDAR/NIDAR/spray_drone/data/JUs.kml
2026-01-04 21:46:07 - DroneController - [INFO] - DroneController initialized
2026-01-04 21:46:07 - DroneController - [INFO] - Geofence mode: polygon
2026-01-04 21:46:07 - DroneController - [INFO] - Connecting to 127.0.0.1:14551
2026-01-04 21:46:07 - DroneController - [INFO] - Connection attempt 1/3...
2026-01-04 21:46:07 - DroneController - [INFO] - Waiting for heartbeat...
2026-01-04 21:46:08 - DroneController - [INFO] - Heartbeat from system 1, component 0
2026-01-04 21:46:08 - DroneController - [INFO] - Requesting data streams...
2026-01-04 21:46:08 - DroneController - [INFO] - Verifying data stream...
2026-01-04 21:46:08 - DroneController - [INFO] - Verifying data stream reception...
2026-01-04 21:46:09 - DroneController - [INFO] - ✓ All critical data streams verified
2026-01-04 21:46:09 - DroneController - [INFO] - Waiting for data streams to initialize...
2026-01-04 21:46:12 - DroneController - [INFO] - State transition: DISCONNECTED -> CONNECTED
2026-01-04 21:46:12 - DroneController - [INFO] - Telemetry log initialized: telemetry/telemetry_20260104_214612.csv
2026-01-04 21:46:12 - DroneController - [INFO] - ✓ Connection established and verified
2026-01-04 21:46:12 - DroneController - [INFO] - Telemetry loop started
2026-01-04 21:46:12 - DroneController - [INFO] - ✓ First telemetry message received
2026-01-04 21:46:12 - DroneController - [INFO] - Heartbeat monitor started
2026-01-04 21:46:12 - DroneController - [INFO] - Command processor started
2026-01-04 21:46:12 - DroneController - [INFO] - Mission controller started
2026-01-04 21:46:12 - DroneController - [INFO] - All threads started
2026-01-04 21:46:12 - DroneController - [INFO] - State transition: CONNECTED -> IDLE
2026-01-04 21:46:14 - DroneController - [INFO] - Loading mission with 5 points
2026-01-04 21:46:14 - DroneController - [INFO] - Starting position: lat=22.498041, lon=88.372439
2026-01-04 21:46:14 - DroneController - [INFO] - Mission validated: 5 waypoints
2026-01-04 21:46:14 - DroneController - [INFO] - Return home waypoint added: (22.498022, 88.372386)
2026-01-04 21:46:14 - DroneController - [INFO] - Starting arm and takeoff to 3.0m
2026-01-04 21:46:14 - DroneController - [INFO] - Using polygon geofence from KML
2026-01-04 21:46:14 - DroneController - [INFO] - Setting mode to GUIDED (attempt 1)
2026-01-04 21:46:15 - DroneController - [INFO] - Mode changed to GUIDED
2026-01-04 21:46:15 - DroneController - [INFO] - State transition: IDLE -> ARMING
2026-01-04 21:46:15 - DroneController - [INFO] - Waiting for drone to become armable...
2026-01-04 21:46:15 - DroneController - [INFO] - ✓ Drone is armable
2026-01-04 21:46:15 - DroneController - [INFO] - Arming attempt 1/3
2026-01-04 21:46:15 - DroneController - [INFO] - Armed successfully
2026-01-04 21:46:15 - DroneController - [INFO] - State transition: ARMING -> ARMED
2026-01-04 21:46:15 - DroneController - [INFO] - State transition: ARMED -> TAKING_OFF
2026-01-04 21:46:15 - DroneController - [INFO] - Takeoff attempt 1/3
2026-01-04 21:46:15 - DroneController - [INFO] - Takeoff command accepted
2026-01-04 21:46:21 - DroneController - [INFO] - Target altitude reached: 2.45m
2026-01-04 21:46:21 - DroneController - [INFO] - Arm and takeoff complete
2026-01-04 21:46:21 - DroneController - [INFO] - State transition: TAKING_OFF -> ARMED
2026-01-04 21:46:21 - DroneController - [INFO] - Starting mission with 6 waypoints
2026-01-04 21:46:21 - DroneController - [INFO] - State transition: ARMED -> MISSION_ACTIVE
2026-01-04 21:46:21 - DroneController - [INFO] - Sending waypoint: (22.498022, 88.372386, 3.00)
2026-01-04 21:46:21 - DroneController - [ERROR] - Geofence violation: Outside polygon boundary: (22.498041, 88.372439)
2026-01-04 21:46:21 - DroneController - [CRITICAL] - Emergency RTL triggered
2026-01-04 21:46:21 - DroneController - [INFO] - State transition: MISSION_ACTIVE -> RETURNING_HOME
2026-01-04 21:46:21 - DroneController - [INFO] - Setting mode to RTL (attempt 1)
2026-01-04 21:46:22 - DroneController - [INFO] - Telemetry: 5601 msgs | GPS: (22.498041, 88.372439, 3.04m) | Battery: 61% | Mode: RTL
2026-01-04 21:46:22 - DroneController - [INFO] - Mode changed to RTL
2026-01-04 21:46:22 - DroneController - [INFO] - RTL in progress
2026-01-04 21:46:22 - DroneController - [ERROR] - Geofence violation: Outside polygon boundary: (22.498041, 88.372439)
2026-01-04 21:46:22 - DroneController - [CRITICAL] - Emergency RTL triggered
2026-01-04 21:46:22 - DroneController - [INFO] - State transition: RETURNING_HOME -> RETURNING_HOME
2026-01-04 21:46:22 - DroneController - [INFO] - Setting mode to RTL (attempt 1)
2026-01-04 21:46:23 - DroneController - [INFO] - Mode changed to RTL
2026-01-04 21:46:23 - DroneController - [INFO] - RTL in progress
2026-01-04 21:46:23 - DroneController - [ERROR] - Geofence violation: Outside polygon boundary: (22.498041, 88.372439)
2026-01-04 21:46:23 - DroneController - [CRITICAL] - Emergency RTL triggered
2026-01-04 21:46:23 - DroneController - [INFO] - State transition: RETURNING_HOME -> RETURNING_HOME
2026-01-04 21:46:23 - DroneController - [INFO] - Setting mode to RTL (attempt 1)
2026-01-04 21:46:24 - DroneController - [INFO] - Mode changed to RTL
2026-01-04 21:46:24 - DroneController - [INFO] - RTL in progress
2026-01-04 21:46:24 - DroneController - [ERROR] - Geofence violation: Outside polygon boundary: (22.498041, 88.372439)
2026-01-04 21:46:24 - DroneController - [CRITICAL] - Emergency RTL triggered
2026-01-04 21:46:24 - DroneController - [INFO] - State transition: RETURNING_HOME -> RETURNING_HOME
2026-01-04 21:46:24 - DroneController - [INFO] - Setting mode to RTL (attempt 1)
2026-01-04 21:46:25 - DroneController - [INFO] - Mode changed to RTL
2026-01-04 21:46:25 - DroneController - [INFO] - RTL in progress
2026-01-04 21:46:25 - DroneController - [ERROR] - Geofence violation: Outside polygon boundary: (22.498041, 88.372439)
2026-01-04 21:46:25 - DroneController - [CRITICAL] - Emergency RTL triggered
2026-01-04 21:46:25 - DroneController - [INFO] - State transition: RETURNING_HOME -> RETURNING_HOME
2026-01-04 21:46:25 - DroneController - [INFO] - Setting mode to RTL (attempt 1)
2026-01-04 21:46:26 - DroneController - [INFO] - Mode changed to RTL
2026-01-04 21:46:26 - DroneController - [INFO] - RTL in progress
2026-01-04 21:46:26 - DroneController - [ERROR] - Geofence violation: Outside polygon boundary: (22.498041, 88.372439)
2026-01-04 21:46:26 - DroneController - [CRITICAL] - Emergency RTL triggered
2026-01-04 21:46:26 - DroneController - [INFO] - State transition: RETURNING_HOME -> RETURNING_HOME
2026-01-04 21:46:26 - DroneController - [INFO] - Setting mode to RTL (attempt 1)
2026-01-04 21:46:27 - DroneController - [INFO] - Mode changed to RTL
2026-01-04 21:46:27 - DroneController - [INFO] - RTL in progress
2026-01-04 21:46:27 - DroneController - [ERROR] - Geofence violation: Outside polygon boundary: (22.498041, 88.372439)
2026-01-04 21:46:27 - DroneController - [CRITICAL] - Emergency RTL triggered
2026-01-04 21:46:27 - DroneController - [INFO] - State transition: RETURNING_HOME -> RETURNING_HOME
2026-01-04 21:46:27 - DroneController - [INFO] - Setting mode to RTL (attempt 1)
2026-01-04 21:46:28 - DroneController - [INFO] - Mode changed to RTL
2026-01-04 21:46:28 - DroneController - [INFO] - RTL in progress
2026-01-04 21:46:28 - DroneController - [ERROR] - Geofence violation: Outside polygon boundary: (22.498041, 88.372439)
2026-01-04 21:46:28 - DroneController - [CRITICAL] - Emergency RTL triggered
2026-01-04 21:46:28 - DroneController - [INFO] - State transition: RETURNING_HOME -> RETURNING_HOME
2026-01-04 21:46:28 - DroneController - [INFO] - Setting mode to RTL (attempt 1)
2026-01-04 21:46:29 - DroneController - [INFO] - Mode changed to RTL
2026-01-04 21:46:29 - DroneController - [INFO] - RTL in progress
2026-01-04 21:46:29 - DroneController - [ERROR] - Geofence violation: Outside polygon boundary: (22.498041, 88.372439)
2026-01-04 21:46:29 - DroneController - [CRITICAL] - Emergency RTL triggered
2026-01-04 21:46:29 - DroneController - [INFO] - State transition: RETURNING_HOME -> RETURNING_HOME
2026-01-04 21:46:29 - DroneController - [INFO] - Setting mode to RTL (attempt 1)
2026-01-04 21:46:30 - DroneController - [INFO] - Mode changed to RTL
2026-01-04 21:46:30 - DroneController - [INFO] - RTL in progress
2026-01-04 21:46:30 - DroneController - [ERROR] - Geofence violation: Outside polygon boundary: (22.498041, 88.372439)
2026-01-04 21:46:30 - DroneController - [CRITICAL] - Emergency RTL triggered
2026-01-04 21:46:30 - DroneController - [INFO] - State transition: RETURNING_HOME -> RETURNING_HOME
2026-01-04 21:46:30 - DroneController - [INFO] - Setting mode to RTL (attempt 1)
2026-01-04 21:46:31 - DroneController - [INFO] - Mode changed to RTL
2026-01-04 21:46:31 - DroneController - [INFO] - RTL in progress
2026-01-04 21:46:31 - DroneController - [ERROR] - Geofence violation: Outside polygon boundary: (22.498041, 88.372439)
2026-01-04 21:46:31 - DroneController - [CRITICAL] - Emergency RTL triggered
2026-01-04 21:46:31 - DroneController - [INFO] - State transition: RETURNING_HOME -> RETURNING_HOME
2026-01-04 21:46:31 - DroneController - [INFO] - Setting mode to RTL (attempt 1)
2026-01-04 21:46:32 - DroneController - [INFO] - Telemetry: 6786 msgs | GPS: (22.498041, 88.372439, 1.86m) | Battery: 59% | Mode: RTL
2026-01-04 21:46:32 - DroneController - [INFO] - Mode changed to RTL
2026-01-04 21:46:32 - DroneController - [INFO] - RTL in progress
2026-01-04 21:46:32 - DroneController - [ERROR] - Geofence violation: Outside polygon boundary: (22.498041, 88.372439)
2026-01-04 21:46:32 - DroneController - [CRITICAL] - Emergency RTL triggered
2026-01-04 21:46:32 - DroneController - [INFO] - State transition: RETURNING_HOME -> RETURNING_HOME
2026-01-04 21:46:32 - DroneController - [INFO] - Setting mode to RTL (attempt 1)
2026-01-04 21:46:33 - DroneController - [INFO] - Mode changed to RTL
2026-01-04 21:46:33 - DroneController - [INFO] - RTL in progress
2026-01-04 21:46:33 - DroneController - [ERROR] - Geofence violation: Outside polygon boundary: (22.498041, 88.372439)
2026-01-04 21:46:33 - DroneController - [CRITICAL] - Emergency RTL triggered
2026-01-04 21:46:33 - DroneController - [INFO] - State transition: RETURNING_HOME -> RETURNING_HOME
2026-01-04 21:46:33 - DroneController - [INFO] - Setting mode to RTL (attempt 1)
2026-01-04 21:46:34 - DroneController - [INFO] - Mode changed to RTL
2026-01-04 21:46:34 - DroneController - [INFO] - RTL in progress
2026-01-04 21:46:34 - DroneController - [ERROR] - Geofence violation: Outside polygon boundary: (22.498041, 88.372439)
2026-01-04 21:46:34 - DroneController - [CRITICAL] - Emergency RTL triggered
2026-01-04 21:46:34 - DroneController - [INFO] - State transition: RETURNING_HOME -> RETURNING_HOME
2026-01-04 21:46:34 - DroneController - [INFO] - Setting mode to RTL (attempt 1)
2026-01-04 21:46:35 - DroneController - [INFO] - Mode changed to RTL
2026-01-04 21:46:35 - DroneController - [INFO] - RTL in progress
2026-01-04 21:46:35 - DroneController - [ERROR] - Geofence violation: Altitude too low: 0.36m < 0.5m
2026-01-04 21:46:35 - DroneController - [CRITICAL] - Emergency RTL triggered
2026-01-04 21:46:35 - DroneController - [INFO] - State transition: RETURNING_HOME -> RETURNING_HOME
2026-01-04 21:46:35 - DroneController - [INFO] - Setting mode to RTL (attempt 1)
2026-01-04 21:46:36 - DroneController - [INFO] - Mode changed to RTL
2026-01-04 21:46:36 - DroneController - [INFO] - RTL in progress
2026-01-04 21:46:36 - DroneController - [ERROR] - Geofence violation: Altitude too low: -0.02m < 0.5m
2026-01-04 21:46:36 - DroneController - [CRITICAL] - Emergency RTL triggered
2026-01-04 21:46:36 - DroneController - [INFO] - State transition: RETURNING_HOME -> RETURNING_HOME
2026-01-04 21:46:36 - DroneController - [INFO] - Setting mode to RTL (attempt 1)
2026-01-04 21:46:37 - DroneController - [INFO] - Mode changed to RTL
2026-01-04 21:46:37 - DroneController - [INFO] - RTL in progress
2026-01-04 21:46:37 - DroneController - [ERROR] - Geofence violation: Altitude too low: -0.01m < 0.5m
2026-01-04 21:46:37 - DroneController - [CRITICAL] - Emergency RTL triggered
2026-01-04 21:46:37 - DroneController - [INFO] - State transition: RETURNING_HOME -> RETURNING_HOME
2026-01-04 21:46:37 - DroneController - [INFO] - Setting mode to RTL (attempt 1)
2026-01-04 21:46:38 - DroneController - [INFO] - Mode changed to RTL
2026-01-04 21:46:38 - DroneController - [INFO] - RTL in progress
2026-01-04 21:46:38 - DroneController - [ERROR] - Geofence violation: Altitude too low: -0.00m < 0.5m
2026-01-04 21:46:38 - DroneController - [CRITICAL] - Emergency RTL triggered
2026-01-04 21:46:38 - DroneController - [INFO] - State transition: RETURNING_HOME -> RETURNING_HOME
2026-01-04 21:46:38 - DroneController - [INFO] - Setting mode to RTL (attempt 1)
2026-01-04 21:46:39 - DroneController - [INFO] - Mode changed to RTL
2026-01-04 21:46:39 - DroneController - [INFO] - RTL in progress
2026-01-04 21:46:39 - DroneController - [ERROR] - Geofence violation: Altitude too low: 0.00m < 0.5m
2026-01-04 21:46:39 - DroneController - [CRITICAL] - Emergency RTL triggered
2026-01-04 21:46:39 - DroneController - [INFO] - State transition: RETURNING_HOME -> RETURNING_HOME
2026-01-04 21:46:39 - DroneController - [INFO] - Setting mode to RTL (attempt 1)
2026-01-04 21:46:40 - DroneController - [INFO] - Mode changed to RTL
2026-01-04 21:46:40 - DroneController - [INFO] - RTL in progress
2026-01-04 21:46:40 - DroneController - [ERROR] - Geofence violation: Altitude too low: 0.00m < 0.5m
2026-01-04 21:46:40 - DroneController - [CRITICAL] - Emergency RTL triggered
2026-01-04 21:46:40 - DroneController - [INFO] - State transition: RETURNING_HOME -> RETURNING_HOME
2026-01-04 21:46:40 - DroneController - [INFO] - Setting mode to RTL (attempt 1)
2026-01-04 21:46:41 - DroneController - [INFO] - Mode changed to RTL
2026-01-04 21:46:41 - DroneController - [INFO] - RTL in progress
2026-01-04 21:46:41 - DroneController - [ERROR] - Geofence violation: Altitude too low: 0.00m < 0.5m
2026-01-04 21:46:41 - DroneController - [CRITICAL] - Emergency RTL triggered
2026-01-04 21:46:41 - DroneController - [INFO] - State transition: RETURNING_HOME -> RETURNING_HOME
2026-01-04 21:46:41 - DroneController - [INFO] - Setting mode to RTL (attempt 1)
2026-01-04 21:46:42 - DroneController - [INFO] - Telemetry: 7946 msgs | GPS: (22.498041, 88.372439, 0.00m) | Battery: 58% | Mode: RTL
2026-01-04 21:46:42 - DroneController - [INFO] - Mode changed to RTL
2026-01-04 21:46:42 - DroneController - [INFO] - RTL in progress
2026-01-04 21:46:42 - DroneController - [ERROR] - Geofence violation: Altitude too low: 0.00m < 0.5m
2026-01-04 21:46:42 - DroneController - [CRITICAL] - Emergency RTL triggered
2026-01-04 21:46:42 - DroneController - [INFO] - State transition: RETURNING_HOME -> RETURNING_HOME
2026-01-04 21:46:42 - DroneController - [INFO] - Setting mode to RTL (attempt 1)
2026-01-04 21:46:43 - DroneController - [INFO] - Mode changed to RTL
2026-01-04 21:46:43 - DroneController - [INFO] - RTL in progress
2026-01-04 21:46:43 - DroneController - [ERROR] - Geofence violation: Altitude too low: 0.00m < 0.5m
2026-01-04 21:46:43 - DroneController - [CRITICAL] - Emergency RTL triggered
2026-01-04 21:46:43 - DroneController - [INFO] - State transition: RETURNING_HOME -> RETURNING_HOME
2026-01-04 21:46:43 - DroneController - [INFO] - Setting mode to RTL (attempt 1)
2026-01-04 21:46:44 - DroneController - [INFO] - Mode changed to RTL
2026-01-04 21:46:44 - DroneController - [INFO] - RTL in progress
2026-01-04 21:46:44 - DroneController - [ERROR] - Geofence violation: Altitude too low: 0.00m < 0.5m
2026-01-04 21:46:44 - DroneController - [CRITICAL] - Emergency RTL triggered
2026-01-04 21:46:44 - DroneController - [INFO] - State transition: RETURNING_HOME -> RETURNING_HOME
2026-01-04 21:46:44 - DroneController - [INFO] - Setting mode to RTL (attempt 1)
2026-01-04 21:46:45 - DroneController - [INFO] - Mode changed to RTL
2026-01-04 21:46:45 - DroneController - [INFO] - RTL in progress
2026-01-04 21:46:45 - DroneController - [ERROR] - Geofence violation: Altitude too low: 0.00m < 0.5m
2026-01-04 21:46:45 - DroneController - [CRITICAL] - Emergency RTL triggered
2026-01-04 21:46:45 - DroneController - [INFO] - State transition: RETURNING_HOME -> RETURNING_HOME
2026-01-04 21:46:45 - DroneController - [INFO] - Setting mode to RTL (attempt 1)
2026-01-04 21:46:46 - DroneController - [INFO] - Mode changed to RTL
2026-01-04 21:46:46 - DroneController - [INFO] - RTL in progress
2026-01-04 21:46:46 - DroneController - [ERROR] - Geofence violation: Altitude too low: 0.00m < 0.5m
2026-01-04 21:46:46 - DroneController - [CRITICAL] - Emergency RTL triggered
2026-01-04 21:46:46 - DroneController - [INFO] - State transition: RETURNING_HOME -> RETURNING_HOME
2026-01-04 21:46:46 - DroneController - [INFO] - Setting mode to RTL (attempt 1)
2026-01-04 21:46:47 - DroneController - [INFO] - Mode changed to RTL
2026-01-04 21:46:47 - DroneController - [INFO] - RTL in progress
2026-01-04 21:46:47 - DroneController - [ERROR] - Geofence violation: Altitude too low: 0.00m < 0.5m
2026-01-04 21:46:47 - DroneController - [CRITICAL] - Emergency RTL triggered
2026-01-04 21:46:47 - DroneController - [INFO] - State transition: RETURNING_HOME -> RETURNING_HOME
2026-01-04 21:46:47 - DroneController - [INFO] - Setting mode to RTL (attempt 1)
2026-01-04 21:46:48 - DroneController - [INFO] - Mode changed to RTL
2026-01-04 21:46:48 - DroneController - [INFO] - RTL in progress
2026-01-04 21:46:48 - DroneController - [ERROR] - Geofence violation: Altitude too low: 0.00m < 0.5m
2026-01-04 21:46:48 - DroneController - [CRITICAL] - Emergency RTL triggered
2026-01-04 21:46:48 - DroneController - [INFO] - State transition: RETURNING_HOME -> RETURNING_HOME
2026-01-04 21:46:48 - DroneController - [INFO] - Setting mode to RTL (attempt 1)
2026-01-04 21:46:49 - DroneController - [INFO] - Mode changed to RTL
2026-01-04 21:46:49 - DroneController - [INFO] - RTL in progress
2026-01-04 21:46:49 - DroneController - [ERROR] - Geofence violation: Altitude too low: 0.00m < 0.5m
2026-01-04 21:46:49 - DroneController - [CRITICAL] - Emergency RTL triggered
2026-01-04 21:46:49 - DroneController - [INFO] - State transition: RETURNING_HOME -> RETURNING_HOME
2026-01-04 21:46:49 - DroneController - [INFO] - Setting mode to RTL (attempt 1)
2026-01-04 21:46:50 - DroneController - [INFO] - Mode changed to RTL
2026-01-04 21:46:50 - DroneController - [INFO] - RTL in progress
2026-01-04 21:46:50 - DroneController - [ERROR] - Geofence violation: Altitude too low: 0.00m < 0.5m
2026-01-04 21:46:50 - DroneController - [CRITICAL] - Emergency RTL triggered
2026-01-04 21:46:50 - DroneController - [INFO] - State transition: RETURNING_HOME -> RETURNING_HOME
2026-01-04 21:46:50 - DroneController - [INFO] - Setting mode to RTL (attempt 1)
2026-01-04 21:46:51 - DroneController - [INFO] - Mode changed to RTL
2026-01-04 21:46:51 - DroneController - [INFO] - RTL in progress
2026-01-04 21:46:51 - DroneController - [ERROR] - Geofence violation: Altitude too low: 0.00m < 0.5m
2026-01-04 21:46:51 - DroneController - [CRITICAL] - Emergency RTL triggered
2026-01-04 21:46:51 - DroneController - [INFO] - State transition: RETURNING_HOME -> RETURNING_HOME
2026-01-04 21:46:51 - DroneController - [INFO] - Setting mode to RTL (attempt 1)
2026-01-04 21:46:52 - DroneController - [INFO] - Telemetry: 9099 msgs | GPS: (22.498041, 88.372439, 0.00m) | Battery: 58% | Mode: RTL
2026-01-04 21:46:52 - DroneController - [INFO] - Mode changed to RTL
2026-01-04 21:46:52 - DroneController - [INFO] - RTL in progress
2026-01-04 21:46:52 - DroneController - [ERROR] - Geofence violation: Altitude too low: 0.00m < 0.5m
2026-01-04 21:46:52 - DroneController - [CRITICAL] - Emergency RTL triggered
2026-01-04 21:46:52 - DroneController - [INFO] - State transition: RETURNING_HOME -> RETURNING_HOME
2026-01-04 21:46:52 - DroneController - [INFO] - Setting mode to RTL (attempt 1)
2026-01-04 21:46:53 - DroneController - [INFO] - Mode changed to RTL
2026-01-04 21:46:53 - DroneController - [INFO] - RTL in progress
2026-01-04 21:46:53 - DroneController - [ERROR] - Geofence violation: Altitude too low: 0.00m < 0.5m
2026-01-04 21:46:53 - DroneController - [CRITICAL] - Emergency RTL triggered
2026-01-04 21:46:53 - DroneController - [INFO] - State transition: RETURNING_HOME -> RETURNING_HOME
2026-01-04 21:46:53 - DroneController - [INFO] - Setting mode to RTL (attempt 1)
2026-01-04 21:46:54 - DroneController - [INFO] - Mode changed to RTL
2026-01-04 21:46:54 - DroneController - [INFO] - RTL in progress
2026-01-04 21:46:54 - DroneController - [ERROR] - Geofence violation: Altitude too low: 0.00m < 0.5m
2026-01-04 21:46:54 - DroneController - [CRITICAL] - Emergency RTL triggered
2026-01-04 21:46:54 - DroneController - [INFO] - State transition: RETURNING_HOME -> RETURNING_HOME
2026-01-04 21:46:54 - DroneController - [INFO] - Setting mode to RTL (attempt 1)
2026-01-04 21:46:55 - DroneController - [INFO] - Mode changed to RTL
2026-01-04 21:46:55 - DroneController - [INFO] - RTL in progress
2026-01-04 21:46:55 - DroneController - [ERROR] - Geofence violation: Altitude too low: 0.00m < 0.5m
2026-01-04 21:46:55 - DroneController - [CRITICAL] - Emergency RTL triggered
2026-01-04 21:46:55 - DroneController - [INFO] - State transition: RETURNING_HOME -> RETURNING_HOME
2026-01-04 21:46:55 - DroneController - [INFO] - Setting mode to RTL (attempt 1)
2026-01-04 21:46:56 - DroneController - [INFO] - Mode changed to RTL
2026-01-04 21:46:56 - DroneController - [INFO] - RTL in progress
2026-01-04 21:46:56 - DroneController - [ERROR] - Geofence violation: Altitude too low: 0.00m < 0.5m
2026-01-04 21:46:56 - DroneController - [CRITICAL] - Emergency RTL triggered
2026-01-04 21:46:56 - DroneController - [INFO] - State transition: RETURNING_HOME -> RETURNING_HOME
2026-01-04 21:46:56 - DroneController - [INFO] - Setting mode to RTL (attempt 1)
2026-01-04 21:46:57 - DroneController - [INFO] - Mode changed to RTL
2026-01-04 21:46:57 - DroneController - [INFO] - RTL in progress
2026-01-04 21:46:57 - DroneController - [ERROR] - Geofence violation: Altitude too low: 0.00m < 0.5m
2026-01-04 21:46:57 - DroneController - [CRITICAL] - Emergency RTL triggered
2026-01-04 21:46:57 - DroneController - [INFO] - State transition: RETURNING_HOME -> RETURNING_HOME
2026-01-04 21:46:57 - DroneController - [INFO] - Setting mode to RTL (attempt 1)
2026-01-04 21:46:58 - DroneController - [INFO] - Mode changed to RTL
2026-01-04 21:46:58 - DroneController - [INFO] - RTL in progress
2026-01-04 21:46:58 - DroneController - [ERROR] - Geofence violation: Altitude too low: 0.00m < 0.5m
2026-01-04 21:46:58 - DroneController - [CRITICAL] - Emergency RTL triggered
2026-01-04 21:46:58 - DroneController - [INFO] - State transition: RETURNING_HOME -> RETURNING_HOME
2026-01-04 21:46:58 - DroneController - [INFO] - Setting mode to RTL (attempt 1)
2026-01-04 21:46:59 - DroneController - [INFO] - Mode changed to RTL
2026-01-04 21:46:59 - DroneController - [INFO] - RTL in progress
2026-01-04 21:46:59 - DroneController - [ERROR] - Geofence violation: Altitude too low: 0.00m < 0.5m
2026-01-04 21:46:59 - DroneController - [CRITICAL] - Emergency RTL triggered
2026-01-04 21:46:59 - DroneController - [INFO] - State transition: RETURNING_HOME -> RETURNING_HOME
2026-01-04 21:46:59 - DroneController - [INFO] - Setting mode to RTL (attempt 1)
2026-01-04 21:47:00 - DroneController - [INFO] - Mode changed to RTL
2026-01-04 21:47:00 - DroneController - [INFO] - RTL in progress
2026-01-04 21:47:00 - DroneController - [ERROR] - Geofence violation: Altitude too low: 0.00m < 0.5m
2026-01-04 21:47:00 - DroneController - [CRITICAL] - Emergency RTL triggered
2026-01-04 21:47:00 - DroneController - [INFO] - State transition: RETURNING_HOME -> RETURNING_HOME
2026-01-04 21:47:00 - DroneController - [INFO] - Setting mode to RTL (attempt 1)
2026-01-04 21:47:01 - DroneController - [INFO] - Mode changed to RTL
2026-01-04 21:47:01 - DroneController - [INFO] - RTL in progress
2026-01-04 21:47:01 - DroneController - [ERROR] - Geofence violation: Altitude too low: 0.00m < 0.5m
2026-01-04 21:47:01 - DroneController - [CRITICAL] - Emergency RTL triggered
2026-01-04 21:47:01 - DroneController - [INFO] - State transition: RETURNING_HOME -> RETURNING_HOME
2026-01-04 21:47:01 - DroneController - [INFO] - Setting mode to RTL (attempt 1)
2026-01-04 21:47:02 - DroneController - [INFO] - Telemetry: 10254 msgs | GPS: (22.498041, 88.372439, 0.00m) | Battery: 58% | Mode: RTL
2026-01-04 21:47:02 - DroneController - [INFO] - Mode changed to RTL
2026-01-04 21:47:02 - DroneController - [INFO] - RTL in progress
2026-01-04 21:47:02 - DroneController - [ERROR] - Geofence violation: Altitude too low: 0.00m < 0.5m
2026-01-04 21:47:02 - DroneController - [CRITICAL] - Emergency RTL triggered
2026-01-04 21:47:02 - DroneController - [INFO] - State transition: RETURNING_HOME -> RETURNING_HOME
2026-01-04 21:47:02 - DroneController - [INFO] - Setting mode to RTL (attempt 1)
2026-01-04 21:47:03 - DroneController - [INFO] - Mode changed to RTL
2026-01-04 21:47:03 - DroneController - [INFO] - RTL in progress
2026-01-04 21:47:03 - DroneController - [ERROR] - Geofence violation: Altitude too low: 0.00m < 0.5m
2026-01-04 21:47:03 - DroneController - [CRITICAL] - Emergency RTL triggered
2026-01-04 21:47:03 - DroneController - [INFO] - State transition: RETURNING_HOME -> RETURNING_HOME
2026-01-04 21:47:03 - DroneController - [INFO] - Setting mode to RTL (attempt 1)
2026-01-04 21:47:04 - DroneController - [INFO] - Mode changed to RTL
2026-01-04 21:47:04 - DroneController - [INFO] - RTL in progress
2026-01-04 21:47:04 - DroneController - [ERROR] - Geofence violation: Altitude too low: 0.00m < 0.5m
2026-01-04 21:47:04 - DroneController - [CRITICAL] - Emergency RTL triggered
2026-01-04 21:47:04 - DroneController - [INFO] - State transition: RETURNING_HOME -> RETURNING_HOME
2026-01-04 21:47:04 - DroneController - [INFO] - Setting mode to RTL (attempt 1)
2026-01-04 21:47:05 - DroneController - [INFO] - Mode changed to RTL
2026-01-04 21:47:05 - DroneController - [INFO] - RTL in progress
2026-01-04 21:47:05 - DroneController - [ERROR] - Geofence violation: Altitude too low: 0.00m < 0.5m
2026-01-04 21:47:05 - DroneController - [CRITICAL] - Emergency RTL triggered
2026-01-04 21:47:05 - DroneController - [INFO] - State transition: RETURNING_HOME -> RETURNING_HOME
2026-01-04 21:47:05 - DroneController - [INFO] - Setting mode to RTL (attempt 1)
2026-01-04 21:47:06 - DroneController - [INFO] - Mode changed to RTL
2026-01-04 21:47:06 - DroneController - [INFO] - RTL in progress
2026-01-04 21:47:06 - DroneController - [ERROR] - Geofence violation: Altitude too low: 0.00m < 0.5m
2026-01-04 21:47:06 - DroneController - [CRITICAL] - Emergency RTL triggered
2026-01-04 21:47:06 - DroneController - [INFO] - State transition: RETURNING_HOME -> RETURNING_HOME
2026-01-04 21:47:06 - DroneController - [INFO] - Setting mode to RTL (attempt 1)
2026-01-04 21:47:07 - DroneController - [INFO] - Mode changed to RTL
2026-01-04 21:47:07 - DroneController - [INFO] - RTL in progress
2026-01-04 21:47:07 - DroneController - [ERROR] - Geofence violation: Altitude too low: 0.00m < 0.5m
2026-01-04 21:47:07 - DroneController - [CRITICAL] - Emergency RTL triggered
2026-01-04 21:47:07 - DroneController - [INFO] - State transition: RETURNING_HOME -> RETURNING_HOME
2026-01-04 21:47:07 - DroneController - [INFO] - Setting mode to RTL (attempt 1)
2026-01-04 21:47:08 - DroneController - [INFO] - Mode changed to RTL
2026-01-04 21:47:08 - DroneController - [INFO] - RTL in progress
2026-01-04 21:47:08 - DroneController - [ERROR] - Geofence violation: Altitude too low: 0.00m < 0.5m
2026-01-04 21:47:08 - DroneController - [CRITICAL] - Emergency RTL triggered
2026-01-04 21:47:08 - DroneController - [INFO] - State transition: RETURNING_HOME -> RETURNING_HOME
2026-01-04 21:47:08 - DroneController - [INFO] - Setting mode to RTL (attempt 1)
2026-01-04 21:47:09 - DroneController - [INFO] - Mode changed to RTL
2026-01-04 21:47:09 - DroneController - [INFO] - RTL in progress
2026-01-04 21:47:09 - DroneController - [ERROR] - Geofence violation: Altitude too low: 0.00m < 0.5m
2026-01-04 21:47:09 - DroneController - [CRITICAL] - Emergency RTL triggered
2026-01-04 21:47:09 - DroneController - [INFO] - State transition: RETURNING_HOME -> RETURNING_HOME
2026-01-04 21:47:09 - DroneController - [INFO] - Setting mode to RTL (attempt 1)
2026-01-04 21:47:10 - DroneController - [INFO] - Mode changed to RTL
2026-01-04 21:47:10 - DroneController - [INFO] - RTL in progress
2026-01-04 21:47:10 - DroneController - [ERROR] - Geofence violation: Altitude too low: 0.00m < 0.5m
2026-01-04 21:47:10 - DroneController - [CRITICAL] - Emergency RTL triggered
2026-01-04 21:47:10 - DroneController - [INFO] - State transition: RETURNING_HOME -> RETURNING_HOME
2026-01-04 21:47:10 - DroneController - [INFO] - Setting mode to RTL (attempt 1)
2026-01-04 21:47:11 - DroneController - [INFO] - Mode changed to RTL
2026-01-04 21:47:11 - DroneController - [INFO] - RTL in progress
2026-01-04 21:47:11 - DroneController - [ERROR] - Geofence violation: Altitude too low: 0.00m < 0.5m
2026-01-04 21:47:11 - DroneController - [CRITICAL] - Emergency RTL triggered
2026-01-04 21:47:11 - DroneController - [INFO] - State transition: RETURNING_HOME -> RETURNING_HOME
2026-01-04 21:47:11 - DroneController - [INFO] - Setting mode to RTL (attempt 1)
2026-01-04 21:47:11 - DroneController - [CRITICAL] - EMERGENCY STOP
2026-01-04 21:47:12 - DroneController - [INFO] - Telemetry: 11408 msgs | GPS: (22.498041, 88.372439, 0.00m) | Battery: 58% | Mode: RTL
2026-01-04 21:47:12 - DroneController - [INFO] - Mode changed to RTL
2026-01-04 21:47:12 - DroneController - [INFO] - RTL in progress
2026-01-04 21:47:12 - DroneController - [CRITICAL] - Emergency land triggered
2026-01-04 21:47:12 - DroneController - [INFO] - State transition: RETURNING_HOME -> LANDING
2026-01-04 21:47:12 - DroneController - [INFO] - Setting mode to LAND (attempt 1)
2026-01-04 21:47:13 - DroneController - [INFO] - Mode changed to LAND
2026-01-04 21:47:13 - DroneController - [INFO] - Landing in progress
2026-01-04 21:47:13 - DroneController - [ERROR] - Geofence violation: Altitude too low: 0.00m < 0.5m
2026-01-04 21:47:13 - DroneController - [CRITICAL] - Emergency RTL triggered
2026-01-04 21:47:13 - DroneController - [INFO] - State transition: LANDING -> RETURNING_HOME
2026-01-04 21:47:13 - DroneController - [INFO] - Setting mode to RTL (attempt 1)
2026-01-04 21:47:14 - DroneController - [INFO] - Mode changed to RTL
2026-01-04 21:47:14 - DroneController - [INFO] - RTL in progress
2026-01-04 21:47:14 - DroneController - [ERROR] - Geofence violation: Altitude too low: 0.00m < 0.5m
2026-01-04 21:47:14 - DroneController - [CRITICAL] - Emergency RTL triggered
2026-01-04 21:47:14 - DroneController - [INFO] - State transition: RETURNING_HOME -> RETURNING_HOME
2026-01-04 21:47:14 - DroneController - [INFO] - Setting mode to RTL (attempt 1)
2026-01-04 21:47:15 - DroneController - [INFO] - Mode changed to RTL
2026-01-04 21:47:15 - DroneController - [INFO] - RTL in progress
2026-01-04 21:47:15 - DroneController - [ERROR] - Geofence violation: Altitude too low: 0.00m < 0.5m
2026-01-04 21:47:15 - DroneController - [CRITICAL] - Emergency RTL triggered
2026-01-04 21:47:15 - DroneController - [INFO] - State transition: RETURNING_HOME -> RETURNING_HOME
2026-01-04 21:47:15 - DroneController - [INFO] - Setting mode to RTL (attempt 1)
2026-01-04 21:47:16 - DroneController - [INFO] - Mode changed to RTL
2026-01-04 21:47:16 - DroneController - [INFO] - RTL in progress
2026-01-04 21:47:16 - DroneController - [ERROR] - Geofence violation: Altitude too low: 0.00m < 0.5m
2026-01-04 21:47:16 - DroneController - [CRITICAL] - Emergency RTL triggered
2026-01-04 21:47:16 - DroneController - [INFO] - State transition: RETURNING_HOME -> RETURNING_HOME
2026-01-04 21:47:16 - DroneController - [INFO] - Setting mode to RTL (attempt 1)
2026-01-04 21:47:16 - DroneController - [INFO] - Stopping controller...
2026-01-04 21:47:16 - DroneController - [INFO] - Telemetry loop stopped. Total messages: 11941
2026-01-04 21:47:16 - DroneController - [INFO] - Message type distribution: {'AHRS': 417, 'AHRS2': 416, 'ATTITUDE': 416, 'BATTERY_STATUS': 416, 'COMMAND_ACK': 2, 'EKF_STATUS_REPORT': 416, 'ESC_TELEMETRY_1_TO_4': 416, 'ESC_TELEMETRY_5_TO_8': 416, 'EXTENDED_SYS_STATE': 68, 'GLOBAL_POSITION_INT': 416, 'GPS_GLOBAL_ORIGIN': 1, 'GPS_RAW_INT': 416, 'HEARTBEAT': 71, 'HOME_POSITION': 69, 'LOCAL_POSITION_NED': 416, 'MEMINFO': 416, 'MISSION_CURRENT': 416, 'NAV_CONTROLLER_OUTPUT': 416, 'PARAM_VALUE': 6, 'POSITION_TARGET_GLOBAL_INT': 49, 'POWER_STATUS': 416, 'RAW_IMU': 416, 'RC_CHANNELS': 416, 'SCALED_IMU2': 416, 'SCALED_IMU3': 416, 'SCALED_PRESSURE': 416, 'SCALED_PRESSURE2': 416, 'SERVO_OUTPUT_RAW': 416, 'SIMSTATE': 416, 'STATUSTEXT': 5, 'SYSTEM_TIME': 416, 'SYS_STATUS': 416, 'TERRAIN_REPORT': 416, 'TIMESYNC': 7, 'UNKNOWN_437': 14, 'VFR_HUD': 416, 'VIBRATION': 416, 'WIND': 416}
2026-01-04 21:47:17 - DroneController - [INFO] - Command processor stopped
2026-01-04 21:47:17 - DroneController - [INFO] - Heartbeat monitor stopped
2026-01-04 21:47:17 - DroneController - [INFO] - Mode changed to RTL
2026-01-04 21:47:17 - DroneController - [INFO] - RTL in progress
2026-01-04 21:47:17 - DroneController - [INFO] - Mission controller stopped
2026-01-04 21:47:17 - DroneController - [INFO] - Controller stopped
2026-01-04 21:54:16 - DroneController - [INFO] - Mission planner initialized with KML: /Users/trishit_debsharma/Documents/Code/NIDAR/NIDAR/spray_drone/data/JU.kml
2026-01-04 21:54:16 - DroneController - [INFO] - DroneController initialized
2026-01-04 21:54:16 - DroneController - [INFO] - Geofence mode: polygon
2026-01-04 21:54:16 - DroneController - [INFO] - Connecting to 127.0.0.1:14551
2026-01-04 21:54:16 - DroneController - [INFO] - Connection attempt 1/3...
2026-01-04 21:54:16 - DroneController - [INFO] - Waiting for heartbeat...
2026-01-04 21:54:17 - DroneController - [INFO] - Heartbeat from system 1, component 0
2026-01-04 21:54:17 - DroneController - [INFO] - Requesting data streams...
2026-01-04 21:54:17 - DroneController - [INFO] - Verifying data stream...
2026-01-04 21:54:17 - DroneController - [INFO] - Verifying data stream reception...
2026-01-04 21:54:18 - DroneController - [INFO] - ✓ All critical data streams verified
2026-01-04 21:54:18 - DroneController - [INFO] - Waiting for data streams to initialize...
2026-01-04 21:54:21 - DroneController - [INFO] - State transition: DISCONNECTED -> CONNECTED
2026-01-04 21:54:21 - DroneController - [INFO] - Telemetry log initialized: telemetry/telemetry_20260104_215421.csv
2026-01-04 21:54:21 - DroneController - [INFO] - ✓ Connection established and verified
2026-01-04 21:54:21 - DroneController - [INFO] - Telemetry loop started
2026-01-04 21:54:21 - DroneController - [INFO] - Heartbeat monitor started
2026-01-04 21:54:21 - DroneController - [INFO] - Command processor started
2026-01-04 21:54:21 - DroneController - [INFO] - ✓ First telemetry message received
2026-01-04 21:54:21 - DroneController - [INFO] - Mission controller started
2026-01-04 21:54:21 - DroneController - [INFO] - All threads started
2026-01-04 21:54:21 - DroneController - [INFO] - State transition: CONNECTED -> IDLE
2026-01-04 21:54:23 - DroneController - [INFO] - Loading mission with 5 points
2026-01-04 21:54:23 - DroneController - [INFO] - Starting position: lat=22.498041, lon=88.372439
2026-01-04 21:54:23 - DroneController - [INFO] - Mission validated: 5 waypoints
2026-01-04 21:54:23 - DroneController - [INFO] - Return home waypoint added: (22.498022, 88.372386)
2026-01-04 21:54:23 - DroneController - [INFO] - Starting arm and takeoff to 3.0m
2026-01-04 21:54:23 - DroneController - [INFO] - Using polygon geofence from KML
2026-01-04 21:54:23 - DroneController - [INFO] - Setting mode to GUIDED (attempt 1)
2026-01-04 21:54:24 - DroneController - [INFO] - Mode changed to GUIDED
2026-01-04 21:54:24 - DroneController - [INFO] - State transition: IDLE -> ARMING
2026-01-04 21:54:24 - DroneController - [INFO] - Waiting for drone to become armable...
2026-01-04 21:54:24 - DroneController - [INFO] - ✓ Drone is armable
2026-01-04 21:54:24 - DroneController - [INFO] - Arming attempt 1/3
2026-01-04 21:54:24 - DroneController - [INFO] - Armed successfully
2026-01-04 21:54:24 - DroneController - [INFO] - State transition: ARMING -> ARMED
2026-01-04 21:54:24 - DroneController - [INFO] - State transition: ARMED -> TAKING_OFF
2026-01-04 21:54:24 - DroneController - [INFO] - Takeoff attempt 1/3
2026-01-04 21:54:24 - DroneController - [INFO] - Takeoff command accepted
2026-01-04 21:54:29 - DroneController - [INFO] - Target altitude reached: 2.09m
2026-01-04 21:54:29 - DroneController - [INFO] - Arm and takeoff complete
2026-01-04 21:54:29 - DroneController - [INFO] - State transition: TAKING_OFF -> ARMED
2026-01-04 21:54:29 - DroneController - [INFO] - Starting mission with 6 waypoints
2026-01-04 21:54:29 - DroneController - [INFO] - State transition: ARMED -> MISSION_ACTIVE
2026-01-04 21:54:29 - DroneController - [INFO] - Sending waypoint: (22.498022, 88.372386, 3.00)
2026-01-04 21:54:29 - DroneController - [ERROR] - Geofence violation: Outside polygon boundary: (22.498041, 88.372440)
2026-01-04 21:54:29 - DroneController - [CRITICAL] - Emergency RTL triggered
2026-01-04 21:54:29 - DroneController - [INFO] - State transition: MISSION_ACTIVE -> RETURNING_HOME
2026-01-04 21:54:29 - DroneController - [INFO] - Setting mode to RTL (attempt 1)
2026-01-04 21:54:30 - DroneController - [INFO] - Mode changed to RTL
2026-01-04 21:54:30 - DroneController - [INFO] - RTL in progress
2026-01-04 21:54:31 - DroneController - [INFO] - Telemetry: 6440 msgs | GPS: (22.498041, 88.372439, 2.90m) | Battery: 99% | Mode: RTL
2026-01-04 21:54:41 - DroneController - [INFO] - Telemetry: 7627 msgs | GPS: (22.498041, 88.372440, 1.95m) | Battery: 96% | Mode: RTL
2026-01-04 21:54:41 - DroneController - [INFO] - Stopping controller...
2026-01-04 21:54:41 - DroneController - [INFO] - Mission controller stopped
2026-01-04 21:54:41 - DroneController - [INFO] - Command processor stopped
2026-01-04 21:54:42 - DroneController - [INFO] - Telemetry loop stopped. Total messages: 7713
2026-01-04 21:54:42 - DroneController - [INFO] - Message type distribution: {'AHRS': 272, 'AHRS2': 271, 'ATTITUDE': 271, 'BATTERY_STATUS': 271, 'COMMAND_ACK': 2, 'EKF_STATUS_REPORT': 271, 'ESC_TELEMETRY_1_TO_4': 271, 'ESC_TELEMETRY_5_TO_8': 271, 'EXTENDED_SYS_STATE': 24, 'GLOBAL_POSITION_INT': 271, 'GPS_GLOBAL_ORIGIN': 1, 'GPS_RAW_INT': 271, 'HEARTBEAT': 25, 'HOME_POSITION': 25, 'LOCAL_POSITION_NED': 271, 'MEMINFO': 271, 'MISSION_CURRENT': 271, 'NAV_CONTROLLER_OUTPUT': 271, 'PARAM_VALUE': 1, 'POSITION_TARGET_GLOBAL_INT': 41, 'POWER_STATUS': 271, 'RAW_IMU': 271, 'RC_CHANNELS': 271, 'SCALED_IMU2': 271, 'SCALED_IMU3': 271, 'SCALED_PRESSURE': 271, 'SCALED_PRESSURE2': 271, 'SERVO_OUTPUT_RAW': 271, 'SIMSTATE': 271, 'STATUSTEXT': 3, 'SYSTEM_TIME': 271, 'SYS_STATUS': 271, 'TERRAIN_REPORT': 271, 'TIMESYNC': 2, 'VFR_HUD': 271, 'VIBRATION': 271, 'WIND': 271}
2026-01-04 21:54:42 - DroneController - [INFO] - Heartbeat monitor stopped
2026-01-04 21:54:42 - DroneController - [INFO] - Controller stopped
2026-01-04 22:13:00 - DroneController - [INFO] - Mission planner initialized with KML: /Users/trishit_debsharma/Documents/Code/NIDAR/NIDAR/spray_drone/data/JU.kml
2026-01-04 22:13:00 - DroneController - [INFO] - DroneController initialized
2026-01-04 22:13:00 - DroneController - [INFO] - Geofence mode: polygon
2026-01-04 22:13:00 - DroneController - [INFO] - Connecting to 127.0.0.1:14551
2026-01-04 22:13:00 - DroneController - [INFO] - Connection attempt 1/3...
2026-01-04 22:13:00 - DroneController - [INFO] - Waiting for heartbeat...
2026-01-04 22:13:01 - DroneController - [INFO] - Heartbeat from system 1, component 0
2026-01-04 22:13:01 - DroneController - [INFO] - Requesting data streams...
2026-01-04 22:13:01 - DroneController - [INFO] - Verifying data stream...
2026-01-04 22:13:01 - DroneController - [INFO] - Verifying data stream reception...
2026-01-04 22:13:02 - DroneController - [INFO] - ✓ All critical data streams verified
2026-01-04 22:13:02 - DroneController - [INFO] - Waiting for data streams to initialize...
2026-01-04 22:13:05 - DroneController - [INFO] - State transition: DISCONNECTED -> CONNECTED
2026-01-04 22:13:05 - DroneController - [INFO] - Telemetry log initialized: telemetry/telemetry_20260104_221305.csv
2026-01-04 22:13:05 - DroneController - [INFO] - ✓ Connection established and verified
2026-01-04 22:13:05 - DroneController - [INFO] - Telemetry loop started
2026-01-04 22:13:05 - DroneController - [INFO] - Heartbeat monitor started
2026-01-04 22:13:05 - DroneController - [INFO] - Command processor started
2026-01-04 22:13:05 - DroneController - [INFO] - Mission controller started
2026-01-04 22:13:05 - DroneController - [INFO] - ✓ First telemetry message received
2026-01-04 22:13:05 - DroneController - [INFO] - All threads started
2026-01-04 22:13:05 - DroneController - [INFO] - State transition: CONNECTED -> IDLE
2026-01-04 22:13:07 - DroneController - [INFO] - Loading mission with 5 points
2026-01-04 22:13:07 - DroneController - [INFO] - Starting position: lat=22.498022, lon=88.372386
2026-01-04 22:13:07 - DroneController - [INFO] - Mission validated: 5 waypoints
2026-01-04 22:13:07 - DroneController - [INFO] - Return home waypoint added: (22.498022, 88.372386)
2026-01-04 22:13:07 - DroneController - [INFO] - Starting arm and takeoff to 3.0m
2026-01-04 22:13:07 - DroneController - [INFO] - Using polygon geofence from KML
2026-01-04 22:13:07 - DroneController - [INFO] - Setting mode to GUIDED (attempt 1)
2026-01-04 22:13:08 - DroneController - [INFO] - Mode changed to GUIDED
2026-01-04 22:13:08 - DroneController - [INFO] - State transition: IDLE -> ARMING
2026-01-04 22:13:08 - DroneController - [INFO] - Waiting for drone to become armable...
2026-01-04 22:13:08 - DroneController - [INFO] - ✓ Drone is armable
2026-01-04 22:13:08 - DroneController - [INFO] - Arming attempt 1/3
2026-01-04 22:13:08 - DroneController - [WARNING] - Arm rejected: 4
2026-01-04 22:13:09 - DroneController - [INFO] - Arming attempt 2/3
2026-01-04 22:13:09 - DroneController - [WARNING] - Arm rejected: 4
2026-01-04 22:13:10 - DroneController - [INFO] - Arming attempt 3/3
2026-01-04 22:13:10 - DroneController - [WARNING] - Arm rejected: 4
2026-01-04 22:13:11 - DroneController - [ERROR] - Failed to arm after retries
2026-01-04 22:13:11 - DroneController - [INFO] - State transition: ARMING -> ERROR
2026-01-04 22:13:11 - DroneController - [INFO] - Stopping controller...
2026-01-04 22:13:11 - DroneController - [INFO] - Telemetry loop stopped. Total messages: 1222
2026-01-04 22:13:11 - DroneController - [INFO] - Message type distribution: {'AHRS': 27, 'AHRS2': 111, 'ATTITUDE': 110, 'BATTERY_STATUS': 27, 'COMMAND_ACK': 5, 'EKF_STATUS_REPORT': 27, 'ESC_TELEMETRY_1_TO_4': 110, 'ESC_TELEMETRY_5_TO_8': 110, 'EXTENDED_SYS_STATE': 9, 'GLOBAL_POSITION_INT': 53, 'GPS_RAW_INT': 27, 'HEARTBEAT': 10, 'HOME_POSITION': 9, 'MEMINFO': 27, 'MISSION_CURRENT': 27, 'NAV_CONTROLLER_OUTPUT': 27, 'POWER_STATUS': 27, 'RAW_IMU': 18, 'RC_CHANNELS': 36, 'SCALED_IMU2': 18, 'SCALED_IMU3': 18, 'SCALED_PRESSURE': 18, 'SCALED_PRESSURE2': 18, 'SERVO_OUTPUT_RAW': 36, 'SIMSTATE': 110, 'STATUSTEXT': 4, 'SYSTEM_TIME': 27, 'SYS_STATUS': 27, 'TERRAIN_REPORT': 27, 'TERRAIN_REQUEST': 4, 'TIMESYNC': 1, 'VFR_HUD': 90, 'VIBRATION': 27}
2026-01-04 22:13:11 - DroneController - [INFO] - Mission controller stopped
2026-01-04 22:13:11 - DroneController - [INFO] - Command processor stopped
2026-01-04 22:13:12 - DroneController - [INFO] - Heartbeat monitor stopped
2026-01-04 22:13:12 - DroneController - [INFO] - Controller stopped
2026-01-04 22:14:14 - DroneController - [INFO] - Mission planner initialized with KML: /Users/trishit_debsharma/Documents/Code/NIDAR/NIDAR/spray_drone/data/JU.kml
2026-01-04 22:14:14 - DroneController - [INFO] - DroneController initialized
2026-01-04 22:14:14 - DroneController - [INFO] - Geofence mode: polygon
2026-01-04 22:14:14 - DroneController - [INFO] - Connecting to 127.0.0.1:14551
2026-01-04 22:14:14 - DroneController - [INFO] - Connection attempt 1/3...
2026-01-04 22:14:14 - DroneController - [INFO] - Waiting for heartbeat...
2026-01-04 22:14:14 - DroneController - [INFO] - Heartbeat from system 1, component 0
2026-01-04 22:14:14 - DroneController - [INFO] - Requesting data streams...
2026-01-04 22:14:14 - DroneController - [INFO] - Verifying data stream...
2026-01-04 22:14:14 - DroneController - [INFO] - Verifying data stream reception...
2026-01-04 22:14:15 - DroneController - [INFO] - ✓ All critical data streams verified
2026-01-04 22:14:15 - DroneController - [INFO] - Waiting for data streams to initialize...
2026-01-04 22:14:18 - DroneController - [INFO] - State transition: DISCONNECTED -> CONNECTED
2026-01-04 22:14:18 - DroneController - [INFO] - Telemetry log initialized: telemetry/telemetry_20260104_221418.csv
2026-01-04 22:14:18 - DroneController - [INFO] - ✓ Connection established and verified
2026-01-04 22:14:18 - DroneController - [INFO] - Telemetry loop started
2026-01-04 22:14:18 - DroneController - [INFO] - Heartbeat monitor started
2026-01-04 22:14:18 - DroneController - [INFO] - Command processor started
2026-01-04 22:14:18 - DroneController - [INFO] - ✓ First telemetry message received
2026-01-04 22:14:18 - DroneController - [INFO] - Mission controller started
2026-01-04 22:14:18 - DroneController - [INFO] - All threads started
2026-01-04 22:14:18 - DroneController - [INFO] - State transition: CONNECTED -> IDLE
2026-01-04 22:14:20 - DroneController - [INFO] - Loading mission with 5 points
2026-01-04 22:14:20 - DroneController - [INFO] - Starting position: lat=22.498022, lon=88.372386
2026-01-04 22:14:20 - DroneController - [INFO] - Mission validated: 5 waypoints
2026-01-04 22:14:20 - DroneController - [INFO] - Return home waypoint added: (22.498022, 88.372386)
2026-01-04 22:14:20 - DroneController - [INFO] - Starting arm and takeoff to 3.0m
2026-01-04 22:14:20 - DroneController - [INFO] - Using polygon geofence from KML
2026-01-04 22:14:20 - DroneController - [INFO] - Setting mode to GUIDED (attempt 1)
2026-01-04 22:14:21 - DroneController - [INFO] - Mode changed to GUIDED
2026-01-04 22:14:21 - DroneController - [INFO] - State transition: IDLE -> ARMING
2026-01-04 22:14:21 - DroneController - [INFO] - Waiting for drone to become armable...
2026-01-04 22:14:21 - DroneController - [INFO] - ✓ Drone is armable
2026-01-04 22:14:21 - DroneController - [INFO] - Arming attempt 1/3
2026-01-04 22:14:21 - DroneController - [INFO] - Armed successfully
2026-01-04 22:14:21 - DroneController - [INFO] - State transition: ARMING -> ARMED
2026-01-04 22:14:21 - DroneController - [INFO] - State transition: ARMED -> TAKING_OFF
2026-01-04 22:14:21 - DroneController - [INFO] - Takeoff attempt 1/3
2026-01-04 22:14:21 - DroneController - [INFO] - Takeoff command accepted
2026-01-04 22:14:26 - DroneController - [INFO] - Target altitude reached: 2.11m
2026-01-04 22:14:26 - DroneController - [INFO] - Arm and takeoff complete
2026-01-04 22:14:26 - DroneController - [INFO] - State transition: TAKING_OFF -> ARMED
2026-01-04 22:14:26 - DroneController - [INFO] - Starting mission with 6 waypoints
2026-01-04 22:14:26 - DroneController - [INFO] - State transition: ARMED -> MISSION_ACTIVE
2026-01-04 22:14:26 - DroneController - [INFO] - Sending waypoint: (22.498022, 88.372386, 3.00)
2026-01-04 22:14:27 - DroneController - [INFO] - Waypoint 1/6 reached
2026-01-04 22:14:27 - DroneController - [INFO] - Sending waypoint: (22.497943, 88.372148, 3.00)
2026-01-04 22:14:28 - DroneController - [INFO] - Telemetry: 1936 msgs | GPS: (22.498019, 88.372378, 2.78m) | Battery: 99% | Mode: GUIDED
2026-01-04 22:14:33 - DroneController - [INFO] - Waypoint 2/6 reached
2026-01-04 22:14:33 - DroneController - [INFO] - Sending waypoint: (22.497764, 88.372255, 3.00)
2026-01-04 22:14:38 - DroneController - [INFO] - Telemetry: 3134 msgs | GPS: (22.497797, 88.372232, 3.00m) | Battery: 96% | Mode: GUIDED
2026-01-04 22:14:38 - DroneController - [INFO] - Waypoint 3/6 reached
2026-01-04 22:14:38 - DroneController - [INFO] - Sending waypoint: (22.497701, 88.372401, 3.00)
2026-01-04 22:14:43 - DroneController - [INFO] - Waypoint 4/6 reached
2026-01-04 22:14:43 - DroneController - [INFO] - Sending waypoint: (22.497600, 88.372300, 3.00)
2026-01-04 22:14:47 - DroneController - [INFO] - Waypoint 5/6 reached
2026-01-04 22:14:47 - DroneController - [INFO] - Sending waypoint: (22.498022, 88.372386, 3.00)
2026-01-04 22:14:48 - DroneController - [INFO] - Telemetry: 4336 msgs | GPS: (22.497606, 88.372309, 3.00m) | Battery: 94% | Mode: GUIDED
2026-01-04 22:14:57 - DroneController - [INFO] - Waypoint 6/6 reached
2026-01-04 22:14:57 - DroneController - [INFO] - All waypoints reached
2026-01-04 22:14:57 - DroneController - [INFO] - State transition: MISSION_ACTIVE -> LANDING
2026-01-04 22:14:57 - DroneController - [INFO] - Setting mode to LAND (attempt 1)
2026-01-04 22:14:58 - DroneController - [INFO] - Mode changed to LAND
2026-01-04 22:14:58 - DroneController - [INFO] - Landing in progress
2026-01-04 22:14:58 - DroneController - [INFO] - Telemetry: 5525 msgs | GPS: (22.498023, 88.372387, 2.65m) | Battery: 91% | Mode: LAND
2026-01-04 22:15:08 - DroneController - [INFO] - Telemetry: 6684 msgs | GPS: (22.498020, 88.372385, 0.01m) | Battery: 90% | Mode: LAND
2026-01-04 22:15:09 - DroneController - [INFO] - Stopping controller...
2026-01-04 22:15:09 - DroneController - [INFO] - Mission controller stopped
2026-01-04 22:15:09 - DroneController - [INFO] - Command processor stopped
2026-01-04 22:15:09 - DroneController - [INFO] - Telemetry loop stopped. Total messages: 6770
2026-01-04 22:15:09 - DroneController - [INFO] - Message type distribution: {'AHRS': 219, 'AHRS2': 269, 'ATTITUDE': 269, 'BATTERY_STATUS': 218, 'COMMAND_ACK': 6, 'EKF_STATUS_REPORT': 218, 'ESC_TELEMETRY_1_TO_4': 269, 'ESC_TELEMETRY_5_TO_8': 269, 'EXTENDED_SYS_STATE': 54, 'GLOBAL_POSITION_INT': 205, 'GPS_GLOBAL_ORIGIN': 1, 'GPS_RAW_INT': 227, 'HEARTBEAT': 55, 'HOME_POSITION': 55, 'LOCAL_POSITION_NED': 189, 'MEMINFO': 227, 'MISSION_CURRENT': 227, 'NAV_CONTROLLER_OUTPUT': 227, 'PARAM_VALUE': 8, 'POSITION_TARGET_GLOBAL_INT': 120, 'POWER_STATUS': 227, 'RAW_IMU': 218, 'RC_CHANNELS': 237, 'SCALED_IMU2': 218, 'SCALED_IMU3': 218, 'SCALED_PRESSURE': 218, 'SCALED_PRESSURE2': 218, 'SERVO_OUTPUT_RAW': 237, 'SIMSTATE': 269, 'STATUSTEXT': 7, 'SYSTEM_TIME': 218, 'SYS_STATUS': 227, 'TERRAIN_REPORT': 218, 'TERRAIN_REQUEST': 13, 'TIMESYNC': 5, 'UNKNOWN_437': 11, 'VFR_HUD': 272, 'VIBRATION': 218, 'WIND': 189}
2026-01-04 22:15:09 - DroneController - [INFO] - Heartbeat monitor stopped
2026-01-04 22:15:09 - DroneController - [INFO] - Controller stopped
2026-01-04 22:34:17 - DroneController - [INFO] - Mission planner initialized with KML: /Users/trishit_debsharma/Documents/Code/NIDAR/NIDAR/spray_drone/data/JU.kml
2026-01-04 22:34:17 - DroneController - [INFO] - DroneController initialized
2026-01-04 22:34:17 - DroneController - [INFO] - Geofence mode: polygon
2026-01-04 22:34:17 - DroneController - [INFO] - Connecting to 127.0.0.1:14551
2026-01-04 22:34:17 - DroneController - [INFO] - Connection attempt 1/3...
2026-01-04 22:34:17 - DroneController - [INFO] - Waiting for heartbeat...
2026-01-04 22:34:17 - DroneController - [INFO] - Heartbeat from system 1, component 0
2026-01-04 22:34:17 - DroneController - [INFO] - Requesting data streams...
2026-01-04 22:34:17 - DroneController - [INFO] - Verifying data stream...
2026-01-04 22:34:17 - DroneController - [INFO] - Verifying data stream reception...
2026-01-04 22:34:18 - DroneController - [INFO] - ✓ All critical data streams verified
2026-01-04 22:34:18 - DroneController - [INFO] - Waiting for data streams to initialize...
2026-01-04 22:34:21 - DroneController - [INFO] - State transition: DISCONNECTED -> CONNECTED
2026-01-04 22:34:21 - DroneController - [INFO] - Telemetry log initialized: telemetry/telemetry_20260104_223421.csv
2026-01-04 22:34:21 - DroneController - [INFO] - ✓ Connection established and verified
2026-01-04 22:34:21 - DroneController - [INFO] - Telemetry loop started
2026-01-04 22:34:21 - DroneController - [INFO] - ✓ First telemetry message received
2026-01-04 22:34:21 - DroneController - [INFO] - Heartbeat monitor started
2026-01-04 22:34:21 - DroneController - [INFO] - Command processor started
2026-01-04 22:34:21 - DroneController - [INFO] - Mission controller started
2026-01-04 22:34:21 - DroneController - [INFO] - All threads started
2026-01-04 22:34:21 - DroneController - [INFO] - State transition: CONNECTED -> IDLE
2026-01-04 22:34:21 - DroneController - [INFO] - Home position updated: (22.498022, 88.3723859)
2026-01-04 22:34:21 - DroneController - [INFO] - Home position updated: (22.498022, 88.3723859)
2026-01-04 22:34:21 - DroneController - [INFO] - Home position updated: (22.498022, 88.3723859)
2026-01-04 22:34:21 - DroneController - [INFO] - Home position updated: (22.498022, 88.3723859)
2026-01-04 22:34:22 - DroneController - [INFO] - Home position updated: (22.498022, 88.3723859)
2026-01-04 22:34:23 - DroneController - [INFO] - Requesting home position...
2026-01-04 22:34:23 - DroneController - [INFO] - Home position received: (22.498022, 88.372386)
2026-01-04 22:34:23 - DroneController - [INFO] - Loading mission with 5 points
2026-01-04 22:34:23 - DroneController - [INFO] - Starting position: lat=22.498020, lon=88.372385
2026-01-04 22:34:23 - DroneController - [INFO] - Mission validated: 5 waypoints
2026-01-04 22:34:23 - DroneController - [INFO] - Return home waypoint added: (22.498022, 88.372386)
2026-01-04 22:34:23 - DroneController - [INFO] - Starting arm and takeoff to 3.0m
2026-01-04 22:34:23 - DroneController - [INFO] - Using polygon geofence from KML
2026-01-04 22:34:23 - DroneController - [INFO] - Setting mode to GUIDED (attempt 1)
2026-01-04 22:34:23 - DroneController - [INFO] - Home position updated: (22.498022, 88.3723859)
2026-01-04 22:34:23 - DroneController - [INFO] - Home position updated: (22.498022, 88.3723859)
2026-01-04 22:34:24 - DroneController - [INFO] - Mode changed to GUIDED
2026-01-04 22:34:24 - DroneController - [INFO] - State transition: IDLE -> ARMING
2026-01-04 22:34:24 - DroneController - [INFO] - Waiting for drone to become armable...
2026-01-04 22:34:24 - DroneController - [INFO] - ✓ Drone is armable
2026-01-04 22:34:24 - DroneController - [INFO] - Arming attempt 1/3
2026-01-04 22:34:24 - DroneController - [INFO] - Home position updated: (22.498022, 88.3723859)
2026-01-04 22:34:24 - DroneController - [INFO] - Armed successfully
2026-01-04 22:34:24 - DroneController - [INFO] - State transition: ARMING -> ARMED
2026-01-04 22:34:24 - DroneController - [INFO] - State transition: ARMED -> TAKING_OFF
2026-01-04 22:34:24 - DroneController - [INFO] - Takeoff attempt 1/3
2026-01-04 22:34:24 - DroneController - [INFO] - Home position updated: (22.4980202, 88.3723849)
2026-01-04 22:34:24 - DroneController - [INFO] - Takeoff command accepted
2026-01-04 22:34:25 - DroneController - [INFO] - Home position updated: (22.4980202, 88.3723849)
2026-01-04 22:34:26 - DroneController - [INFO] - Home position updated: (22.4980202, 88.3723849)
2026-01-04 22:34:27 - DroneController - [INFO] - Home position updated: (22.4980202, 88.3723849)
2026-01-04 22:34:28 - DroneController - [INFO] - Home position updated: (22.4980202, 88.3723849)
2026-01-04 22:34:29 - DroneController - [INFO] - Home position updated: (22.4980202, 88.3723849)
2026-01-04 22:34:30 - DroneController - [CRITICAL] - EMERGENCY STOP
2026-01-04 22:34:30 - DroneController - [INFO] - Home position updated: (22.4980202, 88.3723849)
2026-01-04 22:34:31 - DroneController - [INFO] - Telemetry: 4254 msgs | GPS: (22.498020, 88.372385, 3.00m) | Battery: 89% | Mode: GUIDED
2026-01-04 22:34:31 - DroneController - [INFO] - Home position updated: (22.4980202, 88.3723849)
2026-01-04 22:34:32 - DroneController - [INFO] - Home position updated: (22.4980202, 88.3723849)
2026-01-04 22:34:33 - DroneController - [INFO] - Home position updated: (22.4980202, 88.3723849)
2026-01-04 22:34:34 - DroneController - [INFO] - Home position updated: (22.4980202, 88.3723849)
2026-01-04 22:34:35 - DroneController - [INFO] - Home position updated: (22.4980202, 88.3723849)
2026-01-04 22:34:36 - DroneController - [INFO] - Home position updated: (22.4980202, 88.3723849)
2026-01-04 22:34:37 - DroneController - [INFO] - Home position updated: (22.4980202, 88.3723849)
2026-01-04 22:34:38 - DroneController - [INFO] - Home position updated: (22.4980202, 88.3723849)
2026-01-04 22:34:39 - DroneController - [INFO] - Home position updated: (22.4980202, 88.3723849)
2026-01-04 22:34:40 - DroneController - [INFO] - Stopping controller...
2026-01-04 22:34:40 - DroneController - [INFO] - Mission controller stopped
2026-01-04 22:34:40 - DroneController - [INFO] - Telemetry loop stopped. Total messages: 5267
2026-01-04 22:34:40 - DroneController - [INFO] - Message type distribution: {'AHRS': 186, 'AHRS2': 185, 'ATTITUDE': 185, 'BATTERY_STATUS': 185, 'COMMAND_ACK': 3, 'EKF_STATUS_REPORT': 185, 'ESC_TELEMETRY_1_TO_4': 185, 'ESC_TELEMETRY_5_TO_8': 185, 'EXTENDED_SYS_STATE': 22, 'GLOBAL_POSITION_INT': 185, 'GPS_GLOBAL_ORIGIN': 1, 'GPS_RAW_INT': 185, 'HEARTBEAT': 22, 'HOME_POSITION': 24, 'LOCAL_POSITION_NED': 185, 'MEMINFO': 185, 'MISSION_CURRENT': 185, 'NAV_CONTROLLER_OUTPUT': 185, 'PARAM_VALUE': 4, 'POWER_STATUS': 185, 'RAW_IMU': 185, 'RC_CHANNELS': 185, 'SCALED_IMU2': 185, 'SCALED_IMU3': 185, 'SCALED_PRESSURE': 185, 'SCALED_PRESSURE2': 185, 'SERVO_OUTPUT_RAW': 185, 'SIMSTATE': 185, 'STATUSTEXT': 3, 'SYSTEM_TIME': 185, 'SYS_STATUS': 185, 'TERRAIN_REPORT': 185, 'TIMESYNC': 3, 'UNKNOWN_437': 4, 'VFR_HUD': 185, 'VIBRATION': 185, 'WIND': 185}
2026-01-04 22:34:40 - DroneController - [INFO] - Heartbeat monitor stopped
2026-01-04 22:34:40 - DroneController - [INFO] - Command processor stopped
2026-01-04 22:34:40 - DroneController - [INFO] - Controller stopped
2026-01-04 22:39:18 - DroneController - [INFO] - Mission planner initialized with KML: /Users/trishit_debsharma/Documents/Code/NIDAR/NIDAR/spray_drone/data/JU.kml
2026-01-04 22:39:18 - DroneController - [INFO] - DroneController initialized
2026-01-04 22:39:18 - DroneController - [INFO] - Geofence mode: polygon
2026-01-04 22:39:18 - DroneController - [INFO] - Connecting to 127.0.0.1:14551
2026-01-04 22:39:18 - DroneController - [INFO] - Connection attempt 1/3...
2026-01-04 22:39:18 - DroneController - [INFO] - Waiting for heartbeat...
2026-01-04 22:39:18 - DroneController - [INFO] - Heartbeat from system 1, component 0
2026-01-04 22:39:18 - DroneController - [INFO] - Requesting data streams...
2026-01-04 22:39:18 - DroneController - [INFO] - Verifying data stream...
2026-01-04 22:39:18 - DroneController - [INFO] - Verifying data stream reception...
2026-01-04 22:39:19 - DroneController - [INFO] - ✓ All critical data streams verified
2026-01-04 22:39:19 - DroneController - [INFO] - Waiting for data streams to initialize...
2026-01-04 22:39:22 - DroneController - [INFO] - State transition: DISCONNECTED -> CONNECTED
2026-01-04 22:39:22 - DroneController - [INFO] - Telemetry log initialized: telemetry/telemetry_20260104_223922.csv
2026-01-04 22:39:22 - DroneController - [INFO] - ✓ Connection established and verified
2026-01-04 22:39:22 - DroneController - [INFO] - Telemetry loop started
2026-01-04 22:39:22 - DroneController - [INFO] - Heartbeat monitor started
2026-01-04 22:39:22 - DroneController - [INFO] - Command processor started
2026-01-04 22:39:22 - DroneController - [INFO] - Mission controller started
2026-01-04 22:39:22 - DroneController - [INFO] - ✓ First telemetry message received
2026-01-04 22:39:22 - DroneController - [INFO] - All threads started
2026-01-04 22:39:22 - DroneController - [INFO] - State transition: CONNECTED -> IDLE
2026-01-04 22:39:22 - DroneController - [INFO] - Home position updated: (22.4980202, 88.3723849)
2026-01-04 22:39:24 - DroneController - [INFO] - Requesting home position...
2026-01-04 22:39:24 - DroneController - [INFO] - Home position received: (22.498020, 88.372385)
2026-01-04 22:39:24 - DroneController - [INFO] - Loading mission with 5 points
2026-01-04 22:39:24 - DroneController - [INFO] - Starting position: lat=22.498020, lon=88.372385
2026-01-04 22:39:24 - DroneController - [INFO] - Mission validated: 5 waypoints
2026-01-04 22:39:24 - DroneController - [INFO] - Return home waypoint added: (22.498022, 88.372386)
2026-01-04 22:39:24 - DroneController - [INFO] - Starting arm and takeoff to 3.0m
2026-01-04 22:39:24 - DroneController - [INFO] - Using polygon geofence from KML
2026-01-04 22:39:24 - DroneController - [INFO] - Setting mode to GUIDED (attempt 1)
2026-01-04 22:39:25 - DroneController - [INFO] - Mode changed to GUIDED
2026-01-04 22:39:25 - DroneController - [INFO] - State transition: IDLE -> ARMING
2026-01-04 22:39:25 - DroneController - [INFO] - Waiting for drone to become armable...
2026-01-04 22:39:31 - DroneController - [INFO] - Still waiting for armable... (5s, status=4)
2026-01-04 22:39:31 - DroneController - [INFO] - Still waiting for armable... (5s, status=4)
2026-01-04 22:39:32 - DroneController - [INFO] - Telemetry: 3827 msgs | GPS: (22.498020, 88.372385, 3.00m) | Battery: 18% | Mode: GUIDED
2026-01-04 22:39:36 - DroneController - [INFO] - Still waiting for armable... (10s, status=4)
2026-01-04 22:39:36 - DroneController - [INFO] - Still waiting for armable... (10s, status=4)
2026-01-04 22:39:41 - DroneController - [INFO] - Still waiting for armable... (15s, status=4)
2026-01-04 22:39:41 - DroneController - [INFO] - Still waiting for armable... (15s, status=4)
2026-01-04 22:39:42 - DroneController - [INFO] - Telemetry: 4982 msgs | GPS: (22.498020, 88.372385, 3.00m) | Battery: 15% | Mode: GUIDED
2026-01-04 22:39:46 - DroneController - [INFO] - Still waiting for armable... (20s, status=4)
2026-01-04 22:39:46 - DroneController - [INFO] - Still waiting for armable... (20s, status=4)
2026-01-04 22:39:51 - DroneController - [INFO] - Still waiting for armable... (25s, status=4)
2026-01-04 22:39:51 - DroneController - [INFO] - Still waiting for armable... (25s, status=4)
2026-01-04 22:39:52 - DroneController - [INFO] - Telemetry: 6135 msgs | GPS: (22.498020, 88.372385, 3.00m) | Battery: 13% | Mode: GUIDED
2026-01-04 22:39:56 - DroneController - [ERROR] - Armable timeout after 30s
2026-01-04 22:39:56 - DroneController - [ERROR] - Drone not armable
2026-01-04 22:39:56 - DroneController - [INFO] - State transition: ARMING -> ERROR
2026-01-04 22:39:56 - DroneController - [INFO] - Stopping controller...
2026-01-04 22:39:56 - DroneController - [INFO] - Mission controller stopped
2026-01-04 22:39:56 - DroneController - [INFO] - Telemetry loop stopped. Total messages: 6511
2026-01-04 22:39:56 - DroneController - [INFO] - Message type distribution: {'AHRS': 229, 'AHRS2': 228, 'ATTITUDE': 228, 'BATTERY_STATUS': 228, 'COMMAND_ACK': 1, 'EKF_STATUS_REPORT': 228, 'ESC_TELEMETRY_1_TO_4': 228, 'ESC_TELEMETRY_5_TO_8': 228, 'EXTENDED_SYS_STATE': 37, 'GLOBAL_POSITION_INT': 228, 'GPS_RAW_INT': 228, 'HEARTBEAT': 36, 'HOME_POSITION': 38, 'LOCAL_POSITION_NED': 228, 'MEMINFO': 228, 'MISSION_CURRENT': 228, 'NAV_CONTROLLER_OUTPUT': 228, 'PARAM_VALUE': 2, 'POWER_STATUS': 228, 'RAW_IMU': 228, 'RC_CHANNELS': 228, 'SCALED_IMU2': 228, 'SCALED_IMU3': 228, 'SCALED_PRESSURE': 228, 'SCALED_PRESSURE2': 228, 'SERVO_OUTPUT_RAW': 228, 'SIMSTATE': 228, 'SYSTEM_TIME': 228, 'SYS_STATUS': 228, 'TERRAIN_REPORT': 228, 'TIMESYNC': 4, 'UNKNOWN_437': 8, 'VFR_HUD': 228, 'VIBRATION': 228, 'WIND': 228}
2026-01-04 22:39:56 - DroneController - [INFO] - Command processor stopped
2026-01-04 22:39:57 - DroneController - [INFO] - Heartbeat monitor stopped
2026-01-04 22:39:57 - DroneController - [INFO] - Controller stopped
2026-01-05 19:05:22 - DroneController - [INFO] - Mission planner initialized with KML: /Users/trishit_debsharma/Documents/Code/NIDAR/NIDAR/spray_drone/data/JUs.kml
2026-01-05 19:05:22 - DroneController - [INFO] - DroneController initialized
2026-01-05 19:05:22 - DroneController - [INFO] - Geofence mode: polygon
2026-01-05 19:05:22 - DroneController - [INFO] - Connecting to 127.0.0.1:14551
2026-01-05 19:05:22 - DroneController - [INFO] - Connection attempt 1/3...
2026-01-05 19:05:22 - DroneController - [INFO] - Waiting for heartbeat...
2026-01-05 19:05:22 - DroneController - [INFO] - Heartbeat from system 1, component 0
2026-01-05 19:05:22 - DroneController - [INFO] - Requesting data streams...
2026-01-05 19:05:22 - DroneController - [INFO] - Verifying data stream...
2026-01-05 19:05:22 - DroneController - [INFO] - Verifying data stream reception...
2026-01-05 19:05:23 - DroneController - [INFO] - ✓ All critical data streams verified
2026-01-05 19:05:23 - DroneController - [INFO] - Waiting for data streams to initialize...
2026-01-05 19:05:26 - DroneController - [INFO] - State transition: DISCONNECTED -> CONNECTED
2026-01-05 19:05:26 - DroneController - [INFO] - Telemetry log initialized: telemetry/telemetry_20260105_190526.csv
2026-01-05 19:05:26 - DroneController - [INFO] - ✓ Connection established and verified
2026-01-05 19:05:26 - DroneController - [INFO] - Telemetry loop started
2026-01-05 19:05:26 - DroneController - [INFO] - Heartbeat monitor started
2026-01-05 19:05:26 - DroneController - [INFO] - Command processor started
2026-01-05 19:05:26 - DroneController - [INFO] - Mission controller started
2026-01-05 19:05:26 - DroneController - [INFO] - ✓ First telemetry message received
2026-01-05 19:05:26 - DroneController - [INFO] - All threads started
2026-01-05 19:05:26 - DroneController - [INFO] - State transition: CONNECTED -> IDLE
2026-01-05 19:05:28 - DroneController - [INFO] - Loading mission with 5 points
2026-01-05 19:05:28 - DroneController - [INFO] - Starting and home position: lat=22.498041, lon=88.372440
2026-01-05 19:05:28 - DroneController - [INFO] - Mission validated: 5 waypoints
2026-01-05 19:05:28 - DroneController - [INFO] - Starting arm and takeoff to 3.0m
2026-01-05 19:05:28 - DroneController - [INFO] - Using polygon geofence from KML
2026-01-05 19:05:28 - DroneController - [INFO] - Setting mode to GUIDED (attempt 1)
2026-01-05 19:05:29 - DroneController - [INFO] - Mode changed to GUIDED
2026-01-05 19:05:29 - DroneController - [INFO] - State transition: IDLE -> ARMING
2026-01-05 19:05:29 - DroneController - [INFO] - Waiting for drone to become armable...
2026-01-05 19:05:29 - DroneController - [INFO] - ✓ Drone is armable
2026-01-05 19:05:29 - DroneController - [INFO] - Arming attempt 1/3
2026-01-05 19:05:30 - DroneController - [INFO] - Armed successfully
2026-01-05 19:05:30 - DroneController - [INFO] - State transition: ARMING -> ARMED
2026-01-05 19:05:30 - DroneController - [INFO] - State transition: ARMED -> TAKING_OFF
2026-01-05 19:05:30 - DroneController - [INFO] - Takeoff attempt 1/3
2026-01-05 19:05:30 - DroneController - [INFO] - Takeoff command accepted
2026-01-05 19:05:36 - DroneController - [INFO] - Target altitude reached: 2.52m
2026-01-05 19:05:36 - DroneController - [INFO] - Arm and takeoff complete
2026-01-05 19:05:36 - DroneController - [INFO] - State transition: TAKING_OFF -> ARMED
2026-01-05 19:05:36 - DroneController - [INFO] - Starting mission with 5 waypoints
2026-01-05 19:05:36 - DroneController - [INFO] - State transition: ARMED -> MISSION_ACTIVE
2026-01-05 19:05:36 - DroneController - [INFO] - Sending waypoint: (22.498022, 88.372386, 3.00)
2026-01-05 19:05:36 - DroneController - [ERROR] - Geofence violation: Outside polygon boundary: (22.498041, 88.372439)
2026-01-05 19:05:36 - DroneController - [CRITICAL] - Emergency RTL triggered
2026-01-05 19:05:36 - DroneController - [INFO] - State transition: MISSION_ACTIVE -> RETURNING_HOME
2026-01-05 19:05:36 - DroneController - [INFO] - Setting mode to RTL (attempt 1)
2026-01-05 19:05:36 - DroneController - [INFO] - Telemetry: 2735 msgs | GPS: (22.498041, 88.372439, 3.06m) | Battery: 99% | Mode: RTL
2026-01-05 19:05:37 - DroneController - [INFO] - Mode changed to RTL
2026-01-05 19:05:37 - DroneController - [INFO] - RTL in progress
2026-01-05 19:05:38 - DroneController - [INFO] - Returning to home and landing
2026-01-05 19:05:38 - DroneController - [INFO] - Sending waypoint: (22.498041, 88.372440, 2.93)
2026-01-05 19:05:38 - DroneController - [INFO] - Reached home position, initiating landing
2026-01-05 19:05:40 - DroneController - [INFO] - State transition: RETURNING_HOME -> LANDING
2026-01-05 19:05:40 - DroneController - [INFO] - Setting mode to LAND (attempt 1)
2026-01-05 19:05:41 - DroneController - [INFO] - Mode changed to LAND
2026-01-05 19:05:41 - DroneController - [INFO] - Landing in progress
2026-01-05 19:05:41 - DroneController - [INFO] - Stopping controller...
2026-01-05 19:05:41 - DroneController - [INFO] - Mission controller stopped
2026-01-05 19:05:41 - DroneController - [INFO] - Telemetry loop stopped. Total messages: 3221
2026-01-05 19:05:41 - DroneController - [INFO] - Message type distribution: {'AHRS': 113, 'AHRS2': 112, 'ATTITUDE': 112, 'BATTERY_STATUS': 112, 'COMMAND_ACK': 2, 'EKF_STATUS_REPORT': 112, 'ESC_TELEMETRY_1_TO_4': 112, 'ESC_TELEMETRY_5_TO_8': 112, 'EXTENDED_SYS_STATE': 18, 'GLOBAL_POSITION_INT': 112, 'GPS_GLOBAL_ORIGIN': 1, 'GPS_RAW_INT': 112, 'HEARTBEAT': 20, 'HOME_POSITION': 19, 'LOCAL_POSITION_NED': 112, 'MEMINFO': 112, 'MISSION_CURRENT': 112, 'NAV_CONTROLLER_OUTPUT': 112, 'POSITION_TARGET_GLOBAL_INT': 16, 'POWER_STATUS': 112, 'RAW_IMU': 112, 'RC_CHANNELS': 112, 'SCALED_IMU2': 112, 'SCALED_IMU3': 112, 'SCALED_PRESSURE': 112, 'SCALED_PRESSURE2': 112, 'SERVO_OUTPUT_RAW': 112, 'SIMSTATE': 112, 'STATUSTEXT': 3, 'SYSTEM_TIME': 112, 'SYS_STATUS': 112, 'TERRAIN_REPORT': 112, 'TIMESYNC': 2, 'UNKNOWN_437': 3, 'VFR_HUD': 112, 'VIBRATION': 112, 'WIND': 112}
2026-01-05 19:05:41 - DroneController - [INFO] - Command processor stopped
2026-01-05 19:05:41 - DroneController - [INFO] - Heartbeat monitor stopped
2026-01-05 19:05:41 - DroneController - [INFO] - Controller stopped
2026-01-05 19:08:24 - DroneController - [INFO] - Mission planner initialized with KML: /Users/trishit_debsharma/Documents/Code/NIDAR/NIDAR/spray_drone/data/JUs.kml
2026-01-05 19:08:24 - DroneController - [INFO] - DroneController initialized
2026-01-05 19:08:24 - DroneController - [INFO] - Geofence mode: polygon
2026-01-05 19:08:24 - DroneController - [INFO] - Connecting to 127.0.0.1:14551
2026-01-05 19:08:24 - DroneController - [INFO] - Connection attempt 1/3...
2026-01-05 19:08:24 - DroneController - [INFO] - Waiting for heartbeat...
2026-01-05 19:08:24 - DroneController - [INFO] - Heartbeat from system 1, component 0
2026-01-05 19:08:24 - DroneController - [INFO] - Requesting data streams...
2026-01-05 19:08:24 - DroneController - [INFO] - Verifying data stream...
2026-01-05 19:08:24 - DroneController - [INFO] - Verifying data stream reception...
2026-01-05 19:08:25 - DroneController - [INFO] - ✓ All critical data streams verified
2026-01-05 19:08:25 - DroneController - [INFO] - Waiting for data streams to initialize...
2026-01-05 19:08:28 - DroneController - [INFO] - State transition: DISCONNECTED -> CONNECTED
2026-01-05 19:08:28 - DroneController - [INFO] - Telemetry log initialized: telemetry/telemetry_20260105_190828.csv
2026-01-05 19:08:28 - DroneController - [INFO] - ✓ Connection established and verified
2026-01-05 19:08:28 - DroneController - [INFO] - Telemetry loop started
2026-01-05 19:08:28 - DroneController - [INFO] - ✓ First telemetry message received
2026-01-05 19:08:28 - DroneController - [INFO] - Heartbeat monitor started
2026-01-05 19:08:28 - DroneController - [INFO] - Command processor started
2026-01-05 19:08:28 - DroneController - [INFO] - Mission controller started
2026-01-05 19:08:28 - DroneController - [INFO] - All threads started
2026-01-05 19:08:28 - DroneController - [INFO] - State transition: CONNECTED -> IDLE
2026-01-05 19:08:30 - DroneController - [INFO] - Loading mission with 5 points
2026-01-05 19:08:30 - DroneController - [INFO] - Starting and home position: lat=22.498022, lon=88.372386
2026-01-05 19:08:30 - DroneController - [INFO] - Mission validated: 5 waypoints
2026-01-05 19:08:30 - DroneController - [INFO] - Starting arm and takeoff to 3.0m
2026-01-05 19:08:30 - DroneController - [INFO] - Using polygon geofence from KML
2026-01-05 19:08:30 - DroneController - [INFO] - Setting mode to GUIDED (attempt 1)
2026-01-05 19:08:31 - DroneController - [INFO] - Mode changed to GUIDED
2026-01-05 19:08:31 - DroneController - [INFO] - State transition: IDLE -> ARMING
2026-01-05 19:08:31 - DroneController - [INFO] - Waiting for drone to become armable...
2026-01-05 19:08:31 - DroneController - [INFO] - ✓ Drone is armable
2026-01-05 19:08:31 - DroneController - [INFO] - Arming attempt 1/3
2026-01-05 19:08:31 - DroneController - [INFO] - Armed successfully
2026-01-05 19:08:31 - DroneController - [INFO] - State transition: ARMING -> ARMED
2026-01-05 19:08:31 - DroneController - [INFO] - State transition: ARMED -> TAKING_OFF
2026-01-05 19:08:31 - DroneController - [INFO] - Takeoff attempt 1/3
2026-01-05 19:08:31 - DroneController - [INFO] - Takeoff command accepted
2026-01-05 19:08:37 - DroneController - [INFO] - Target altitude reached: 2.54m
2026-01-05 19:08:37 - DroneController - [INFO] - Arm and takeoff complete
2026-01-05 19:08:37 - DroneController - [INFO] - State transition: TAKING_OFF -> ARMED
2026-01-05 19:08:37 - DroneController - [INFO] - Starting mission with 5 waypoints
2026-01-05 19:08:37 - DroneController - [INFO] - State transition: ARMED -> MISSION_ACTIVE
2026-01-05 19:08:37 - DroneController - [INFO] - Sending waypoint: (22.498022, 88.372386, 3.00)
2026-01-05 19:08:38 - DroneController - [INFO] - Waypoint 1/5 reached
2026-01-05 19:08:38 - DroneController - [INFO] - Sending waypoint: (22.497943, 88.372148, 3.00)
2026-01-05 19:08:38 - DroneController - [INFO] - Telemetry: 7329 msgs | GPS: (22.498021, 88.372383, 2.92m) | Battery: 99% | Mode: GUIDED
2026-01-05 19:08:44 - DroneController - [INFO] - Waypoint 2/5 reached
2026-01-05 19:08:44 - DroneController - [INFO] - Sending waypoint: (22.497764, 88.372255, 3.00)
2026-01-05 19:08:49 - DroneController - [INFO] - Telemetry: 8538 msgs | GPS: (22.497814, 88.372221, 3.01m) | Battery: 96% | Mode: GUIDED
2026-01-05 19:08:49 - DroneController - [INFO] - Waypoint 3/5 reached
2026-01-05 19:08:49 - DroneController - [INFO] - Sending waypoint: (22.497701, 88.372401, 3.00)
2026-01-05 19:08:54 - DroneController - [INFO] - Waypoint 4/5 reached
2026-01-05 19:08:54 - DroneController - [INFO] - Sending waypoint: (22.497600, 88.372300, 3.00)
2026-01-05 19:08:58 - DroneController - [INFO] - Waypoint 5/5 reached
2026-01-05 19:08:58 - DroneController - [INFO] - All waypoints reached
2026-01-05 19:08:59 - DroneController - [INFO] - Telemetry: 9714 msgs | GPS: (22.497614, 88.372318, 3.01m) | Battery: 94% | Mode: GUIDED
2026-01-05 19:09:00 - DroneController - [INFO] - Returning to home and landing
2026-01-05 19:09:00 - DroneController - [INFO] - Sending waypoint: (22.498022, 88.372386, 3.00)
2026-01-05 19:09:09 - DroneController - [INFO] - Telemetry: 10890 msgs | GPS: (22.498007, 88.372383, 3.00m) | Battery: 91% | Mode: GUIDED
2026-01-05 19:09:10 - DroneController - [INFO] - Reached home position, initiating landing
2026-01-05 19:09:12 - DroneController - [INFO] - State transition: MISSION_ACTIVE -> LANDING
2026-01-05 19:09:12 - DroneController - [INFO] - Setting mode to LAND (attempt 1)
2026-01-05 19:09:13 - DroneController - [INFO] - Mode changed to LAND
2026-01-05 19:09:13 - DroneController - [INFO] - Landing in progress
2026-01-05 19:09:13 - DroneController - [INFO] - Stopping controller...
2026-01-05 19:09:13 - DroneController - [INFO] - Mission controller stopped
2026-01-05 19:09:13 - DroneController - [INFO] - Command processor stopped
2026-01-05 19:09:13 - DroneController - [INFO] - Telemetry loop stopped. Total messages: 11389
2026-01-05 19:09:13 - DroneController - [INFO] - Message type distribution: {'AHRS': 399, 'AHRS2': 398, 'ATTITUDE': 398, 'BATTERY_STATUS': 398, 'COMMAND_ACK': 2, 'EKF_STATUS_REPORT': 398, 'ESC_TELEMETRY_1_TO_4': 398, 'ESC_TELEMETRY_5_TO_8': 398, 'GLOBAL_POSITION_INT': 398, 'GPS_GLOBAL_ORIGIN': 1, 'GPS_RAW_INT': 398, 'HEARTBEAT': 49, 'HOME_POSITION': 1, 'LOCAL_POSITION_NED': 398, 'MEMINFO': 398, 'MISSION_CURRENT': 398, 'NAV_CONTROLLER_OUTPUT': 398, 'PARAM_VALUE': 7, 'POSITION_TARGET_GLOBAL_INT': 152, 'POWER_STATUS': 398, 'RAW_IMU': 398, 'RC_CHANNELS': 398, 'SCALED_IMU2': 398, 'SCALED_IMU3': 398, 'SCALED_PRESSURE': 398, 'SCALED_PRESSURE2': 398, 'SERVO_OUTPUT_RAW': 398, 'SIMSTATE': 398, 'STATUSTEXT': 3, 'SYSTEM_TIME': 398, 'SYS_STATUS': 398, 'TERRAIN_REPORT': 398, 'TERRAIN_REQUEST': 24, 'TIMESYNC': 5, 'VFR_HUD': 398, 'VIBRATION': 398, 'WIND': 398}
2026-01-05 19:09:14 - DroneController - [INFO] - Heartbeat monitor stopped
2026-01-05 19:09:14 - DroneController - [INFO] - Controller stopped
2026-01-05 19:11:10 - DroneController - [INFO] - Mission planner initialized with KML: /Users/trishit_debsharma/Documents/Code/NIDAR/NIDAR/spray_drone/data/JUs.kml
2026-01-05 19:11:10 - DroneController - [INFO] - DroneController initialized
2026-01-05 19:11:10 - DroneController - [INFO] - Geofence mode: polygon
2026-01-05 19:11:10 - DroneController - [INFO] - Connecting to 127.0.0.1:14551
2026-01-05 19:11:10 - DroneController - [INFO] - Connection attempt 1/3...
2026-01-05 19:11:10 - DroneController - [INFO] - Waiting for heartbeat...
2026-01-05 19:11:10 - DroneController - [INFO] - Heartbeat from system 1, component 0
2026-01-05 19:11:10 - DroneController - [INFO] - Requesting data streams...
2026-01-05 19:11:10 - DroneController - [INFO] - Verifying data stream...
2026-01-05 19:11:10 - DroneController - [INFO] - Verifying data stream reception...
2026-01-05 19:11:11 - DroneController - [INFO] - ✓ All critical data streams verified
2026-01-05 19:11:11 - DroneController - [INFO] - Waiting for data streams to initialize...
2026-01-05 19:11:14 - DroneController - [INFO] - State transition: DISCONNECTED -> CONNECTED
2026-01-05 19:11:14 - DroneController - [INFO] - Telemetry log initialized: telemetry/telemetry_20260105_191114.csv
2026-01-05 19:11:14 - DroneController - [INFO] - ✓ Connection established and verified
2026-01-05 19:11:14 - DroneController - [INFO] - Telemetry loop started
2026-01-05 19:11:14 - DroneController - [INFO] - Heartbeat monitor started
2026-01-05 19:11:14 - DroneController - [INFO] - ✓ First telemetry message received
2026-01-05 19:11:14 - DroneController - [INFO] - Command processor started
2026-01-05 19:11:14 - DroneController - [INFO] - Mission controller started
2026-01-05 19:11:14 - DroneController - [INFO] - All threads started
2026-01-05 19:11:14 - DroneController - [INFO] - State transition: CONNECTED -> IDLE
2026-01-05 19:11:16 - DroneController - [INFO] - Loading mission with 7 points
2026-01-05 19:11:16 - DroneController - [INFO] - Starting and home position: lat=22.498023, lon=88.372386
2026-01-05 19:11:16 - DroneController - [INFO] - Mission validated: 5 waypoints
2026-01-05 19:11:16 - DroneController - [INFO] - Starting arm and takeoff to 3.0m
2026-01-05 19:11:16 - DroneController - [INFO] - Using polygon geofence from KML
2026-01-05 19:11:16 - DroneController - [INFO] - Setting mode to GUIDED (attempt 1)
2026-01-05 19:11:17 - DroneController - [INFO] - Mode changed to GUIDED
2026-01-05 19:11:17 - DroneController - [INFO] - State transition: IDLE -> ARMING
2026-01-05 19:11:17 - DroneController - [INFO] - Waiting for drone to become armable...
2026-01-05 19:11:17 - DroneController - [INFO] - ✓ Drone is armable
2026-01-05 19:11:17 - DroneController - [INFO] - Arming attempt 1/3
2026-01-05 19:11:18 - DroneController - [INFO] - Armed successfully
2026-01-05 19:11:18 - DroneController - [INFO] - State transition: ARMING -> ARMED
2026-01-05 19:11:18 - DroneController - [INFO] - State transition: ARMED -> TAKING_OFF
2026-01-05 19:11:18 - DroneController - [INFO] - Takeoff attempt 1/3
2026-01-05 19:11:18 - DroneController - [INFO] - Takeoff command accepted
2026-01-05 19:11:24 - DroneController - [INFO] - Target altitude reached: 2.58m
2026-01-05 19:11:24 - DroneController - [INFO] - Arm and takeoff complete
2026-01-05 19:11:24 - DroneController - [INFO] - State transition: TAKING_OFF -> ARMED
2026-01-05 19:11:24 - DroneController - [INFO] - Starting mission with 5 waypoints
2026-01-05 19:11:24 - DroneController - [INFO] - State transition: ARMED -> MISSION_ACTIVE
2026-01-05 19:11:24 - DroneController - [INFO] - Sending waypoint: (22.498022, 88.372386, 3.00)
2026-01-05 19:11:24 - DroneController - [INFO] - Waypoint 1/5 reached
2026-01-05 19:11:24 - DroneController - [INFO] - Sending waypoint: (22.497943, 88.372148, 3.00)
2026-01-05 19:11:25 - DroneController - [INFO] - Telemetry: 6916 msgs | GPS: (22.498022, 88.372384, 2.93m) | Battery: 88% | Mode: GUIDED
2026-01-05 19:11:29 - DroneController - [INFO] - Waypoint 2/5 reached
2026-01-05 19:11:29 - DroneController - [INFO] - Sending waypoint: (22.497764, 88.372255, 3.00)
2026-01-05 19:11:35 - DroneController - [INFO] - Telemetry: 8087 msgs | GPS: (22.497806, 88.372226, 3.00m) | Battery: 86% | Mode: GUIDED
2026-01-05 19:11:35 - DroneController - [INFO] - Waypoint 3/5 reached
2026-01-05 19:11:35 - DroneController - [INFO] - Sending waypoint: (22.497701, 88.372401, 3.00)
2026-01-05 19:11:39 - DroneController - [INFO] - Waypoint 4/5 reached
2026-01-05 19:11:39 - DroneController - [INFO] - Sending waypoint: (22.497600, 88.372300, 3.00)
2026-01-05 19:11:44 - DroneController - [INFO] - Waypoint 5/5 reached
2026-01-05 19:11:44 - DroneController - [INFO] - All waypoints reached
2026-01-05 19:11:45 - DroneController - [INFO] - Telemetry: 9258 msgs | GPS: (22.497609, 88.372312, 3.00m) | Battery: 83% | Mode: GUIDED
2026-01-05 19:11:46 - DroneController - [INFO] - Returning to home and landing
2026-01-05 19:11:46 - DroneController - [INFO] - Sending waypoint: (22.498023, 88.372386, 3.00)
2026-01-05 19:11:55 - DroneController - [INFO] - Telemetry: 10432 msgs | GPS: (22.498009, 88.372383, 3.00m) | Battery: 81% | Mode: GUIDED
2026-01-05 19:11:55 - DroneController - [INFO] - Reached home position, initiating landing
2026-01-05 19:11:57 - DroneController - [INFO] - State transition: MISSION_ACTIVE -> LANDING
2026-01-05 19:11:57 - DroneController - [INFO] - Setting mode to LAND (attempt 1)
2026-01-05 19:11:58 - DroneController - [INFO] - Mode changed to LAND
2026-01-05 19:11:58 - DroneController - [INFO] - Landing in progress
2026-01-05 19:11:58 - DroneController - [INFO] - Landing command sent
2026-01-05 19:12:05 - DroneController - [INFO] - Telemetry: 11577 msgs | GPS: (22.498025, 88.372386, -0.01m) | Battery: 79% | Mode: LAND
2026-01-05 19:12:13 - DroneController - [INFO] - Stopping controller...
2026-01-05 19:12:13 - DroneController - [INFO] - Mission controller stopped
2026-01-05 19:12:13 - DroneController - [INFO] - Heartbeat monitor stopped
2026-01-05 19:12:13 - DroneController - [INFO] - Command processor stopped
2026-01-05 19:12:13 - DroneController - [INFO] - Telemetry loop stopped. Total messages: 12512
2026-01-05 19:12:13 - DroneController - [INFO] - Message type distribution: {'AHRS': 440, 'AHRS2': 439, 'ATTITUDE': 439, 'BATTERY_STATUS': 439, 'COMMAND_ACK': 2, 'EKF_STATUS_REPORT': 439, 'ESC_TELEMETRY_1_TO_4': 439, 'ESC_TELEMETRY_5_TO_8': 439, 'GLOBAL_POSITION_INT': 439, 'GPS_GLOBAL_ORIGIN': 1, 'GPS_RAW_INT': 439, 'HEARTBEAT': 63, 'HOME_POSITION': 1, 'LOCAL_POSITION_NED': 439, 'MEMINFO': 439, 'MISSION_CURRENT': 439, 'NAV_CONTROLLER_OUTPUT': 439, 'PARAM_VALUE': 9, 'POSITION_TARGET_GLOBAL_INT': 132, 'POWER_STATUS': 439, 'RAW_IMU': 439, 'RC_CHANNELS': 439, 'SCALED_IMU2': 439, 'SCALED_IMU3': 439, 'SCALED_PRESSURE': 439, 'SCALED_PRESSURE2': 439, 'SERVO_OUTPUT_RAW': 439, 'SIMSTATE': 439, 'STATUSTEXT': 5, 'SYSTEM_TIME': 439, 'SYS_STATUS': 439, 'TERRAIN_REPORT': 439, 'TIMESYNC': 6, 'VFR_HUD': 439, 'VIBRATION': 439, 'WIND': 439}
2026-01-05 19:12:13 - DroneController - [INFO] - Controller stopped
2026-01-05 19:19:17 - DroneController - [INFO] - Mission planner initialized with KML: /Users/trishit_debsharma/Documents/Code/NIDAR/NIDAR/spray_drone/data/JUs.kml
2026-01-05 19:19:17 - DroneController - [INFO] - DroneController initialized
2026-01-05 19:19:17 - DroneController - [INFO] - Geofence mode: polygon
2026-01-05 19:19:17 - DroneController - [INFO] - Connecting to 127.0.0.1:14551
2026-01-05 19:19:17 - DroneController - [INFO] - Connection attempt 1/3...
2026-01-05 19:19:17 - DroneController - [INFO] - Waiting for heartbeat...
2026-01-05 19:19:18 - DroneController - [INFO] - Heartbeat from system 1, component 0
2026-01-05 19:19:18 - DroneController - [INFO] - Requesting data streams...
2026-01-05 19:19:18 - DroneController - [INFO] - Verifying data stream...
2026-01-05 19:19:18 - DroneController - [INFO] - Verifying data stream reception...
2026-01-05 19:19:19 - DroneController - [INFO] - ✓ All critical data streams verified
2026-01-05 19:19:19 - DroneController - [INFO] - Waiting for data streams to initialize...
2026-01-05 19:19:22 - DroneController - [INFO] - State transition: DISCONNECTED -> CONNECTED
2026-01-05 19:19:22 - DroneController - [INFO] - Telemetry log initialized: telemetry/telemetry_20260105_191922.csv
2026-01-05 19:19:22 - DroneController - [INFO] - ✓ Connection established and verified
2026-01-05 19:19:22 - DroneController - [INFO] - Telemetry loop started
2026-01-05 19:19:22 - DroneController - [INFO] - ✓ First telemetry message received
2026-01-05 19:19:22 - DroneController - [INFO] - Heartbeat monitor started
2026-01-05 19:19:22 - DroneController - [INFO] - Command processor started
2026-01-05 19:19:22 - DroneController - [INFO] - Mission controller started
2026-01-05 19:19:22 - DroneController - [INFO] - All threads started
2026-01-05 19:19:22 - DroneController - [INFO] - State transition: CONNECTED -> IDLE
2026-01-05 19:19:24 - DroneController - [INFO] - Loading mission with 7 points
2026-01-05 19:19:24 - DroneController - [INFO] - Starting and home position: lat=22.498025, lon=88.372386
2026-01-05 19:19:24 - DroneController - [INFO] - Mission validated: 5 waypoints
2026-01-05 19:19:24 - DroneController - [INFO] - Starting arm and takeoff to 3.0m
2026-01-05 19:19:24 - DroneController - [INFO] - Using polygon geofence from KML
2026-01-05 19:19:24 - DroneController - [INFO] - Setting mode to GUIDED (attempt 1)
2026-01-05 19:19:25 - DroneController - [INFO] - Mode changed to GUIDED
2026-01-05 19:19:25 - DroneController - [INFO] - State transition: IDLE -> ARMING
2026-01-05 19:19:25 - DroneController - [INFO] - Waiting for drone to become armable...
2026-01-05 19:19:25 - DroneController - [INFO] - ✓ Drone is armable
2026-01-05 19:19:25 - DroneController - [INFO] - Arming attempt 1/3
2026-01-05 19:19:25 - DroneController - [INFO] - Armed successfully
2026-01-05 19:19:25 - DroneController - [INFO] - State transition: ARMING -> ARMED
2026-01-05 19:19:25 - DroneController - [INFO] - State transition: ARMED -> TAKING_OFF
2026-01-05 19:19:25 - DroneController - [INFO] - Takeoff attempt 1/3
2026-01-05 19:19:25 - DroneController - [INFO] - Takeoff command accepted
2026-01-05 19:19:31 - DroneController - [INFO] - Target altitude reached: 2.54m
2026-01-05 19:19:31 - DroneController - [INFO] - Arm and takeoff complete
2026-01-05 19:19:31 - DroneController - [INFO] - State transition: TAKING_OFF -> ARMED
2026-01-05 19:19:31 - DroneController - [INFO] - Starting mission with 5 waypoints
2026-01-05 19:19:31 - DroneController - [INFO] - State transition: ARMED -> MISSION_ACTIVE
2026-01-05 19:19:31 - DroneController - [INFO] - Sending waypoint: (22.498022, 88.372386, 3.00)
2026-01-05 19:19:31 - DroneController - [INFO] - Waypoint 1/5 reached
2026-01-05 19:19:31 - DroneController - [INFO] - Sending waypoint: (22.497943, 88.372148, 3.00)
2026-01-05 19:19:32 - DroneController - [INFO] - Telemetry: 1607 msgs | GPS: (22.498025, 88.372385, 2.89m) | Battery: 78% | Mode: GUIDED
2026-01-05 19:19:37 - DroneController - [INFO] - Waypoint 2/5 reached
2026-01-05 19:19:37 - DroneController - [INFO] - Sending waypoint: (22.497764, 88.372255, 3.00)
2026-01-05 19:19:42 - DroneController - [INFO] - Telemetry: 2799 msgs | GPS: (22.497809, 88.372224, 3.00m) | Battery: 75% | Mode: GUIDED
2026-01-05 19:19:42 - DroneController - [INFO] - Waypoint 3/5 reached
2026-01-05 19:19:42 - DroneController - [INFO] - Sending waypoint: (22.497701, 88.372401, 3.00)
2026-01-05 19:19:47 - DroneController - [INFO] - Waypoint 4/5 reached
2026-01-05 19:19:47 - DroneController - [INFO] - Sending waypoint: (22.497600, 88.372300, 3.00)
2026-01-05 19:19:51 - DroneController - [INFO] - Waypoint 5/5 reached
2026-01-05 19:19:51 - DroneController - [INFO] - All waypoints reached
2026-01-05 19:19:52 - DroneController - [INFO] - Telemetry: 3998 msgs | GPS: (22.497610, 88.372313, 3.00m) | Battery: 73% | Mode: GUIDED
2026-01-05 19:19:53 - DroneController - [INFO] - Returning to home and landing
2026-01-05 19:19:53 - DroneController - [INFO] - Sending waypoint: (22.498025, 88.372386, 3.00)
2026-01-05 19:20:02 - DroneController - [INFO] - Telemetry: 5192 msgs | GPS: (22.498012, 88.372383, 3.00m) | Battery: 70% | Mode: GUIDED
2026-01-05 19:20:03 - DroneController - [INFO] - Reached home position, initiating landing
2026-01-05 19:20:05 - DroneController - [INFO] - State transition: MISSION_ACTIVE -> LANDING
2026-01-05 19:20:05 - DroneController - [INFO] - Setting mode to LAND (attempt 1)
2026-01-05 19:20:06 - DroneController - [INFO] - Mode changed to LAND
2026-01-05 19:20:06 - DroneController - [INFO] - Landing in progress
2026-01-05 19:20:06 - DroneController - [INFO] - Landing command sent
2026-01-05 19:20:12 - DroneController - [INFO] - Telemetry: 6359 msgs | GPS: (22.498026, 88.372386, 0.01m) | Battery: 68% | Mode: LAND
2026-01-05 19:20:21 - DroneController - [INFO] - Stopping controller...
2026-01-05 19:20:21 - DroneController - [INFO] - Telemetry loop stopped. Total messages: 7404
2026-01-05 19:20:21 - DroneController - [INFO] - Message type distribution: {'AHRS': 229, 'AHRS2': 363, 'ATTITUDE': 363, 'BATTERY_STATUS': 228, 'COMMAND_ACK': 7, 'EKF_STATUS_REPORT': 228, 'ESC_TELEMETRY_1_TO_4': 363, 'ESC_TELEMETRY_5_TO_8': 363, 'EXTENDED_SYS_STATE': 63, 'GLOBAL_POSITION_INT': 248, 'GPS_GLOBAL_ORIGIN': 1, 'GPS_RAW_INT': 211, 'HEARTBEAT': 64, 'HOME_POSITION': 64, 'LOCAL_POSITION_NED': 248, 'MEMINFO': 211, 'MISSION_CURRENT': 211, 'NAV_CONTROLLER_OUTPUT': 211, 'PARAM_VALUE': 8, 'POSITION_TARGET_GLOBAL_INT': 119, 'POWER_STATUS': 211, 'RAW_IMU': 210, 'RC_CHANNELS': 221, 'SCALED_IMU2': 210, 'SCALED_IMU3': 210, 'SCALED_PRESSURE': 210, 'SCALED_PRESSURE2': 210, 'SERVO_OUTPUT_RAW': 221, 'SIMSTATE': 363, 'STATUSTEXT': 5, 'SYSTEM_TIME': 228, 'SYS_STATUS': 211, 'TERRAIN_REPORT': 228, 'TIMESYNC': 7, 'UNKNOWN_437': 13, 'VFR_HUD': 387, 'VIBRATION': 228, 'WIND': 228}
2026-01-05 19:20:21 - DroneController - [INFO] - Heartbeat monitor stopped
2026-01-05 19:20:21 - DroneController - [INFO] - Mission controller stopped
2026-01-05 19:20:21 - DroneController - [INFO] - Command processor stopped
2026-01-05 19:20:21 - DroneController - [INFO] - Controller stopped
2026-01-05 19:26:06 - DroneController - [INFO] - Mission planner initialized with KML: /Users/trishit_debsharma/Documents/Code/NIDAR/NIDAR/spray_drone/data/JUs.kml
2026-01-05 19:26:06 - DroneController - [INFO] - DroneController initialized
2026-01-05 19:26:06 - DroneController - [INFO] - Geofence mode: polygon
2026-01-05 19:26:06 - DroneController - [INFO] - Connecting to 127.0.0.1:14551
2026-01-05 19:26:06 - DroneController - [INFO] - Connection attempt 1/3...
2026-01-05 19:26:06 - DroneController - [INFO] - Waiting for heartbeat...
2026-01-05 19:26:06 - DroneController - [INFO] - Heartbeat from system 1, component 0
2026-01-05 19:26:06 - DroneController - [INFO] - Requesting data streams...
2026-01-05 19:26:06 - DroneController - [INFO] - Verifying data stream...
2026-01-05 19:26:06 - DroneController - [INFO] - Verifying data stream reception...
2026-01-05 19:26:07 - DroneController - [INFO] - ✓ All critical data streams verified
2026-01-05 19:26:07 - DroneController - [INFO] - Waiting for data streams to initialize...
2026-01-05 19:26:10 - DroneController - [INFO] - State transition: DISCONNECTED -> CONNECTED
2026-01-05 19:26:10 - DroneController - [INFO] - Telemetry log initialized: telemetry/telemetry_20260105_192610.csv
2026-01-05 19:26:10 - DroneController - [INFO] - ✓ Connection established and verified
2026-01-05 19:26:10 - DroneController - [INFO] - Telemetry loop started
2026-01-05 19:26:10 - DroneController - [INFO] - Heartbeat monitor started
2026-01-05 19:26:10 - DroneController - [INFO] - ✓ First telemetry message received
2026-01-05 19:26:10 - DroneController - [INFO] - Command processor started
2026-01-05 19:26:10 - DroneController - [INFO] - Mission controller started
2026-01-05 19:26:10 - DroneController - [INFO] - All threads started
2026-01-05 19:26:10 - DroneController - [INFO] - State transition: CONNECTED -> IDLE
2026-01-05 19:26:12 - DroneController - [INFO] - Loading mission with 7 points
2026-01-05 19:26:12 - DroneController - [INFO] - Starting and home position: lat=22.498026, lon=88.372385
2026-01-05 19:26:12 - DroneController - [INFO] - Mission validated: 5 waypoints
2026-01-05 19:26:12 - DroneController - [INFO] - Starting arm and takeoff to 3.0m
2026-01-05 19:26:12 - DroneController - [INFO] - Using polygon geofence from KML
2026-01-05 19:26:12 - DroneController - [INFO] - Setting mode to GUIDED (attempt 1)
2026-01-05 19:26:13 - DroneController - [INFO] - Mode changed to GUIDED
2026-01-05 19:26:13 - DroneController - [INFO] - State transition: IDLE -> ARMING
2026-01-05 19:26:13 - DroneController - [INFO] - Waiting for drone to become armable...
2026-01-05 19:26:13 - DroneController - [INFO] - ✓ Drone is armable
2026-01-05 19:26:13 - DroneController - [INFO] - Arming attempt 1/3
2026-01-05 19:26:15 - DroneController - [WARNING] - No messages received in 5 seconds
2026-01-05 19:26:16 - DroneController - [WARNING] - ✗ ACK timeout for command 400
2026-01-05 19:26:17 - DroneController - [INFO] - Arming attempt 2/3
2026-01-05 19:26:18 - DroneController - [WARNING] - No heartbeat for 6.0s
2026-01-05 19:26:19 - DroneController - [WARNING] - No heartbeat for 7.0s
2026-01-05 19:26:20 - DroneController - [WARNING] - No heartbeat for 8.0s
2026-01-05 19:26:20 - DroneController - [WARNING] - ✗ ACK timeout for command 400
2026-01-05 19:26:20 - DroneController - [WARNING] - No messages received in 5 seconds
2026-01-05 19:26:21 - DroneController - [WARNING] - No heartbeat for 9.0s
2026-01-05 19:26:21 - DroneController - [INFO] - Arming attempt 3/3
2026-01-05 19:26:22 - DroneController - [WARNING] - No heartbeat for 10.0s
2026-01-05 19:26:23 - DroneController - [WARNING] - No heartbeat for 11.0s
2026-01-05 19:26:24 - DroneController - [WARNING] - No heartbeat for 12.0s
2026-01-05 19:26:24 - DroneController - [WARNING] - ✗ ACK timeout for command 400
2026-01-05 19:26:25 - DroneController - [WARNING] - No heartbeat for 13.0s
2026-01-05 19:26:25 - DroneController - [ERROR] - Failed to arm after retries
2026-01-05 19:26:25 - DroneController - [INFO] - State transition: ARMING -> ERROR
2026-01-05 19:26:25 - DroneController - [INFO] - Stopping controller...
2026-01-05 19:26:25 - DroneController - [INFO] - Mission controller stopped
2026-01-05 19:26:25 - DroneController - [INFO] - Command processor stopped
2026-01-05 19:26:25 - DroneController - [WARNING] - No messages received in 5 seconds
2026-01-05 19:26:25 - DroneController - [INFO] - Telemetry loop stopped. Total messages: 1560
2026-01-05 19:26:25 - DroneController - [INFO] - Message type distribution: {'AHRS': 55, 'AHRS2': 55, 'ATTITUDE': 55, 'BATTERY_STATUS': 55, 'EKF_STATUS_REPORT': 55, 'ESC_TELEMETRY_1_TO_4': 55, 'ESC_TELEMETRY_5_TO_8': 55, 'EXTENDED_SYS_STATE': 6, 'GLOBAL_POSITION_INT': 55, 'GPS_RAW_INT': 55, 'HEARTBEAT': 6, 'HOME_POSITION': 6, 'LOCAL_POSITION_NED': 55, 'MEMINFO': 55, 'MISSION_CURRENT': 55, 'NAV_CONTROLLER_OUTPUT': 55, 'POWER_STATUS': 55, 'RAW_IMU': 55, 'RC_CHANNELS': 55, 'SCALED_IMU2': 55, 'SCALED_IMU3': 55, 'SCALED_PRESSURE': 55, 'SCALED_PRESSURE2': 55, 'SERVO_OUTPUT_RAW': 55, 'SIMSTATE': 55, 'SYSTEM_TIME': 55, 'SYS_STATUS': 55, 'TERRAIN_REPORT': 55, 'TIMESYNC': 1, 'UNKNOWN_437': 1, 'VFR_HUD': 55, 'VIBRATION': 55, 'WIND': 55}
2026-01-05 19:26:26 - DroneController - [INFO] - Heartbeat monitor stopped
2026-01-05 19:26:26 - DroneController - [INFO] - Controller stopped
2026-01-05 19:27:21 - DroneController - [INFO] - Mission planner initialized with KML: /Users/trishit_debsharma/Documents/Code/NIDAR/NIDAR/spray_drone/data/JUs.kml
2026-01-05 19:27:21 - DroneController - [INFO] - DroneController initialized
2026-01-05 19:27:21 - DroneController - [INFO] - Geofence mode: polygon
2026-01-05 19:27:21 - DroneController - [INFO] - Connecting to 127.0.0.1:14551
2026-01-05 19:27:21 - DroneController - [INFO] - Connection attempt 1/3...
2026-01-05 19:27:21 - DroneController - [INFO] - Waiting for heartbeat...
2026-01-05 19:27:22 - DroneController - [INFO] - Heartbeat from system 1, component 0
2026-01-05 19:27:22 - DroneController - [INFO] - Requesting data streams...
2026-01-05 19:27:22 - DroneController - [INFO] - Verifying data stream...
2026-01-05 19:27:22 - DroneController - [INFO] - Verifying data stream reception...
2026-01-05 19:27:23 - DroneController - [INFO] - ✓ All critical data streams verified
2026-01-05 19:27:23 - DroneController - [INFO] - Waiting for data streams to initialize...
2026-01-05 19:27:26 - DroneController - [INFO] - State transition: DISCONNECTED -> CONNECTED
2026-01-05 19:27:26 - DroneController - [INFO] - Telemetry log initialized: telemetry/telemetry_20260105_192726.csv
2026-01-05 19:27:26 - DroneController - [INFO] - ✓ Connection established and verified
2026-01-05 19:27:26 - DroneController - [INFO] - Telemetry loop started
2026-01-05 19:27:26 - DroneController - [INFO] - Heartbeat monitor started
2026-01-05 19:27:26 - DroneController - [INFO] - Command processor started
2026-01-05 19:27:26 - DroneController - [INFO] - ✓ First telemetry message received
2026-01-05 19:27:26 - DroneController - [INFO] - Mission controller started
2026-01-05 19:27:26 - DroneController - [INFO] - All threads started
2026-01-05 19:27:26 - DroneController - [INFO] - State transition: CONNECTED -> IDLE
2026-01-05 19:27:28 - DroneController - [INFO] - Loading mission with 7 points
2026-01-05 19:27:28 - DroneController - [INFO] - Starting and home position: lat=22.498041, lon=88.372440
2026-01-05 19:27:28 - DroneController - [INFO] - Mission validated: 5 waypoints
2026-01-05 19:27:28 - DroneController - [INFO] - Starting arm and takeoff to 3.0m
2026-01-05 19:27:28 - DroneController - [INFO] - Using polygon geofence from KML
2026-01-05 19:27:28 - DroneController - [INFO] - Setting mode to GUIDED (attempt 1)
2026-01-05 19:27:29 - DroneController - [INFO] - Mode changed to GUIDED
2026-01-05 19:27:29 - DroneController - [INFO] - State transition: IDLE -> ARMING
2026-01-05 19:27:29 - DroneController - [INFO] - Waiting for drone to become armable...
2026-01-05 19:27:29 - DroneController - [INFO] - ✓ Drone is armable
2026-01-05 19:27:29 - DroneController - [INFO] - Arming attempt 1/3
2026-01-05 19:27:29 - DroneController - [INFO] - Armed successfully
2026-01-05 19:27:29 - DroneController - [INFO] - State transition: ARMING -> ARMED
2026-01-05 19:27:29 - DroneController - [INFO] - State transition: ARMED -> TAKING_OFF
2026-01-05 19:27:29 - DroneController - [INFO] - Takeoff attempt 1/3
2026-01-05 19:27:29 - DroneController - [INFO] - Takeoff command accepted
2026-01-05 19:27:35 - DroneController - [INFO] - Target altitude reached: 2.85m
2026-01-05 19:27:35 - DroneController - [INFO] - Arm and takeoff complete
2026-01-05 19:27:35 - DroneController - [INFO] - State transition: TAKING_OFF -> ARMED
2026-01-05 19:27:35 - DroneController - [INFO] - Starting mission with 5 waypoints
2026-01-05 19:27:35 - DroneController - [INFO] - State transition: ARMED -> MISSION_ACTIVE
2026-01-05 19:27:35 - DroneController - [INFO] - Sending waypoint: (22.498022, 88.372386, 3.00)
2026-01-05 19:27:36 - DroneController - [INFO] - Telemetry: 1840 msgs | GPS: (22.498041, 88.372439, 2.98m) | Battery: 99% | Mode: GUIDED
2026-01-05 19:27:38 - DroneController - [INFO] - Waypoint 1/5 reached
2026-01-05 19:27:38 - DroneController - [INFO] - Sending waypoint: (22.497943, 88.372148, 3.00)
2026-01-05 19:27:43 - DroneController - [INFO] - Waypoint 2/5 reached
2026-01-05 19:27:43 - DroneController - [INFO] - Sending waypoint: (22.497764, 88.372255, 3.00)
2026-01-05 19:27:46 - DroneController - [INFO] - Telemetry: 3008 msgs | GPS: (22.497905, 88.372161, 3.01m) | Battery: 96% | Mode: GUIDED
2026-01-05 19:27:49 - DroneController - [INFO] - Waypoint 3/5 reached
2026-01-05 19:27:49 - DroneController - [INFO] - Sending waypoint: (22.497701, 88.372401, 3.00)
2026-01-05 19:27:53 - DroneController - [INFO] - Waypoint 4/5 reached
2026-01-05 19:27:53 - DroneController - [INFO] - Sending waypoint: (22.497600, 88.372300, 3.00)
2026-01-05 19:27:56 - DroneController - [INFO] - Telemetry: 4207 msgs | GPS: (22.497666, 88.372376, 3.02m) | Battery: 94% | Mode: GUIDED
2026-01-05 19:27:58 - DroneController - [INFO] - Waypoint 5/5 reached
2026-01-05 19:27:58 - DroneController - [INFO] - All waypoints reached
2026-01-05 19:27:59 - DroneController - [INFO] - Returning to home and landing
2026-01-05 19:27:59 - DroneController - [INFO] - Sending waypoint: (22.498041, 88.372440, 3.00)
2026-01-05 19:28:06 - DroneController - [INFO] - Telemetry: 5400 msgs | GPS: (22.497898, 88.372394, 3.01m) | Battery: 91% | Mode: GUIDED
2026-01-05 19:28:09 - DroneController - [INFO] - Reached home position, initiating landing
2026-01-05 19:28:11 - DroneController - [INFO] - State transition: MISSION_ACTIVE -> LANDING
2026-01-05 19:28:11 - DroneController - [INFO] - Setting mode to LAND (attempt 1)
2026-01-05 19:28:12 - DroneController - [INFO] - Mode changed to LAND
2026-01-05 19:28:12 - DroneController - [INFO] - Landing in progress
2026-01-05 19:28:12 - DroneController - [INFO] - Landing command sent
2026-01-05 19:28:16 - DroneController - [INFO] - Telemetry: 6580 msgs | GPS: (22.498043, 88.372440, 1.10m) | Battery: 89% | Mode: LAND
2026-01-05 19:28:26 - DroneController - [INFO] - Telemetry: 7739 msgs | GPS: (22.498042, 88.372440, 0.01m) | Battery: 88% | Mode: LAND
2026-01-05 19:28:27 - DroneController - [INFO] - Stopping controller...
2026-01-05 19:28:27 - DroneController - [INFO] - Mission controller stopped
2026-01-05 19:28:28 - DroneController - [INFO] - Telemetry loop stopped. Total messages: 7941
2026-01-05 19:28:28 - DroneController - [INFO] - Message type distribution: {'AHRS': 240, 'AHRS2': 372, 'ATTITUDE': 372, 'BATTERY_STATUS': 239, 'COMMAND_ACK': 7, 'EKF_STATUS_REPORT': 239, 'ESC_TELEMETRY_1_TO_4': 372, 'ESC_TELEMETRY_5_TO_8': 372, 'EXTENDED_SYS_STATE': 65, 'GLOBAL_POSITION_INT': 276, 'GPS_GLOBAL_ORIGIN': 1, 'GPS_RAW_INT': 243, 'HEARTBEAT': 66, 'HOME_POSITION': 66, 'LOCAL_POSITION_NED': 276, 'MEMINFO': 243, 'MISSION_CURRENT': 243, 'NAV_CONTROLLER_OUTPUT': 243, 'PARAM_VALUE': 11, 'POSITION_TARGET_GLOBAL_INT': 133, 'POWER_STATUS': 243, 'RAW_IMU': 232, 'RC_CHANNELS': 253, 'SCALED_IMU2': 232, 'SCALED_IMU3': 232, 'SCALED_PRESSURE': 232, 'SCALED_PRESSURE2': 232, 'SERVO_OUTPUT_RAW': 253, 'SIMSTATE': 372, 'STATUSTEXT': 5, 'SYSTEM_TIME': 239, 'SYS_STATUS': 243, 'TERRAIN_REPORT': 239, 'TERRAIN_REQUEST': 14, 'TIMESYNC': 6, 'UNKNOWN_437': 13, 'VFR_HUD': 344, 'VIBRATION': 239, 'WIND': 239}
2026-01-05 19:28:28 - DroneController - [INFO] - Command processor stopped
2026-01-05 19:28:28 - DroneController - [INFO] - Heartbeat monitor stopped
2026-01-05 19:28:28 - DroneController - [INFO] - Controller stopped
2026-01-10 18:09:17 - DroneController - [INFO] - Mission planner initialized with KML: /home/sajjad/NIDAR/scan_drone/data/JUs.kml
2026-01-10 18:09:17 - DroneController - [INFO] - DroneController initialized
2026-01-10 18:09:17 - DroneController - [INFO] - Geofence mode: polygon
2026-01-10 18:09:17 - DroneController - [INFO] - Connecting to 127.0.0.1:14551
2026-01-10 18:09:17 - DroneController - [INFO] - Connection attempt 1/3...
2026-01-10 18:09:17 - DroneController - [INFO] - Waiting for heartbeat...
2026-01-10 18:09:47 - DroneController - [INFO] - Heartbeat from system 0, component 0
2026-01-10 18:09:47 - DroneController - [INFO] - Requesting data streams...
2026-01-10 18:09:47 - DroneController - [INFO] - Verifying data stream...
2026-01-10 18:09:47 - DroneController - [INFO] - Verifying data stream reception...
2026-01-10 18:09:57 - DroneController - [WARNING] - Missing message types: ['HEARTBEAT', 'GLOBAL_POSITION_INT', 'ATTITUDE', 'SYS_STATUS']
2026-01-10 18:09:57 - DroneController - [ERROR] - ✗ Data stream verification failed
2026-01-10 18:09:57 - DroneController - [WARNING] - Data stream verification failed, retrying...
2026-01-10 18:09:59 - DroneController - [INFO] - Connection attempt 2/3...
2026-01-10 18:09:59 - DroneController - [INFO] - Waiting for heartbeat...
2026-01-10 18:10:03 - DroneController - [CRITICAL] - EMERGENCY STOP
2026-01-10 18:10:04 - DroneController - [INFO] - Stopping controller...
2026-01-10 18:10:04 - DroneController - [INFO] - Controller stopped
2026-01-10 18:13:02 - DroneController - [INFO] - Mission planner initialized with KML: /Users/trishit_debsharma/Documents/Code/NIDAR/NIDAR/scan_drone/data/JUs.kml
2026-01-10 18:13:02 - DroneController - [INFO] - DroneController initialized
2026-01-10 18:13:02 - DroneController - [INFO] - Geofence mode: polygon
2026-01-10 18:13:02 - DroneController - [INFO] - Connecting to 127.0.0.1:14551
2026-01-10 18:13:02 - DroneController - [INFO] - Connection attempt 1/3...
2026-01-10 18:13:02 - DroneController - [INFO] - Waiting for heartbeat...
2026-01-10 18:13:03 - DroneController - [INFO] - Heartbeat from system 1, component 0
2026-01-10 18:13:03 - DroneController - [INFO] - Requesting data streams...
2026-01-10 18:13:03 - DroneController - [INFO] - Verifying data stream...
2026-01-10 18:13:03 - DroneController - [INFO] - Verifying data stream reception...
2026-01-10 18:13:04 - DroneController - [INFO] - ✓ All critical data streams verified
2026-01-10 18:13:04 - DroneController - [INFO] - Waiting for data streams to initialize...
2026-01-10 18:13:07 - DroneController - [INFO] - State transition: DISCONNECTED -> CONNECTED
2026-01-10 18:13:07 - DroneController - [INFO] - Telemetry log initialized: telemetry/telemetry_20260110_181307.csv
2026-01-10 18:13:07 - DroneController - [INFO] - ✓ Connection established and verified
2026-01-10 18:13:07 - DroneController - [INFO] - Telemetry loop started
2026-01-10 18:13:07 - DroneController - [INFO] - Heartbeat monitor started
2026-01-10 18:13:07 - DroneController - [INFO] - Command processor started
2026-01-10 18:13:07 - DroneController - [INFO] - Mission controller started
2026-01-10 18:13:07 - DroneController - [INFO] - ✓ First telemetry message received
2026-01-10 18:13:07 - DroneController - [INFO] - All threads started
2026-01-10 18:13:07 - DroneController - [INFO] - State transition: CONNECTED -> IDLE
2026-01-10 18:13:09 - DroneController - [INFO] - Loading mission with 7 points
2026-01-10 18:13:09 - DroneController - [INFO] - Starting and home position: lat=22.498022, lon=88.372386
2026-01-10 18:13:09 - DroneController - [INFO] - Stopping controller...
2026-01-10 18:13:09 - DroneController - [INFO] - Heartbeat monitor stopped
2026-01-10 18:13:09 - DroneController - [INFO] - Command processor stopped
2026-01-10 18:13:09 - DroneController - [INFO] - Telemetry loop stopped. Total messages: 1027
2026-01-10 18:13:09 - DroneController - [INFO] - Message type distribution: {'AHRS': 27, 'AHRS2': 44, 'ATTITUDE': 44, 'BATTERY_STATUS': 27, 'EKF_STATUS_REPORT': 27, 'ESC_TELEMETRY_1_TO_4': 44, 'ESC_TELEMETRY_5_TO_8': 44, 'EXTENDED_SYS_STATE': 5, 'GLOBAL_POSITION_INT': 15, 'GPS_RAW_INT': 43, 'HEARTBEAT': 5, 'HOME_POSITION': 6, 'LOCAL_POSITION_NED': 15, 'MEMINFO': 43, 'MISSION_CURRENT': 43, 'NAV_CONTROLLER_OUTPUT': 43, 'POWER_STATUS': 43, 'RAW_IMU': 32, 'RC_CHANNELS': 52, 'SCALED_IMU2': 32, 'SCALED_IMU3': 32, 'SCALED_PRESSURE': 32, 'SCALED_PRESSURE2': 32, 'SERVO_OUTPUT_RAW': 52, 'SIMSTATE': 44, 'SYSTEM_TIME': 27, 'SYS_STATUS': 43, 'TERRAIN_REPORT': 27, 'TERRAIN_REQUEST': 2, 'UNKNOWN_437': 1, 'VFR_HUD': 47, 'VIBRATION': 27, 'WIND': 27}
2026-01-10 18:13:09 - DroneController - [INFO] - Mission controller stopped
2026-01-10 18:13:09 - DroneController - [INFO] - Controller stopped
2026-01-10 18:15:09 - DroneController - [INFO] - Mission planner initialized with KML: /Users/trishit_debsharma/Documents/Code/NIDAR/NIDAR/scan_drone/data/JUs.kml
2026-01-10 18:15:09 - DroneController - [INFO] - DroneController initialized
2026-01-10 18:15:09 - DroneController - [INFO] - Geofence mode: polygon
2026-01-10 18:15:09 - DroneController - [INFO] - Connecting to 127.0.0.1:14551
2026-01-10 18:15:09 - DroneController - [INFO] - Connection attempt 1/3...
2026-01-10 18:15:09 - DroneController - [INFO] - Waiting for heartbeat...
2026-01-10 18:15:09 - DroneController - [INFO] - Heartbeat from system 1, component 0
2026-01-10 18:15:09 - DroneController - [INFO] - Requesting data streams...
2026-01-10 18:15:09 - DroneController - [INFO] - Verifying data stream...
2026-01-10 18:15:09 - DroneController - [INFO] - Verifying data stream reception...
2026-01-10 18:15:10 - DroneController - [INFO] - ✓ All critical data streams verified
2026-01-10 18:15:10 - DroneController - [INFO] - Waiting for data streams to initialize...
2026-01-10 18:15:13 - DroneController - [INFO] - State transition: DISCONNECTED -> CONNECTED
2026-01-10 18:15:13 - DroneController - [INFO] - Telemetry log initialized: telemetry/telemetry_20260110_181513.csv
2026-01-10 18:15:13 - DroneController - [INFO] - ✓ Connection established and verified
2026-01-10 18:15:13 - DroneController - [INFO] - Telemetry loop started
2026-01-10 18:15:13 - DroneController - [INFO] - ✓ First telemetry message received
2026-01-10 18:15:13 - DroneController - [INFO] - Heartbeat monitor started
2026-01-10 18:15:13 - DroneController - [INFO] - Command processor started
2026-01-10 18:15:13 - DroneController - [INFO] - Mission controller started
2026-01-10 18:15:13 - DroneController - [INFO] - All threads started
2026-01-10 18:15:13 - DroneController - [INFO] - State transition: CONNECTED -> IDLE
2026-01-10 18:15:15 - DroneController - [INFO] - Loading mission with 7 points
2026-01-10 18:15:15 - DroneController - [INFO] - Starting and home position: lat=22.498022, lon=88.372386
2026-01-10 18:15:15 - DroneController - [INFO] - Mission validated: 175 waypoints
2026-01-10 18:15:15 - DroneController - [INFO] - Starting arm and takeoff to 3.0m
2026-01-10 18:15:15 - DroneController - [INFO] - Using polygon geofence from KML
2026-01-10 18:15:15 - DroneController - [INFO] - Setting mode to GUIDED (attempt 1)
2026-01-10 18:15:16 - DroneController - [INFO] - Mode changed to GUIDED
2026-01-10 18:15:16 - DroneController - [INFO] - State transition: IDLE -> ARMING
2026-01-10 18:15:16 - DroneController - [INFO] - Waiting for drone to become armable...
2026-01-10 18:15:16 - DroneController - [INFO] - ✓ Drone is armable
2026-01-10 18:15:16 - DroneController - [INFO] - Arming attempt 1/3
2026-01-10 18:15:16 - DroneController - [INFO] - Armed successfully
2026-01-10 18:15:16 - DroneController - [INFO] - State transition: ARMING -> ARMED
2026-01-10 18:15:16 - DroneController - [INFO] - State transition: ARMED -> TAKING_OFF
2026-01-10 18:15:16 - DroneController - [INFO] - Takeoff attempt 1/3
2026-01-10 18:15:16 - DroneController - [INFO] - Takeoff command accepted
2026-01-10 18:15:22 - DroneController - [INFO] - Target altitude reached: 2.57m
2026-01-10 18:15:22 - DroneController - [INFO] - Arm and takeoff complete
2026-01-10 18:15:22 - DroneController - [INFO] - State transition: TAKING_OFF -> ARMED
2026-01-10 18:15:22 - DroneController - [INFO] - Starting mission with 175 waypoints
2026-01-10 18:15:22 - DroneController - [INFO] - State transition: ARMED -> MISSION_ACTIVE
2026-01-10 18:15:22 - DroneController - [INFO] - Sending waypoint: (22.497961, 88.372439, 3.00)
2026-01-10 18:15:22 - DroneController - [INFO] - Stopping controller...
2026-01-10 18:15:23 - DroneController - [INFO] - Telemetry loop stopped. Total messages: 6824
2026-01-10 18:15:23 - DroneController - [INFO] - Message type distribution: {'AHRS': 243, 'AHRS2': 242, 'ATTITUDE': 242, 'BATTERY_STATUS': 242, 'COMMAND_ACK': 2, 'EKF_STATUS_REPORT': 242, 'ESC_TELEMETRY_1_TO_4': 242, 'ESC_TELEMETRY_5_TO_8': 242, 'EXTENDED_SYS_STATE': 13, 'GLOBAL_POSITION_INT': 242, 'GPS_GLOBAL_ORIGIN': 1, 'GPS_RAW_INT': 242, 'HEARTBEAT': 13, 'HOME_POSITION': 14, 'LOCAL_POSITION_NED': 242, 'MEMINFO': 242, 'MISSION_CURRENT': 242, 'NAV_CONTROLLER_OUTPUT': 242, 'POWER_STATUS': 242, 'RAW_IMU': 242, 'RC_CHANNELS': 242, 'SCALED_IMU2': 242, 'SCALED_IMU3': 242, 'SCALED_PRESSURE': 242, 'SCALED_PRESSURE2': 242, 'SERVO_OUTPUT_RAW': 242, 'SIMSTATE': 242, 'STATUSTEXT': 1, 'SYSTEM_TIME': 242, 'SYS_STATUS': 242, 'TERRAIN_REPORT': 242, 'TIMESYNC': 1, 'UNKNOWN_437': 2, 'VFR_HUD': 242, 'VIBRATION': 242, 'WIND': 242}
2026-01-10 18:15:23 - DroneController - [INFO] - Mission controller stopped
2026-01-10 18:15:23 - DroneController - [INFO] - Command processor stopped
2026-01-10 18:15:23 - DroneController - [INFO] - Heartbeat monitor stopped
2026-01-10 18:15:23 - DroneController - [INFO] - Controller stopped
2026-01-10 18:17:47 - DroneController - [INFO] - Mission planner initialized with KML: /Users/trishit_debsharma/Documents/Code/NIDAR/NIDAR/scan_drone/data/JUs.kml
2026-01-10 18:17:47 - DroneController - [INFO] - DroneController initialized
2026-01-10 18:17:47 - DroneController - [INFO] - Geofence mode: polygon
2026-01-10 18:17:47 - DroneController - [INFO] - Connecting to 127.0.0.1:14551
2026-01-10 18:17:47 - DroneController - [INFO] - Connection attempt 1/3...
2026-01-10 18:17:47 - DroneController - [INFO] - Waiting for heartbeat...
2026-01-10 18:17:47 - DroneController - [INFO] - Heartbeat from system 1, component 0
2026-01-10 18:17:47 - DroneController - [INFO] - Requesting data streams...
2026-01-10 18:17:47 - DroneController - [INFO] - Verifying data stream...
2026-01-10 18:17:47 - DroneController - [INFO] - Verifying data stream reception...
2026-01-10 18:17:48 - DroneController - [INFO] - ✓ All critical data streams verified
2026-01-10 18:17:48 - DroneController - [INFO] - Waiting for data streams to initialize...
2026-01-10 18:17:51 - DroneController - [INFO] - State transition: DISCONNECTED -> CONNECTED
2026-01-10 18:17:51 - DroneController - [INFO] - Telemetry log initialized: telemetry/telemetry_20260110_181751.csv
2026-01-10 18:17:51 - DroneController - [INFO] - ✓ Connection established and verified
2026-01-10 18:17:51 - DroneController - [INFO] - Telemetry loop started
2026-01-10 18:17:51 - DroneController - [INFO] - Heartbeat monitor started
2026-01-10 18:17:51 - DroneController - [INFO] - ✓ First telemetry message received
2026-01-10 18:17:51 - DroneController - [INFO] - Command processor started
2026-01-10 18:17:51 - DroneController - [INFO] - Mission controller started
2026-01-10 18:17:51 - DroneController - [INFO] - All threads started
2026-01-10 18:17:51 - DroneController - [INFO] - State transition: CONNECTED -> IDLE
2026-01-10 18:17:53 - DroneController - [INFO] - Loading mission with 7 points
2026-01-10 18:17:53 - DroneController - [INFO] - Starting and home position: lat=22.498022, lon=88.372386
2026-01-10 18:17:53 - DroneController - [INFO] - Mission validated: 175 waypoints
2026-01-10 18:17:53 - DroneController - [INFO] - Starting arm and takeoff to 3.0m
2026-01-10 18:17:53 - DroneController - [INFO] - Using polygon geofence from KML
2026-01-10 18:17:53 - DroneController - [INFO] - Setting mode to GUIDED (attempt 1)
2026-01-10 18:17:54 - DroneController - [INFO] - Mode changed to GUIDED
2026-01-10 18:17:54 - DroneController - [INFO] - State transition: IDLE -> ARMING
2026-01-10 18:17:54 - DroneController - [INFO] - Waiting for drone to become armable...
2026-01-10 18:18:00 - DroneController - [INFO] - Still waiting for armable... (5s, status=4)
2026-01-10 18:18:00 - DroneController - [INFO] - Still waiting for armable... (5s, status=4)
2026-01-10 18:18:02 - DroneController - [INFO] - Telemetry: 3600 msgs | GPS: (22.498022, 88.372386, 3.00m) | Battery: 61% | Mode: GUIDED
2026-01-10 18:18:02 - DroneController - [CRITICAL] - EMERGENCY STOP
2026-01-10 18:18:12 - DroneController - [INFO] - Telemetry: 4761 msgs | GPS: (22.498022, 88.372386, -0.15m) | Battery: 59% | Mode: STABILIZE
2026-01-10 18:18:12 - DroneController - [INFO] - Stopping controller...
2026-01-10 18:18:12 - DroneController - [INFO] - Mission controller stopped
2026-01-10 18:18:12 - DroneController - [INFO] - Telemetry loop stopped. Total messages: 4847
2026-01-10 18:18:12 - DroneController - [INFO] - Message type distribution: {'AHRS': 171, 'AHRS2': 170, 'ATTITUDE': 170, 'BATTERY_STATUS': 170, 'COMMAND_ACK': 1, 'EKF_STATUS_REPORT': 170, 'ESC_TELEMETRY_1_TO_4': 170, 'ESC_TELEMETRY_5_TO_8': 170, 'EXTENDED_SYS_STATE': 24, 'GLOBAL_POSITION_INT': 170, 'GPS_RAW_INT': 170, 'HEARTBEAT': 24, 'HOME_POSITION': 24, 'LOCAL_POSITION_NED': 170, 'MEMINFO': 170, 'MISSION_CURRENT': 170, 'NAV_CONTROLLER_OUTPUT': 170, 'PARAM_VALUE': 5, 'POWER_STATUS': 170, 'RAW_IMU': 170, 'RC_CHANNELS': 170, 'SCALED_IMU2': 170, 'SCALED_IMU3': 170, 'SCALED_PRESSURE': 170, 'SCALED_PRESSURE2': 170, 'SERVO_OUTPUT_RAW': 170, 'SIMSTATE': 170, 'STATUSTEXT': 1, 'SYSTEM_TIME': 170, 'SYS_STATUS': 170, 'TERRAIN_REPORT': 170, 'TIMESYNC': 2, 'UNKNOWN_437': 5, 'VFR_HUD': 170, 'VIBRATION': 170, 'WIND': 170}
2026-01-10 18:18:13 - DroneController - [INFO] - Heartbeat monitor stopped
2026-01-10 18:18:13 - DroneController - [INFO] - Command processor stopped
2026-01-10 18:18:13 - DroneController - [INFO] - Controller stopped
2026-01-10 18:18:23 - DroneController - [INFO] - Mission planner initialized with KML: /Users/trishit_debsharma/Documents/Code/NIDAR/NIDAR/scan_drone/data/JUs.kml
2026-01-10 18:18:23 - DroneController - [INFO] - DroneController initialized
2026-01-10 18:18:23 - DroneController - [INFO] - Geofence mode: polygon
2026-01-10 18:18:23 - DroneController - [INFO] - Connecting to 127.0.0.1:14551
2026-01-10 18:18:23 - DroneController - [INFO] - Connection attempt 1/3...
2026-01-10 18:18:23 - DroneController - [INFO] - Waiting for heartbeat...
2026-01-10 18:18:23 - DroneController - [INFO] - Heartbeat from system 1, component 0
2026-01-10 18:18:23 - DroneController - [INFO] - Requesting data streams...
2026-01-10 18:18:23 - DroneController - [INFO] - Verifying data stream...
2026-01-10 18:18:23 - DroneController - [INFO] - Verifying data stream reception...
2026-01-10 18:18:24 - DroneController - [INFO] - ✓ All critical data streams verified
2026-01-10 18:18:24 - DroneController - [INFO] - Waiting for data streams to initialize...
2026-01-10 18:18:27 - DroneController - [INFO] - State transition: DISCONNECTED -> CONNECTED
2026-01-10 18:18:27 - DroneController - [INFO] - Telemetry log initialized: telemetry/telemetry_20260110_181827.csv
2026-01-10 18:18:27 - DroneController - [INFO] - ✓ Connection established and verified
2026-01-10 18:18:27 - DroneController - [INFO] - Telemetry loop started
2026-01-10 18:18:27 - DroneController - [INFO] - Heartbeat monitor started
2026-01-10 18:18:27 - DroneController - [INFO] - ✓ First telemetry message received
2026-01-10 18:18:27 - DroneController - [INFO] - Command processor started
2026-01-10 18:18:27 - DroneController - [INFO] - Mission controller started
2026-01-10 18:18:27 - DroneController - [INFO] - All threads started
2026-01-10 18:18:27 - DroneController - [INFO] - State transition: CONNECTED -> IDLE
2026-01-10 18:18:29 - DroneController - [INFO] - Loading mission with 7 points
2026-01-10 18:18:29 - DroneController - [INFO] - Starting and home position: lat=22.498022, lon=88.372386
2026-01-10 18:18:29 - DroneController - [INFO] - Mission validated: 175 waypoints
2026-01-10 18:18:29 - DroneController - [INFO] - Starting arm and takeoff to 3.0m
2026-01-10 18:18:29 - DroneController - [INFO] - Using polygon geofence from KML
2026-01-10 18:18:29 - DroneController - [INFO] - Setting mode to GUIDED (attempt 1)
2026-01-10 18:18:30 - DroneController - [INFO] - Mode changed to GUIDED
2026-01-10 18:18:31 - DroneController - [INFO] - State transition: IDLE -> ARMING
2026-01-10 18:18:31 - DroneController - [INFO] - Waiting for drone to become armable...
2026-01-10 18:18:31 - DroneController - [INFO] - ✓ Drone is armable
2026-01-10 18:18:31 - DroneController - [INFO] - Arming attempt 1/3
2026-01-10 18:18:31 - DroneController - [INFO] - Armed successfully
2026-01-10 18:18:31 - DroneController - [INFO] - State transition: ARMING -> ARMED
2026-01-10 18:18:31 - DroneController - [INFO] - State transition: ARMED -> TAKING_OFF
2026-01-10 18:18:31 - DroneController - [INFO] - Takeoff attempt 1/3
2026-01-10 18:18:31 - DroneController - [INFO] - Takeoff command accepted
2026-01-10 18:18:37 - DroneController - [INFO] - Target altitude reached: 2.58m
2026-01-10 18:18:37 - DroneController - [INFO] - Arm and takeoff complete
2026-01-10 18:18:37 - DroneController - [INFO] - State transition: TAKING_OFF -> ARMED
2026-01-10 18:18:37 - DroneController - [INFO] - Starting mission with 175 waypoints
2026-01-10 18:18:37 - DroneController - [INFO] - State transition: ARMED -> MISSION_ACTIVE
2026-01-10 18:18:37 - DroneController - [INFO] - Sending waypoint: (22.497961, 88.372439, 3.00)
2026-01-10 18:18:37 - DroneController - [INFO] - Telemetry: 7349 msgs | GPS: (22.498019, 88.372388, 2.94m) | Battery: 58% | Mode: GUIDED
2026-01-10 18:18:40 - DroneController - [INFO] - Waypoint 1/175 reached
2026-01-10 18:18:40 - DroneController - [INFO] - Sending waypoint: (22.497981, 88.372428, 3.00)
2026-01-10 18:18:40 - DroneController - [INFO] - Waypoint 2/175 reached
2026-01-10 18:18:40 - DroneController - [INFO] - Sending waypoint: (22.497998, 88.372415, 3.00)
2026-01-10 18:18:42 - DroneController - [INFO] - Waypoint 3/175 reached
2026-01-10 18:18:42 - DroneController - [INFO] - Sending waypoint: (22.498012, 88.372401, 3.00)
2026-01-10 18:18:43 - DroneController - [INFO] - Waypoint 4/175 reached
2026-01-10 18:18:43 - DroneController - [INFO] - Sending waypoint: (22.498022, 88.372386, 3.00)
2026-01-10 18:18:43 - DroneController - [INFO] - Waypoint 5/175 reached
2026-01-10 18:18:43 - DroneController - [INFO] - Sending waypoint: (22.498029, 88.372369, 3.00)
2026-01-10 18:18:44 - DroneController - [INFO] - Waypoint 6/175 reached
2026-01-10 18:18:44 - DroneController - [INFO] - Sending waypoint: (22.498032, 88.372350, 3.00)
2026-01-10 18:18:45 - DroneController - [INFO] - Waypoint 7/175 reached
2026-01-10 18:18:45 - DroneController - [INFO] - Sending waypoint: (22.498033, 88.372330, 3.00)
2026-01-10 18:18:46 - DroneController - [INFO] - Waypoint 8/175 reached
2026-01-10 18:18:46 - DroneController - [INFO] - Sending waypoint: (22.498029, 88.372308, 3.00)
2026-01-10 18:18:47 - DroneController - [INFO] - Waypoint 9/175 reached
2026-01-10 18:18:47 - DroneController - [INFO] - Sending waypoint: (22.498023, 88.372284, 3.00)
2026-01-10 18:18:48 - DroneController - [INFO] - Telemetry: 8895 msgs | GPS: (22.498031, 88.372318, 3.00m) | Battery: 56% | Mode: GUIDED
2026-01-10 18:18:48 - DroneController - [INFO] - Waypoint 10/175 reached
2026-01-10 18:18:48 - DroneController - [INFO] - Sending waypoint: (22.497943, 88.372048, 3.00)
2026-01-10 18:18:53 - DroneController - [INFO] - Waypoint 11/175 reached
2026-01-10 18:18:53 - DroneController - [INFO] - Sending waypoint: (22.497934, 88.372027, 3.00)
2026-01-10 18:18:54 - DroneController - [INFO] - Waypoint 12/175 reached
2026-01-10 18:18:54 - DroneController - [INFO] - Sending waypoint: (22.497924, 88.372009, 3.00)
2026-01-10 18:18:55 - DroneController - [INFO] - Waypoint 13/175 reached
2026-01-10 18:18:55 - DroneController - [INFO] - Sending waypoint: (22.497912, 88.371994, 3.00)
2026-01-10 18:18:55 - DroneController - [INFO] - Waypoint 14/175 reached
2026-01-10 18:18:55 - DroneController - [INFO] - Sending waypoint: (22.497899, 88.371984, 3.00)
2026-01-10 18:18:56 - DroneController - [INFO] - Waypoint 15/175 reached
2026-01-10 18:18:56 - DroneController - [INFO] - Sending waypoint: (22.497884, 88.371977, 3.00)
2026-01-10 18:18:57 - DroneController - [INFO] - Waypoint 16/175 reached
2026-01-10 18:18:57 - DroneController - [INFO] - Sending waypoint: (22.497868, 88.371973, 3.00)
2026-01-10 18:18:58 - DroneController - [INFO] - Telemetry: 10088 msgs | GPS: (22.497897, 88.371982, 3.00m) | Battery: 54% | Mode: GUIDED
2026-01-10 18:18:58 - DroneController - [INFO] - Waypoint 17/175 reached
2026-01-10 18:18:58 - DroneController - [INFO] - Sending waypoint: (22.497850, 88.371973, 3.00)
2026-01-10 18:18:59 - DroneController - [INFO] - Waypoint 18/175 reached
2026-01-10 18:18:59 - DroneController - [INFO] - Sending waypoint: (22.497831, 88.371977, 3.00)
2026-01-10 18:19:00 - DroneController - [INFO] - Waypoint 19/175 reached
2026-01-10 18:19:00 - DroneController - [INFO] - Sending waypoint: (22.497810, 88.371985, 3.00)
2026-01-10 18:19:01 - DroneController - [INFO] - Waypoint 20/175 reached
2026-01-10 18:19:01 - DroneController - [INFO] - Sending waypoint: (22.497617, 88.372069, 3.00)
2026-01-10 18:19:05 - DroneController - [INFO] - Waypoint 21/175 reached
2026-01-10 18:19:05 - DroneController - [INFO] - Sending waypoint: (22.497597, 88.372079, 3.00)
2026-01-10 18:19:06 - DroneController - [INFO] - Waypoint 22/175 reached
2026-01-10 18:19:06 - DroneController - [INFO] - Sending waypoint: (22.497581, 88.372091, 3.00)
2026-01-10 18:19:07 - DroneController - [INFO] - Waypoint 23/175 reached
2026-01-10 18:19:07 - DroneController - [INFO] - Sending waypoint: (22.497567, 88.372104, 3.00)
2026-01-10 18:19:08 - DroneController - [INFO] - Telemetry: 11281 msgs | GPS: (22.497594, 88.372082, 3.00m) | Battery: 51% | Mode: GUIDED
2026-01-10 18:19:08 - DroneController - [INFO] - Waypoint 24/175 reached
2026-01-10 18:19:08 - DroneController - [INFO] - Sending waypoint: (22.497557, 88.372119, 3.00)
2026-01-10 18:19:09 - DroneController - [INFO] - Waypoint 25/175 reached
2026-01-10 18:19:09 - DroneController - [INFO] - Sending waypoint: (22.497550, 88.372136, 3.00)
2026-01-10 18:19:10 - DroneController - [INFO] - Waypoint 26/175 reached
2026-01-10 18:19:10 - DroneController - [INFO] - Sending waypoint: (22.497546, 88.372154, 3.00)
2026-01-10 18:19:10 - DroneController - [INFO] - Waypoint 27/175 reached
2026-01-10 18:19:10 - DroneController - [INFO] - Sending waypoint: (22.497546, 88.372174, 3.00)
2026-01-10 18:19:11 - DroneController - [INFO] - Waypoint 28/175 reached
2026-01-10 18:19:11 - DroneController - [INFO] - Sending waypoint: (22.497548, 88.372195, 3.00)
2026-01-10 18:19:12 - DroneController - [INFO] - Waypoint 29/175 reached
2026-01-10 18:19:12 - DroneController - [INFO] - Sending waypoint: (22.497554, 88.372218, 3.00)
2026-01-10 18:19:13 - DroneController - [INFO] - Waypoint 30/175 reached
2026-01-10 18:19:13 - DroneController - [INFO] - Sending waypoint: (22.497632, 88.372466, 3.00)
2026-01-10 18:19:18 - DroneController - [INFO] - Telemetry: 12479 msgs | GPS: (22.497611, 88.372402, 3.00m) | Battery: 49% | Mode: GUIDED
2026-01-10 18:19:19 - DroneController - [INFO] - Waypoint 31/175 reached
2026-01-10 18:19:19 - DroneController - [INFO] - Sending waypoint: (22.497640, 88.372488, 3.00)
2026-01-10 18:19:19 - DroneController - [INFO] - Waypoint 32/175 reached
2026-01-10 18:19:19 - DroneController - [INFO] - Sending waypoint: (22.497650, 88.372507, 3.00)
2026-01-10 18:19:20 - DroneController - [INFO] - Waypoint 33/175 reached
2026-01-10 18:19:20 - DroneController - [INFO] - Sending waypoint: (22.497662, 88.372522, 3.00)
2026-01-10 18:19:21 - DroneController - [INFO] - Waypoint 34/175 reached
2026-01-10 18:19:21 - DroneController - [INFO] - Sending waypoint: (22.497675, 88.372533, 3.00)
2026-01-10 18:19:21 - DroneController - [INFO] - Waypoint 35/175 reached
2026-01-10 18:19:21 - DroneController - [INFO] - Sending waypoint: (22.497690, 88.372540, 3.00)
2026-01-10 18:19:22 - DroneController - [INFO] - Waypoint 36/175 reached
2026-01-10 18:19:22 - DroneController - [INFO] - Sending waypoint: (22.497706, 88.372543, 3.00)
2026-01-10 18:19:23 - DroneController - [INFO] - Waypoint 37/175 reached
2026-01-10 18:19:23 - DroneController - [INFO] - Sending waypoint: (22.497724, 88.372542, 3.00)
2026-01-10 18:19:24 - DroneController - [INFO] - Waypoint 38/175 reached
2026-01-10 18:19:24 - DroneController - [INFO] - Sending waypoint: (22.497743, 88.372538, 3.00)
2026-01-10 18:19:25 - DroneController - [INFO] - Waypoint 39/175 reached
2026-01-10 18:19:25 - DroneController - [INFO] - Sending waypoint: (22.497764, 88.372530, 3.00)
2026-01-10 18:19:26 - DroneController - [INFO] - Waypoint 40/175 reached
2026-01-10 18:19:26 - DroneController - [INFO] - Sending waypoint: (22.497935, 88.372412, 3.00)
2026-01-10 18:19:28 - DroneController - [INFO] - Telemetry: 13672 msgs | GPS: (22.497789, 88.372514, 3.00m) | Battery: 46% | Mode: GUIDED
2026-01-10 18:19:31 - DroneController - [INFO] - Waypoint 41/175 reached
2026-01-10 18:19:31 - DroneController - [INFO] - Sending waypoint: (22.497954, 88.372401, 3.00)
2026-01-10 18:19:32 - DroneController - [INFO] - Waypoint 42/175 reached
2026-01-10 18:19:32 - DroneController - [INFO] - Sending waypoint: (22.497970, 88.372389, 3.00)
2026-01-10 18:19:32 - DroneController - [INFO] - Waypoint 43/175 reached
2026-01-10 18:19:32 - DroneController - [INFO] - Sending waypoint: (22.497982, 88.372375, 3.00)
2026-01-10 18:19:33 - DroneController - [INFO] - Waypoint 44/175 reached
2026-01-10 18:19:33 - DroneController - [INFO] - Sending waypoint: (22.497990, 88.372359, 3.00)
2026-01-10 18:19:34 - DroneController - [INFO] - Waypoint 45/175 reached
2026-01-10 18:19:34 - DroneController - [INFO] - Sending waypoint: (22.497995, 88.372342, 3.00)
2026-01-10 18:19:34 - DroneController - [INFO] - Waypoint 46/175 reached
2026-01-10 18:19:34 - DroneController - [INFO] - Sending waypoint: (22.497996, 88.372323, 3.00)
2026-01-10 18:19:35 - DroneController - [INFO] - Waypoint 47/175 reached
2026-01-10 18:19:35 - DroneController - [INFO] - Sending waypoint: (22.497994, 88.372302, 3.00)
2026-01-10 18:19:36 - DroneController - [INFO] - Waypoint 48/175 reached
2026-01-10 18:19:36 - DroneController - [INFO] - Sending waypoint: (22.497988, 88.372279, 3.00)
2026-01-10 18:19:37 - DroneController - [INFO] - Waypoint 49/175 reached
2026-01-10 18:19:37 - DroneController - [INFO] - Sending waypoint: (22.497920, 88.372078, 3.00)
2026-01-10 18:19:38 - DroneController - [INFO] - Telemetry: 14866 msgs | GPS: (22.497994, 88.372296, 3.00m) | Battery: 44% | Mode: GUIDED
2026-01-10 18:19:42 - DroneController - [INFO] - Waypoint 50/175 reached
2026-01-10 18:19:42 - DroneController - [INFO] - Sending waypoint: (22.497911, 88.372055, 3.00)
2026-01-10 18:19:43 - DroneController - [INFO] - Waypoint 51/175 reached
2026-01-10 18:19:43 - DroneController - [INFO] - Sending waypoint: (22.497899, 88.372037, 3.00)
2026-01-10 18:19:44 - DroneController - [INFO] - Waypoint 52/175 reached
2026-01-10 18:19:44 - DroneController - [INFO] - Sending waypoint: (22.497885, 88.372024, 3.00)
2026-01-10 18:19:44 - DroneController - [INFO] - Waypoint 53/175 reached
2026-01-10 18:19:44 - DroneController - [INFO] - Sending waypoint: (22.497869, 88.372016, 3.00)
2026-01-10 18:19:45 - DroneController - [INFO] - Waypoint 54/175 reached
2026-01-10 18:19:45 - DroneController - [INFO] - Sending waypoint: (22.497850, 88.372014, 3.00)
2026-01-10 18:19:46 - DroneController - [INFO] - Waypoint 55/175 reached
2026-01-10 18:19:46 - DroneController - [INFO] - Sending waypoint: (22.497830, 88.372016, 3.00)
2026-01-10 18:19:47 - DroneController - [INFO] - Waypoint 56/175 reached
2026-01-10 18:19:47 - DroneController - [INFO] - Sending waypoint: (22.497808, 88.372024, 3.00)
2026-01-10 18:19:48 - DroneController - [INFO] - Telemetry: 16061 msgs | GPS: (22.497843, 88.372013, 3.00m) | Battery: 42% | Mode: GUIDED
2026-01-10 18:19:48 - DroneController - [INFO] - Waypoint 57/175 reached
2026-01-10 18:19:48 - DroneController - [INFO] - Sending waypoint: (22.497643, 88.372097, 3.00)
2026-01-10 18:19:53 - DroneController - [INFO] - Waypoint 58/175 reached
2026-01-10 18:19:53 - DroneController - [INFO] - Sending waypoint: (22.497624, 88.372106, 3.00)
2026-01-10 18:19:53 - DroneController - [INFO] - Waypoint 59/175 reached
2026-01-10 18:19:53 - DroneController - [INFO] - Sending waypoint: (22.497609, 88.372118, 3.00)
2026-01-10 18:19:54 - DroneController - [INFO] - Waypoint 60/175 reached
2026-01-10 18:19:54 - DroneController - [INFO] - Sending waypoint: (22.497597, 88.372131, 3.00)
2026-01-10 18:19:55 - DroneController - [INFO] - Waypoint 61/175 reached
2026-01-10 18:19:55 - DroneController - [INFO] - Sending waypoint: (22.497588, 88.372147, 3.00)
2026-01-10 18:19:56 - DroneController - [INFO] - Waypoint 62/175 reached
2026-01-10 18:19:56 - DroneController - [INFO] - Sending waypoint: (22.497583, 88.372163, 3.00)
2026-01-10 18:19:56 - DroneController - [INFO] - Waypoint 63/175 reached
2026-01-10 18:19:56 - DroneController - [INFO] - Sending waypoint: (22.497582, 88.372182, 3.00)
2026-01-10 18:19:57 - DroneController - [INFO] - Waypoint 64/175 reached
2026-01-10 18:19:57 - DroneController - [INFO] - Sending waypoint: (22.497584, 88.372202, 3.00)
2026-01-10 18:19:58 - DroneController - [INFO] - Telemetry: 17256 msgs | GPS: (22.497582, 88.372167, 3.00m) | Battery: 39% | Mode: GUIDED
2026-01-10 18:19:58 - DroneController - [INFO] - Waypoint 65/175 reached
2026-01-10 18:19:58 - DroneController - [INFO] - Sending waypoint: (22.497589, 88.372224, 3.00)
2026-01-10 18:19:59 - DroneController - [INFO] - Waypoint 66/175 reached
2026-01-10 18:19:59 - DroneController - [INFO] - Sending waypoint: (22.497654, 88.372436, 3.00)
2026-01-10 18:20:04 - DroneController - [INFO] - Waypoint 67/175 reached
2026-01-10 18:20:04 - DroneController - [INFO] - Sending waypoint: (22.497664, 88.372461, 3.00)
2026-01-10 18:20:05 - DroneController - [INFO] - Waypoint 68/175 reached
2026-01-10 18:20:05 - DroneController - [INFO] - Sending waypoint: (22.497675, 88.372479, 3.00)
2026-01-10 18:20:06 - DroneController - [INFO] - Waypoint 69/175 reached
2026-01-10 18:20:06 - DroneController - [INFO] - Sending waypoint: (22.497689, 88.372493, 3.00)
2026-01-10 18:20:06 - DroneController - [INFO] - Waypoint 70/175 reached
2026-01-10 18:20:06 - DroneController - [INFO] - Sending waypoint: (22.497705, 88.372500, 3.00)
2026-01-10 18:20:07 - DroneController - [INFO] - Waypoint 71/175 reached
2026-01-10 18:20:07 - DroneController - [INFO] - Sending waypoint: (22.497724, 88.372503, 3.00)
2026-01-10 18:20:08 - DroneController - [INFO] - Telemetry: 18447 msgs | GPS: (22.497693, 88.372494, 3.00m) | Battery: 37% | Mode: GUIDED
2026-01-10 18:20:08 - DroneController - [INFO] - Waypoint 72/175 reached
2026-01-10 18:20:08 - DroneController - [INFO] - Sending waypoint: (22.497744, 88.372500, 3.00)
2026-01-10 18:20:09 - DroneController - [INFO] - Waypoint 73/175 reached
2026-01-10 18:20:09 - DroneController - [INFO] - Sending waypoint: (22.497767, 88.372491, 3.00)
2026-01-10 18:20:10 - DroneController - [INFO] - Waypoint 74/175 reached
2026-01-10 18:20:10 - DroneController - [INFO] - Sending waypoint: (22.497909, 88.372385, 3.00)
2026-01-10 18:20:14 - DroneController - [INFO] - Waypoint 75/175 reached
2026-01-10 18:20:14 - DroneController - [INFO] - Sending waypoint: (22.497927, 88.372375, 3.00)
2026-01-10 18:20:15 - DroneController - [INFO] - Waypoint 76/175 reached
2026-01-10 18:20:15 - DroneController - [INFO] - Sending waypoint: (22.497941, 88.372363, 3.00)
2026-01-10 18:20:16 - DroneController - [INFO] - Waypoint 77/175 reached
2026-01-10 18:20:16 - DroneController - [INFO] - Sending waypoint: (22.497951, 88.372349, 3.00)
2026-01-10 18:20:17 - DroneController - [INFO] - Waypoint 78/175 reached
2026-01-10 18:20:17 - DroneController - [INFO] - Sending waypoint: (22.497957, 88.372333, 3.00)
2026-01-10 18:20:17 - DroneController - [INFO] - Waypoint 79/175 reached
2026-01-10 18:20:17 - DroneController - [INFO] - Sending waypoint: (22.497960, 88.372315, 3.00)
2026-01-10 18:20:18 - DroneController - [INFO] - Telemetry: 19644 msgs | GPS: (22.497950, 88.372349, 3.00m) | Battery: 34% | Mode: GUIDED
2026-01-10 18:20:18 - DroneController - [INFO] - Waypoint 80/175 reached
2026-01-10 18:20:18 - DroneController - [INFO] - Sending waypoint: (22.497958, 88.372296, 3.00)
2026-01-10 18:20:19 - DroneController - [INFO] - Waypoint 81/175 reached
2026-01-10 18:20:19 - DroneController - [INFO] - Sending waypoint: (22.497953, 88.372274, 3.00)
2026-01-10 18:20:20 - DroneController - [INFO] - Waypoint 82/175 reached
2026-01-10 18:20:20 - DroneController - [INFO] - Sending waypoint: (22.497898, 88.372108, 3.00)
2026-01-10 18:20:24 - DroneController - [INFO] - Waypoint 83/175 reached
2026-01-10 18:20:24 - DroneController - [INFO] - Sending waypoint: (22.497888, 88.372086, 3.00)
2026-01-10 18:20:25 - DroneController - [INFO] - Waypoint 84/175 reached
2026-01-10 18:20:25 - DroneController - [INFO] - Sending waypoint: (22.497876, 88.372069, 3.00)
2026-01-10 18:20:26 - DroneController - [INFO] - Waypoint 85/175 reached
2026-01-10 18:20:26 - DroneController - [INFO] - Sending waypoint: (22.497862, 88.372059, 3.00)
2026-01-10 18:20:26 - DroneController - [INFO] - Waypoint 86/175 reached
2026-01-10 18:20:26 - DroneController - [INFO] - Sending waypoint: (22.497845, 88.372055, 3.00)
2026-01-10 18:20:27 - DroneController - [INFO] - Waypoint 87/175 reached
2026-01-10 18:20:27 - DroneController - [INFO] - Sending waypoint: (22.497826, 88.372056, 3.00)
2026-01-10 18:20:28 - DroneController - [INFO] - Telemetry: 20836 msgs | GPS: (22.497859, 88.372058, 3.00m) | Battery: 32% | Mode: GUIDED
2026-01-10 18:20:28 - DroneController - [INFO] - Waypoint 88/175 reached
2026-01-10 18:20:28 - DroneController - [INFO] - Sending waypoint: (22.497805, 88.372063, 3.00)
2026-01-10 18:20:29 - DroneController - [INFO] - Waypoint 89/175 reached
2026-01-10 18:20:29 - DroneController - [INFO] - Sending waypoint: (22.497669, 88.372124, 3.00)
2026-01-10 18:20:33 - DroneController - [INFO] - Waypoint 90/175 reached
2026-01-10 18:20:33 - DroneController - [INFO] - Sending waypoint: (22.497651, 88.372134, 3.00)
2026-01-10 18:20:34 - DroneController - [INFO] - Waypoint 91/175 reached
2026-01-10 18:20:34 - DroneController - [INFO] - Sending waypoint: (22.497638, 88.372145, 3.00)
2026-01-10 18:20:35 - DroneController - [INFO] - Waypoint 92/175 reached
2026-01-10 18:20:35 - DroneController - [INFO] - Sending waypoint: (22.497627, 88.372158, 3.00)
2026-01-10 18:20:35 - DroneController - [INFO] - Waypoint 93/175 reached
2026-01-10 18:20:35 - DroneController - [INFO] - Sending waypoint: (22.497621, 88.372174, 3.00)
2026-01-10 18:20:36 - DroneController - [INFO] - Waypoint 94/175 reached
2026-01-10 18:20:36 - DroneController - [INFO] - Sending waypoint: (22.497618, 88.372191, 3.00)
2026-01-10 18:20:37 - DroneController - [INFO] - Waypoint 95/175 reached
2026-01-10 18:20:37 - DroneController - [INFO] - Sending waypoint: (22.497619, 88.372210, 3.00)
2026-01-10 18:20:37 - DroneController - [INFO] - Waypoint 96/175 reached
2026-01-10 18:20:37 - DroneController - [INFO] - Sending waypoint: (22.497624, 88.372230, 3.00)
2026-01-10 18:20:38 - DroneController - [INFO] - Telemetry: 22029 msgs | GPS: (22.497619, 88.372187, 3.00m) | Battery: 30% | Mode: GUIDED
2026-01-10 18:20:38 - DroneController - [INFO] - Waypoint 97/175 reached
2026-01-10 18:20:38 - DroneController - [INFO] - Sending waypoint: (22.497677, 88.372407, 3.00)
2026-01-10 18:20:43 - DroneController - [INFO] - Waypoint 98/175 reached
2026-01-10 18:20:43 - DroneController - [INFO] - Sending waypoint: (22.497686, 88.372430, 3.00)
2026-01-10 18:20:44 - DroneController - [INFO] - Waypoint 99/175 reached
2026-01-10 18:20:44 - DroneController - [INFO] - Sending waypoint: (22.497698, 88.372447, 3.00)
2026-01-10 18:20:44 - DroneController - [INFO] - Waypoint 100/175 reached
2026-01-10 18:20:44 - DroneController - [INFO] - Sending waypoint: (22.497712, 88.372458, 3.00)
2026-01-10 18:20:45 - DroneController - [INFO] - Waypoint 101/175 reached
2026-01-10 18:20:45 - DroneController - [INFO] - Sending waypoint: (22.497729, 88.372462, 3.00)
2026-01-10 18:20:46 - DroneController - [INFO] - Waypoint 102/175 reached
2026-01-10 18:20:46 - DroneController - [INFO] - Sending waypoint: (22.497748, 88.372460, 3.00)
2026-01-10 18:20:47 - DroneController - [INFO] - Waypoint 103/175 reached
2026-01-10 18:20:47 - DroneController - [INFO] - Sending waypoint: (22.497770, 88.372452, 3.00)
2026-01-10 18:20:48 - DroneController - [INFO] - Telemetry: 23225 msgs | GPS: (22.497741, 88.372462, 3.00m) | Battery: 27% | Mode: GUIDED
2026-01-10 18:20:48 - DroneController - [INFO] - Waypoint 104/175 reached
2026-01-10 18:20:48 - DroneController - [INFO] - Sending waypoint: (22.497883, 88.372359, 3.00)
2026-01-10 18:20:51 - DroneController - [CRITICAL] - EMERGENCY STOP
2026-01-10 18:20:51 - DroneController - [CRITICAL] - Emergency land triggered
2026-01-10 18:20:51 - DroneController - [INFO] - State transition: MISSION_ACTIVE -> LANDING
2026-01-10 18:20:51 - DroneController - [INFO] - Setting mode to LAND (attempt 1)
2026-01-10 18:20:52 - DroneController - [INFO] - Mode changed to LAND
2026-01-10 18:20:52 - DroneController - [INFO] - Landing in progress
2026-01-10 18:20:52 - DroneController - [INFO] - Waypoint 105/175 reached
2026-01-10 18:20:52 - DroneController - [INFO] - Sending waypoint: (22.497902, 88.372346, 3.00)
2026-01-10 18:20:57 - DroneController - [ERROR] - Geofence violation: Altitude too low: 0.48m < 0.5m
2026-01-10 18:20:57 - DroneController - [CRITICAL] - Emergency RTL triggered
2026-01-10 18:20:57 - DroneController - [INFO] - State transition: LANDING -> RETURNING_HOME
2026-01-10 18:20:57 - DroneController - [INFO] - Setting mode to RTL (attempt 1)
2026-01-10 18:20:58 - DroneController - [INFO] - Mode changed to RTL
2026-01-10 18:20:58 - DroneController - [INFO] - RTL in progress
2026-01-10 18:20:58 - DroneController - [INFO] - Telemetry: 24398 msgs | GPS: (22.497875, 88.372365, 0.15m) | Battery: 25% | Mode: RTL
2026-01-10 18:21:01 - DroneController - [INFO] - Stopping controller...
2026-01-10 18:21:01 - DroneController - [INFO] - Telemetry loop stopped. Total messages: 24785
2026-01-10 18:21:01 - DroneController - [INFO] - Message type distribution: {'AHRS': 846, 'AHRS2': 845, 'ATTITUDE': 845, 'BATTERY_STATUS': 845, 'COMMAND_ACK': 2, 'EKF_STATUS_REPORT': 845, 'ESC_TELEMETRY_1_TO_4': 845, 'ESC_TELEMETRY_5_TO_8': 845, 'EXTENDED_SYS_STATE': 157, 'GLOBAL_POSITION_INT': 845, 'GPS_GLOBAL_ORIGIN': 1, 'GPS_RAW_INT': 845, 'HEARTBEAT': 159, 'HOME_POSITION': 158, 'LOCAL_POSITION_NED': 845, 'MEMINFO': 845, 'MISSION_CURRENT': 845, 'NAV_CONTROLLER_OUTPUT': 845, 'PARAM_VALUE': 16, 'POSITION_TARGET_GLOBAL_INT': 581, 'POWER_STATUS': 845, 'RAW_IMU': 845, 'RC_CHANNELS': 845, 'SCALED_IMU2': 845, 'SCALED_IMU3': 845, 'SCALED_PRESSURE': 845, 'SCALED_PRESSURE2': 845, 'SERVO_OUTPUT_RAW': 845, 'SIMSTATE': 845, 'STATUSTEXT': 3, 'SYSTEM_TIME': 845, 'SYS_STATUS': 845, 'TERRAIN_REPORT': 845, 'TIMESYNC': 15, 'UNKNOWN_437': 32, 'VFR_HUD': 845, 'VIBRATION': 845, 'WIND': 845}
2026-01-10 18:21:01 - DroneController - [INFO] - Mission controller stopped
2026-01-10 18:21:01 - DroneController - [INFO] - Command processor stopped
2026-01-10 18:21:02 - DroneController - [INFO] - Heartbeat monitor stopped
2026-01-10 18:21:02 - DroneController - [INFO] - Controller stopped
2026-01-10 18:28:40 - DroneController - [INFO] - Mission planner initialized with KML: /Users/trishit_debsharma/Documents/Code/NIDAR/NIDAR/scan_drone/data/JUs.kml
2026-01-10 18:28:40 - DroneController - [INFO] - DroneController initialized
2026-01-10 18:28:40 - DroneController - [INFO] - Geofence mode: polygon
2026-01-10 18:28:40 - DroneController - [INFO] - Connecting to 127.0.0.1:14551
2026-01-10 18:28:40 - DroneController - [INFO] - Connection attempt 1/3...
2026-01-10 18:28:40 - DroneController - [INFO] - Waiting for heartbeat...
2026-01-10 18:28:40 - DroneController - [INFO] - Heartbeat from system 1, component 0
2026-01-10 18:28:40 - DroneController - [INFO] - Requesting data streams...
2026-01-10 18:28:40 - DroneController - [INFO] - Verifying data stream...
2026-01-10 18:28:40 - DroneController - [INFO] - Verifying data stream reception...
2026-01-10 18:28:41 - DroneController - [INFO] - ✓ All critical data streams verified
2026-01-10 18:28:41 - DroneController - [INFO] - Waiting for data streams to initialize...
2026-01-10 18:28:44 - DroneController - [INFO] - State transition: DISCONNECTED -> CONNECTED
2026-01-10 18:28:44 - DroneController - [INFO] - Telemetry log initialized: telemetry/telemetry_20260110_182844.csv
2026-01-10 18:28:44 - DroneController - [INFO] - ✓ Connection established and verified
2026-01-10 18:28:44 - DroneController - [INFO] - Telemetry loop started
2026-01-10 18:28:44 - DroneController - [INFO] - ✓ First telemetry message received
2026-01-10 18:28:44 - DroneController - [INFO] - Heartbeat monitor started
2026-01-10 18:28:44 - DroneController - [INFO] - Command processor started
2026-01-10 18:28:44 - DroneController - [INFO] - Mission controller started
2026-01-10 18:28:44 - DroneController - [INFO] - All threads started
2026-01-10 18:28:44 - DroneController - [INFO] - State transition: CONNECTED -> IDLE
2026-01-10 18:28:46 - DroneController - [INFO] - Loading mission with 5 points
2026-01-10 18:28:46 - DroneController - [INFO] - Starting and home position: lat=22.498022, lon=88.372386
2026-01-10 18:28:46 - DroneController - [INFO] - Mission validated: 175 waypoints
2026-01-10 18:28:46 - DroneController - [INFO] - Starting arm and takeoff to 4.0m
2026-01-10 18:28:46 - DroneController - [INFO] - Using polygon geofence from KML
2026-01-10 18:28:46 - DroneController - [INFO] - Setting mode to GUIDED (attempt 1)
2026-01-10 18:28:47 - DroneController - [INFO] - Mode changed to GUIDED
2026-01-10 18:28:47 - DroneController - [INFO] - State transition: IDLE -> ARMING
2026-01-10 18:28:47 - DroneController - [INFO] - Waiting for drone to become armable...
2026-01-10 18:28:47 - DroneController - [INFO] - ✓ Drone is armable
2026-01-10 18:28:47 - DroneController - [INFO] - Arming attempt 1/3
2026-01-10 18:28:47 - DroneController - [INFO] - Armed successfully
2026-01-10 18:28:47 - DroneController - [INFO] - State transition: ARMING -> ARMED
2026-01-10 18:28:49 - DroneController - [INFO] - State transition: ARMED -> TAKING_OFF
2026-01-10 18:28:49 - DroneController - [INFO] - Takeoff attempt 1/3
2026-01-10 18:28:49 - DroneController - [INFO] - Takeoff command accepted
2026-01-10 18:28:54 - DroneController - [INFO] - Telemetry: 6939 msgs | GPS: (22.498022, 88.372386, 3.70m) | Battery: 13% | Mode: GUIDED
2026-01-10 18:28:54 - DroneController - [INFO] - Target altitude reached: 3.70m
2026-01-10 18:28:54 - DroneController - [INFO] - Arm and takeoff complete
2026-01-10 18:28:54 - DroneController - [INFO] - State transition: TAKING_OFF -> ARMED
2026-01-10 18:28:54 - DroneController - [INFO] - Starting mission with 175 waypoints
2026-01-10 18:28:54 - DroneController - [INFO] - State transition: ARMED -> MISSION_ACTIVE
2026-01-10 18:28:54 - DroneController - [INFO] - Sending waypoint: (22.497961, 88.372439, 3.00)
2026-01-10 18:28:57 - DroneController - [INFO] - Waypoint 1/175 reached
2026-01-10 18:28:57 - DroneController - [INFO] - Sending waypoint: (22.497981, 88.372428, 3.00)
2026-01-10 18:28:57 - DroneController - [INFO] - Waypoint 2/175 reached
2026-01-10 18:28:57 - DroneController - [INFO] - Sending waypoint: (22.497998, 88.372415, 3.00)
2026-01-10 18:28:58 - DroneController - [INFO] - Waypoint 3/175 reached
2026-01-10 18:28:58 - DroneController - [INFO] - Sending waypoint: (22.498012, 88.372401, 3.00)
2026-01-10 18:29:01 - DroneController - [INFO] - Waypoint 4/175 reached
2026-01-10 18:29:01 - DroneController - [INFO] - Sending waypoint: (22.498022, 88.372386, 3.00)
2026-01-10 18:29:01 - DroneController - [INFO] - Waypoint 5/175 reached
2026-01-10 18:29:01 - DroneController - [INFO] - Sending waypoint: (22.498029, 88.372369, 3.00)
2026-01-10 18:29:02 - DroneController - [INFO] - Waypoint 6/175 reached
2026-01-10 18:29:02 - DroneController - [INFO] - Sending waypoint: (22.498032, 88.372350, 3.00)
2026-01-10 18:29:03 - DroneController - [INFO] - Waypoint 7/175 reached
2026-01-10 18:29:03 - DroneController - [INFO] - Sending waypoint: (22.498033, 88.372330, 3.00)
2026-01-10 18:29:04 - DroneController - [INFO] - Waypoint 8/175 reached
2026-01-10 18:29:04 - DroneController - [INFO] - Sending waypoint: (22.498029, 88.372308, 3.00)
2026-01-10 18:29:04 - DroneController - [INFO] - Telemetry: 8136 msgs | GPS: (22.498033, 88.372342, 3.00m) | Battery: 11% | Mode: GUIDED
2026-01-10 18:29:05 - DroneController - [INFO] - Waypoint 9/175 reached
2026-01-10 18:29:05 - DroneController - [INFO] - Sending waypoint: (22.498023, 88.372284, 3.00)
2026-01-10 18:29:06 - DroneController - [INFO] - Waypoint 10/175 reached
2026-01-10 18:29:06 - DroneController - [INFO] - Sending waypoint: (22.497943, 88.372048, 3.00)
2026-01-10 18:29:11 - DroneController - [INFO] - Waypoint 11/175 reached
2026-01-10 18:29:11 - DroneController - [INFO] - Sending waypoint: (22.497934, 88.372027, 3.00)
2026-01-10 18:29:12 - DroneController - [INFO] - Waypoint 12/175 reached
2026-01-10 18:29:12 - DroneController - [INFO] - Sending waypoint: (22.497924, 88.372009, 3.00)
2026-01-10 18:29:13 - DroneController - [INFO] - Waypoint 13/175 reached
2026-01-10 18:29:13 - DroneController - [INFO] - Sending waypoint: (22.497912, 88.371994, 3.00)
2026-01-10 18:29:13 - DroneController - [INFO] - Waypoint 14/175 reached
2026-01-10 18:29:13 - DroneController - [INFO] - Sending waypoint: (22.497899, 88.371984, 3.00)
2026-01-10 18:29:14 - DroneController - [INFO] - Waypoint 15/175 reached
2026-01-10 18:29:14 - DroneController - [INFO] - Sending waypoint: (22.497884, 88.371977, 3.00)
2026-01-10 18:29:14 - DroneController - [INFO] - Telemetry: 9329 msgs | GPS: (22.497913, 88.371995, 3.00m) | Battery: 8% | Mode: GUIDED
2026-01-10 18:29:15 - DroneController - [INFO] - Waypoint 16/175 reached
2026-01-10 18:29:15 - DroneController - [INFO] - Sending waypoint: (22.497868, 88.371973, 3.00)
2026-01-10 18:29:16 - DroneController - [INFO] - Waypoint 17/175 reached
2026-01-10 18:29:16 - DroneController - [INFO] - Sending waypoint: (22.497850, 88.371973, 3.00)
2026-01-10 18:29:16 - DroneController - [INFO] - Waypoint 18/175 reached
2026-01-10 18:29:16 - DroneController - [INFO] - Sending waypoint: (22.497831, 88.371977, 3.00)
2026-01-10 18:29:17 - DroneController - [INFO] - Waypoint 19/175 reached
2026-01-10 18:29:17 - DroneController - [INFO] - Sending waypoint: (22.497810, 88.371985, 3.00)
2026-01-10 18:29:18 - DroneController - [INFO] - Waypoint 20/175 reached
2026-01-10 18:29:18 - DroneController - [INFO] - Sending waypoint: (22.497617, 88.372069, 3.00)
2026-01-10 18:29:23 - DroneController - [INFO] - Waypoint 21/175 reached
2026-01-10 18:29:23 - DroneController - [INFO] - Sending waypoint: (22.497597, 88.372079, 3.00)
2026-01-10 18:29:24 - DroneController - [INFO] - Waypoint 22/175 reached
2026-01-10 18:29:24 - DroneController - [INFO] - Sending waypoint: (22.497581, 88.372091, 3.00)
2026-01-10 18:29:24 - DroneController - [INFO] - Telemetry: 10522 msgs | GPS: (22.497615, 88.372070, 3.00m) | Battery: 6% | Mode: GUIDED
2026-01-10 18:29:25 - DroneController - [INFO] - Waypoint 23/175 reached
2026-01-10 18:29:25 - DroneController - [INFO] - Sending waypoint: (22.497567, 88.372104, 3.00)
2026-01-10 18:29:26 - DroneController - [INFO] - Waypoint 24/175 reached
2026-01-10 18:29:26 - DroneController - [INFO] - Sending waypoint: (22.497557, 88.372119, 3.00)
2026-01-10 18:29:26 - DroneController - [INFO] - Waypoint 25/175 reached
2026-01-10 18:29:26 - DroneController - [INFO] - Sending waypoint: (22.497550, 88.372136, 3.00)
2026-01-10 18:29:27 - DroneController - [INFO] - Waypoint 26/175 reached
2026-01-10 18:29:27 - DroneController - [INFO] - Sending waypoint: (22.497546, 88.372154, 3.00)
2026-01-10 18:29:28 - DroneController - [INFO] - Waypoint 27/175 reached
2026-01-10 18:29:28 - DroneController - [INFO] - Sending waypoint: (22.497546, 88.372174, 3.00)
2026-01-10 18:29:29 - DroneController - [INFO] - Waypoint 28/175 reached
2026-01-10 18:29:29 - DroneController - [INFO] - Sending waypoint: (22.497548, 88.372195, 3.00)
2026-01-10 18:29:30 - DroneController - [INFO] - Waypoint 29/175 reached
2026-01-10 18:29:30 - DroneController - [INFO] - Sending waypoint: (22.497554, 88.372218, 3.00)
2026-01-10 18:29:31 - DroneController - [INFO] - Waypoint 30/175 reached
2026-01-10 18:29:31 - DroneController - [INFO] - Sending waypoint: (22.497632, 88.372466, 3.00)
2026-01-10 18:29:34 - DroneController - [INFO] - Telemetry: 11718 msgs | GPS: (22.497599, 88.372366, 3.00m) | Battery: 3% | Mode: GUIDED
2026-01-10 18:29:36 - DroneController - [INFO] - Waypoint 31/175 reached
2026-01-10 18:29:36 - DroneController - [INFO] - Sending waypoint: (22.497640, 88.372488, 3.00)
2026-01-10 18:29:37 - DroneController - [INFO] - Waypoint 32/175 reached
2026-01-10 18:29:37 - DroneController - [INFO] - Sending waypoint: (22.497650, 88.372507, 3.00)
2026-01-10 18:29:38 - DroneController - [INFO] - Waypoint 33/175 reached
2026-01-10 18:29:38 - DroneController - [INFO] - Sending waypoint: (22.497662, 88.372522, 3.00)
2026-01-10 18:29:38 - DroneController - [INFO] - Waypoint 34/175 reached
2026-01-10 18:29:38 - DroneController - [INFO] - Sending waypoint: (22.497675, 88.372533, 3.00)
2026-01-10 18:29:39 - DroneController - [INFO] - Waypoint 35/175 reached
2026-01-10 18:29:39 - DroneController - [INFO] - Sending waypoint: (22.497690, 88.372540, 3.00)
2026-01-10 18:29:40 - DroneController - [INFO] - Waypoint 36/175 reached
2026-01-10 18:29:40 - DroneController - [INFO] - Sending waypoint: (22.497706, 88.372543, 3.00)
2026-01-10 18:29:41 - DroneController - [INFO] - Waypoint 37/175 reached
2026-01-10 18:29:41 - DroneController - [INFO] - Sending waypoint: (22.497724, 88.372542, 3.00)
2026-01-10 18:29:41 - DroneController - [INFO] - Waypoint 38/175 reached
2026-01-10 18:29:41 - DroneController - [INFO] - Sending waypoint: (22.497743, 88.372538, 3.00)
2026-01-10 18:29:42 - DroneController - [INFO] - Waypoint 39/175 reached
2026-01-10 18:29:42 - DroneController - [INFO] - Sending waypoint: (22.497764, 88.372530, 3.00)
2026-01-10 18:29:43 - DroneController - [INFO] - Waypoint 40/175 reached
2026-01-10 18:29:43 - DroneController - [INFO] - Sending waypoint: (22.497935, 88.372412, 3.00)
2026-01-10 18:29:44 - DroneController - [INFO] - Telemetry: 12911 msgs | GPS: (22.497765, 88.372529, 3.00m) | Battery: 1% | Mode: GUIDED
2026-01-10 18:29:48 - DroneController - [INFO] - Waypoint 41/175 reached
2026-01-10 18:29:48 - DroneController - [INFO] - Sending waypoint: (22.497954, 88.372401, 3.00)
2026-01-10 18:29:49 - DroneController - [INFO] - Waypoint 42/175 reached
2026-01-10 18:29:49 - DroneController - [INFO] - Sending waypoint: (22.497970, 88.372389, 3.00)
2026-01-10 18:29:50 - DroneController - [INFO] - Waypoint 43/175 reached
2026-01-10 18:29:50 - DroneController - [INFO] - Sending waypoint: (22.497982, 88.372375, 3.00)
2026-01-10 18:29:51 - DroneController - [INFO] - Waypoint 44/175 reached
2026-01-10 18:29:51 - DroneController - [INFO] - Sending waypoint: (22.497990, 88.372359, 3.00)
2026-01-10 18:29:51 - DroneController - [INFO] - Waypoint 45/175 reached
2026-01-10 18:29:51 - DroneController - [INFO] - Sending waypoint: (22.497995, 88.372342, 3.00)
2026-01-10 18:29:52 - DroneController - [INFO] - Waypoint 46/175 reached
2026-01-10 18:29:52 - DroneController - [INFO] - Sending waypoint: (22.497996, 88.372323, 3.00)
2026-01-10 18:29:53 - DroneController - [INFO] - Waypoint 47/175 reached
2026-01-10 18:29:53 - DroneController - [INFO] - Sending waypoint: (22.497994, 88.372302, 3.00)
2026-01-10 18:29:54 - DroneController - [INFO] - Waypoint 48/175 reached
2026-01-10 18:29:54 - DroneController - [INFO] - Sending waypoint: (22.497988, 88.372279, 3.00)
2026-01-10 18:29:55 - DroneController - [INFO] - Telemetry: 14106 msgs | GPS: (22.497996, 88.372314, 3.00m) | Battery: 0% | Mode: GUIDED
2026-01-10 18:29:55 - DroneController - [INFO] - Waypoint 49/175 reached
2026-01-10 18:29:55 - DroneController - [INFO] - Sending waypoint: (22.497920, 88.372078, 3.00)
2026-01-10 18:30:00 - DroneController - [INFO] - Waypoint 50/175 reached
2026-01-10 18:30:00 - DroneController - [INFO] - Sending waypoint: (22.497911, 88.372055, 3.00)
2026-01-10 18:30:01 - DroneController - [INFO] - Waypoint 51/175 reached
2026-01-10 18:30:01 - DroneController - [INFO] - Sending waypoint: (22.497899, 88.372037, 3.00)
2026-01-10 18:30:01 - DroneController - [INFO] - Waypoint 52/175 reached
2026-01-10 18:30:01 - DroneController - [INFO] - Sending waypoint: (22.497885, 88.372024, 3.00)
2026-01-10 18:30:02 - DroneController - [INFO] - Waypoint 53/175 reached
2026-01-10 18:30:02 - DroneController - [INFO] - Sending waypoint: (22.497869, 88.372016, 3.00)
2026-01-10 18:30:03 - DroneController - [INFO] - Waypoint 54/175 reached
2026-01-10 18:30:03 - DroneController - [INFO] - Sending waypoint: (22.497850, 88.372014, 3.00)
2026-01-10 18:30:04 - DroneController - [INFO] - Waypoint 55/175 reached
2026-01-10 18:30:04 - DroneController - [INFO] - Sending waypoint: (22.497830, 88.372016, 3.00)
2026-01-10 18:30:05 - DroneController - [INFO] - Telemetry: 15302 msgs | GPS: (22.497860, 88.372014, 3.00m) | Battery: 0% | Mode: GUIDED
2026-01-10 18:30:05 - DroneController - [INFO] - Waypoint 56/175 reached
2026-01-10 18:30:05 - DroneController - [INFO] - Sending waypoint: (22.497808, 88.372024, 3.00)
2026-01-10 18:30:06 - DroneController - [INFO] - Waypoint 57/175 reached
2026-01-10 18:30:06 - DroneController - [INFO] - Sending waypoint: (22.497643, 88.372097, 3.00)
2026-01-10 18:30:10 - DroneController - [INFO] - Waypoint 58/175 reached
2026-01-10 18:30:10 - DroneController - [INFO] - Sending waypoint: (22.497624, 88.372106, 3.00)
2026-01-10 18:30:11 - DroneController - [INFO] - Waypoint 59/175 reached
2026-01-10 18:30:11 - DroneController - [INFO] - Sending waypoint: (22.497609, 88.372118, 3.00)
2026-01-10 18:30:12 - DroneController - [INFO] - Waypoint 60/175 reached
2026-01-10 18:30:12 - DroneController - [INFO] - Sending waypoint: (22.497597, 88.372131, 3.00)
2026-01-10 18:30:12 - DroneController - [INFO] - Waypoint 61/175 reached
2026-01-10 18:30:12 - DroneController - [INFO] - Sending waypoint: (22.497588, 88.372147, 3.00)
2026-01-10 18:30:13 - DroneController - [INFO] - Waypoint 62/175 reached
2026-01-10 18:30:13 - DroneController - [INFO] - Sending waypoint: (22.497583, 88.372163, 3.00)
2026-01-10 18:30:14 - DroneController - [INFO] - Waypoint 63/175 reached
2026-01-10 18:30:14 - DroneController - [INFO] - Sending waypoint: (22.497582, 88.372182, 3.00)
2026-01-10 18:30:15 - DroneController - [INFO] - Telemetry: 16495 msgs | GPS: (22.497587, 88.372150, 3.00m) | Battery: 0% | Mode: GUIDED
2026-01-10 18:30:15 - DroneController - [INFO] - Waypoint 64/175 reached
2026-01-10 18:30:15 - DroneController - [INFO] - Sending waypoint: (22.497584, 88.372202, 3.00)
2026-01-10 18:30:15 - DroneController - [INFO] - Waypoint 65/175 reached
2026-01-10 18:30:15 - DroneController - [INFO] - Sending waypoint: (22.497589, 88.372224, 3.00)
2026-01-10 18:30:16 - DroneController - [INFO] - Waypoint 66/175 reached
2026-01-10 18:30:16 - DroneController - [INFO] - Sending waypoint: (22.497654, 88.372436, 3.00)
2026-01-10 18:30:21 - DroneController - [INFO] - Waypoint 67/175 reached
2026-01-10 18:30:21 - DroneController - [INFO] - Sending waypoint: (22.497664, 88.372461, 3.00)
2026-01-10 18:30:22 - DroneController - [INFO] - Waypoint 68/175 reached
2026-01-10 18:30:22 - DroneController - [INFO] - Sending waypoint: (22.497675, 88.372479, 3.00)
2026-01-10 18:30:23 - DroneController - [INFO] - Waypoint 69/175 reached
2026-01-10 18:30:23 - DroneController - [INFO] - Sending waypoint: (22.497689, 88.372493, 3.00)
2026-01-10 18:30:25 - DroneController - [INFO] - Telemetry: 17690 msgs | GPS: (22.497664, 88.372462, 3.79m) | Battery: 0% | Mode: RTL
2026-01-10 18:30:35 - DroneController - [INFO] - Telemetry: 18886 msgs | GPS: (22.497830, 88.372429, 14.98m) | Battery: 0% | Mode: RTL
2026-01-10 18:30:45 - DroneController - [INFO] - Telemetry: 20079 msgs | GPS: (22.498023, 88.372385, 15.00m) | Battery: 0% | Mode: RTL
2026-01-10 18:30:46 - DroneController - [CRITICAL] - EMERGENCY STOP
2026-01-10 18:30:47 - DroneController - [CRITICAL] - Emergency land triggered
2026-01-10 18:30:47 - DroneController - [INFO] - State transition: MISSION_ACTIVE -> LANDING
2026-01-10 18:30:47 - DroneController - [INFO] - Setting mode to LAND (attempt 1)
2026-01-10 18:30:47 - DroneController - [INFO] - Stopping controller...
2026-01-10 18:30:47 - DroneController - [INFO] - Command processor stopped
2026-01-10 18:30:47 - DroneController - [INFO] - Telemetry loop stopped. Total messages: 20399
2026-01-10 18:30:47 - DroneController - [INFO] - Message type distribution: {'AHRS': 698, 'AHRS2': 697, 'ATTITUDE': 697, 'BATTERY_STATUS': 697, 'COMMAND_ACK': 3, 'EKF_STATUS_REPORT': 697, 'ESC_TELEMETRY_1_TO_4': 697, 'ESC_TELEMETRY_5_TO_8': 697, 'EXTENDED_SYS_STATE': 126, 'GLOBAL_POSITION_INT': 697, 'GPS_GLOBAL_ORIGIN': 1, 'GPS_RAW_INT': 697, 'HEARTBEAT': 128, 'HOME_POSITION': 127, 'LOCAL_POSITION_NED': 697, 'MEMINFO': 697, 'MISSION_CURRENT': 697, 'NAV_CONTROLLER_OUTPUT': 697, 'PARAM_VALUE': 13, 'POSITION_TARGET_GLOBAL_INT': 443, 'POWER_STATUS': 697, 'RAW_IMU': 697, 'RC_CHANNELS': 697, 'SCALED_IMU2': 697, 'SCALED_IMU3': 697, 'SCALED_PRESSURE': 697, 'SCALED_PRESSURE2': 697, 'SERVO_OUTPUT_RAW': 697, 'SIMSTATE': 697, 'STATUSTEXT': 3, 'SYSTEM_TIME': 697, 'SYS_STATUS': 697, 'TERRAIN_REPORT': 697, 'TIMESYNC': 13, 'UNKNOWN_437': 25, 'VFR_HUD': 697, 'VIBRATION': 697, 'WIND': 697}
2026-01-10 18:31:11 - DroneController - [INFO] - Mission planner initialized with KML: /Users/trishit_debsharma/Documents/Code/NIDAR/NIDAR/scan_drone/data/JUs.kml
2026-01-10 18:31:11 - DroneController - [INFO] - DroneController initialized
2026-01-10 18:31:11 - DroneController - [INFO] - Geofence mode: polygon
2026-01-10 18:31:11 - DroneController - [INFO] - Connecting to 127.0.0.1:14551
2026-01-10 18:31:11 - DroneController - [INFO] - Connection attempt 1/3...
2026-01-10 18:31:11 - DroneController - [INFO] - Waiting for heartbeat...
2026-01-10 18:31:11 - DroneController - [INFO] - Heartbeat from system 1, component 0
2026-01-10 18:31:11 - DroneController - [INFO] - Requesting data streams...
2026-01-10 18:31:11 - DroneController - [INFO] - Verifying data stream...
2026-01-10 18:31:11 - DroneController - [INFO] - Verifying data stream reception...
2026-01-10 18:31:12 - DroneController - [INFO] - ✓ All critical data streams verified
2026-01-10 18:31:12 - DroneController - [INFO] - Waiting for data streams to initialize...
2026-01-10 18:31:15 - DroneController - [INFO] - State transition: DISCONNECTED -> CONNECTED
2026-01-10 18:31:15 - DroneController - [INFO] - Telemetry log initialized: telemetry/telemetry_20260110_183115.csv
2026-01-10 18:31:15 - DroneController - [INFO] - ✓ Connection established and verified
2026-01-10 18:31:15 - DroneController - [INFO] - Telemetry loop started
2026-01-10 18:31:15 - DroneController - [INFO] - Heartbeat monitor started
2026-01-10 18:31:15 - DroneController - [INFO] - Command processor started
2026-01-10 18:31:15 - DroneController - [INFO] - ✓ First telemetry message received
2026-01-10 18:31:15 - DroneController - [INFO] - Mission controller started
2026-01-10 18:31:15 - DroneController - [INFO] - All threads started
2026-01-10 18:31:15 - DroneController - [INFO] - State transition: CONNECTED -> IDLE
2026-01-10 18:31:17 - DroneController - [INFO] - Starting arm and takeoff to 4.0m
2026-01-10 18:31:17 - DroneController - [INFO] - Using polygon geofence from KML
2026-01-10 18:31:17 - DroneController - [INFO] - Setting mode to GUIDED (attempt 1)
2026-01-10 18:31:18 - DroneController - [INFO] - Mode changed to GUIDED
2026-01-10 18:31:18 - DroneController - [INFO] - State transition: IDLE -> ARMING
2026-01-10 18:31:18 - DroneController - [INFO] - Waiting for drone to become armable...
2026-01-10 18:31:18 - DroneController - [INFO] - ✓ Drone is armable
2026-01-10 18:31:18 - DroneController - [INFO] - Arming attempt 1/3
2026-01-10 18:31:18 - DroneController - [INFO] - Armed successfully
2026-01-10 18:31:18 - DroneController - [INFO] - State transition: ARMING -> ARMED
2026-01-10 18:31:20 - DroneController - [INFO] - State transition: ARMED -> TAKING_OFF
2026-01-10 18:31:20 - DroneController - [INFO] - Takeoff attempt 1/3
2026-01-10 18:31:20 - DroneController - [INFO] - Takeoff command accepted
2026-01-10 18:31:25 - DroneController - [INFO] - Telemetry: 6492 msgs | GPS: (22.498022, 88.372386, 3.69m) | Battery: 0% | Mode: GUIDED
2026-01-10 18:31:25 - DroneController - [INFO] - Target altitude reached: 3.69m
2026-01-10 18:31:25 - DroneController - [INFO] - Arm and takeoff complete
2026-01-10 18:31:25 - DroneController - [INFO] - State transition: TAKING_OFF -> ARMED
2026-01-10 18:31:25 - DroneController - [ERROR] - No waypoints loaded
2026-01-10 18:31:25 - DroneController - [INFO] - Stopping controller...
2026-01-10 18:31:25 - DroneController - [INFO] - Mission controller stopped
2026-01-10 18:31:25 - DroneController - [INFO] - Command processor stopped
2026-01-10 18:31:26 - DroneController - [INFO] - Telemetry loop stopped. Total messages: 6494
2026-01-10 18:31:26 - DroneController - [INFO] - Message type distribution: {'AHRS': 230, 'AHRS2': 230, 'ATTITUDE': 230, 'BATTERY_STATUS': 230, 'COMMAND_ACK': 2, 'EKF_STATUS_REPORT': 230, 'ESC_TELEMETRY_1_TO_4': 230, 'ESC_TELEMETRY_5_TO_8': 230, 'EXTENDED_SYS_STATE': 14, 'GLOBAL_POSITION_INT': 230, 'GPS_GLOBAL_ORIGIN': 1, 'GPS_RAW_INT': 230, 'HEARTBEAT': 14, 'HOME_POSITION': 15, 'LOCAL_POSITION_NED': 230, 'MEMINFO': 230, 'MISSION_CURRENT': 230, 'NAV_CONTROLLER_OUTPUT': 230, 'POWER_STATUS': 230, 'RAW_IMU': 230, 'RC_CHANNELS': 230, 'SCALED_IMU2': 230, 'SCALED_IMU3': 230, 'SCALED_PRESSURE': 230, 'SCALED_PRESSURE2': 230, 'SERVO_OUTPUT_RAW': 230, 'SIMSTATE': 230, 'STATUSTEXT': 3, 'SYSTEM_TIME': 230, 'SYS_STATUS': 230, 'TERRAIN_REPORT': 230, 'TIMESYNC': 2, 'UNKNOWN_437': 3, 'VFR_HUD': 230, 'VIBRATION': 230, 'WIND': 230}
2026-01-10 18:31:26 - DroneController - [INFO] - Heartbeat monitor stopped
2026-01-10 18:31:26 - DroneController - [INFO] - Controller stopped
2026-01-10 18:33:07 - DroneController - [INFO] - Mission planner initialized with KML: /Users/trishit_debsharma/Documents/Code/NIDAR/NIDAR/scan_drone/data/JUs.kml
2026-01-10 18:33:07 - DroneController - [INFO] - DroneController initialized
2026-01-10 18:33:07 - DroneController - [INFO] - Geofence mode: polygon
2026-01-10 18:33:07 - DroneController - [INFO] - Connecting to 127.0.0.1:14551
2026-01-10 18:33:07 - DroneController - [INFO] - Connection attempt 1/3...
2026-01-10 18:33:07 - DroneController - [INFO] - Waiting for heartbeat...
2026-01-10 18:33:07 - DroneController - [INFO] - Heartbeat from system 1, component 0
2026-01-10 18:33:07 - DroneController - [INFO] - Requesting data streams...
2026-01-10 18:33:07 - DroneController - [INFO] - Verifying data stream...
2026-01-10 18:33:07 - DroneController - [INFO] - Verifying data stream reception...
2026-01-10 18:33:08 - DroneController - [INFO] - ✓ All critical data streams verified
2026-01-10 18:33:08 - DroneController - [INFO] - Waiting for data streams to initialize...
2026-01-10 18:33:11 - DroneController - [INFO] - State transition: DISCONNECTED -> CONNECTED
2026-01-10 18:33:11 - DroneController - [INFO] - Telemetry log initialized: telemetry/telemetry_20260110_183311.csv
2026-01-10 18:33:11 - DroneController - [INFO] - ✓ Connection established and verified
2026-01-10 18:33:11 - DroneController - [INFO] - Telemetry loop started
2026-01-10 18:33:11 - DroneController - [INFO] - Heartbeat monitor started
2026-01-10 18:33:11 - DroneController - [INFO] - Command processor started
2026-01-10 18:33:11 - DroneController - [INFO] - Mission controller started
2026-01-10 18:33:11 - DroneController - [INFO] - All threads started
2026-01-10 18:33:11 - DroneController - [INFO] - ✓ First telemetry message received
2026-01-10 18:33:11 - DroneController - [INFO] - State transition: CONNECTED -> IDLE
2026-01-10 18:33:13 - DroneController - [INFO] - Loading mission with 0 points
2026-01-10 18:33:13 - DroneController - [INFO] - Starting and home position: lat=22.498022, lon=88.372386
2026-01-10 18:33:13 - DroneController - [INFO] - Mission validated: 175 waypoints
2026-01-10 18:33:13 - DroneController - [INFO] - Starting arm and takeoff to 3.0m
2026-01-10 18:33:13 - DroneController - [INFO] - Using polygon geofence from KML
2026-01-10 18:33:13 - DroneController - [INFO] - Setting mode to GUIDED (attempt 1)
2026-01-10 18:33:14 - DroneController - [INFO] - Mode changed to GUIDED
2026-01-10 18:33:14 - DroneController - [INFO] - State transition: IDLE -> ARMING
2026-01-10 18:33:14 - DroneController - [INFO] - Waiting for drone to become armable...
2026-01-10 18:33:14 - DroneController - [INFO] - ✓ Drone is armable
2026-01-10 18:33:14 - DroneController - [INFO] - Arming attempt 1/3
2026-01-10 18:33:14 - DroneController - [INFO] - Armed successfully
2026-01-10 18:33:14 - DroneController - [INFO] - State transition: ARMING -> ARMED
2026-01-10 18:33:16 - DroneController - [INFO] - State transition: ARMED -> TAKING_OFF
2026-01-10 18:33:16 - DroneController - [INFO] - Takeoff attempt 1/3
2026-01-10 18:33:17 - DroneController - [INFO] - Takeoff command accepted
2026-01-10 18:33:21 - DroneController - [INFO] - Target altitude reached: 2.80m
2026-01-10 18:33:21 - DroneController - [INFO] - Arm and takeoff complete
2026-01-10 18:33:21 - DroneController - [INFO] - State transition: TAKING_OFF -> ARMED
2026-01-10 18:33:21 - DroneController - [INFO] - Starting mission with 175 waypoints
2026-01-10 18:33:21 - DroneController - [INFO] - State transition: ARMED -> MISSION_ACTIVE
2026-01-10 18:33:21 - DroneController - [INFO] - Sending waypoint: (22.497961, 88.372439, 3.00)
2026-01-10 18:33:22 - DroneController - [INFO] - Telemetry: 1566 msgs | GPS: (22.498022, 88.372386, 2.99m) | Battery: 0% | Mode: GUIDED
2026-01-10 18:33:24 - DroneController - [INFO] - Waypoint 1/175 reached
2026-01-10 18:33:24 - DroneController - [INFO] - Sending waypoint: (22.497981, 88.372428, 3.00)
2026-01-10 18:33:24 - DroneController - [INFO] - Waypoint 2/175 reached
2026-01-10 18:33:24 - DroneController - [INFO] - Sending waypoint: (22.497998, 88.372415, 3.00)
2026-01-10 18:33:24 - DroneController - [INFO] - Waypoint 3/175 reached
2026-01-10 18:33:24 - DroneController - [INFO] - Sending waypoint: (22.498012, 88.372401, 3.00)
2026-01-10 18:33:27 - DroneController - [INFO] - Waypoint 4/175 reached
2026-01-10 18:33:27 - DroneController - [INFO] - Sending waypoint: (22.498022, 88.372386, 3.00)
2026-01-10 18:33:28 - DroneController - [INFO] - Waypoint 5/175 reached
2026-01-10 18:33:28 - DroneController - [INFO] - Sending waypoint: (22.498029, 88.372369, 3.00)
2026-01-10 18:33:28 - DroneController - [INFO] - Waypoint 6/175 reached
2026-01-10 18:33:28 - DroneController - [INFO] - Sending waypoint: (22.498032, 88.372350, 3.00)
2026-01-10 18:33:29 - DroneController - [INFO] - Waypoint 7/175 reached
2026-01-10 18:33:29 - DroneController - [INFO] - Sending waypoint: (22.498033, 88.372330, 3.00)
2026-01-10 18:33:30 - DroneController - [INFO] - Waypoint 8/175 reached
2026-01-10 18:33:30 - DroneController - [INFO] - Sending waypoint: (22.498029, 88.372308, 3.00)
2026-01-10 18:33:31 - DroneController - [INFO] - Waypoint 9/175 reached
2026-01-10 18:33:31 - DroneController - [INFO] - Sending waypoint: (22.498023, 88.372284, 3.00)
2026-01-10 18:33:32 - DroneController - [INFO] - Telemetry: 2763 msgs | GPS: (22.498033, 88.372324, 3.00m) | Battery: 0% | Mode: GUIDED
2026-01-10 18:33:32 - DroneController - [INFO] - Waypoint 10/175 reached
2026-01-10 18:33:32 - DroneController - [INFO] - Sending waypoint: (22.497943, 88.372048, 3.00)
2026-01-10 18:33:37 - DroneController - [INFO] - Waypoint 11/175 reached
2026-01-10 18:33:37 - DroneController - [INFO] - Sending waypoint: (22.497934, 88.372027, 3.00)
2026-01-10 18:33:38 - DroneController - [INFO] - Waypoint 12/175 reached
2026-01-10 18:33:38 - DroneController - [INFO] - Sending waypoint: (22.497924, 88.372009, 3.00)
2026-01-10 18:33:39 - DroneController - [INFO] - Waypoint 13/175 reached
2026-01-10 18:33:39 - DroneController - [INFO] - Sending waypoint: (22.497912, 88.371994, 3.00)
2026-01-10 18:33:40 - DroneController - [INFO] - Waypoint 14/175 reached
2026-01-10 18:33:40 - DroneController - [INFO] - Sending waypoint: (22.497899, 88.371984, 3.00)
2026-01-10 18:33:40 - DroneController - [INFO] - Waypoint 15/175 reached
2026-01-10 18:33:40 - DroneController - [INFO] - Sending waypoint: (22.497884, 88.371977, 3.00)
2026-01-10 18:33:41 - DroneController - [INFO] - Waypoint 16/175 reached
2026-01-10 18:33:41 - DroneController - [INFO] - Sending waypoint: (22.497868, 88.371973, 3.00)
2026-01-10 18:33:42 - DroneController - [INFO] - Telemetry: 3957 msgs | GPS: (22.497901, 88.371985, 3.00m) | Battery: 0% | Mode: GUIDED
2026-01-10 18:33:42 - DroneController - [INFO] - Waypoint 17/175 reached
2026-01-10 18:33:42 - DroneController - [INFO] - Sending waypoint: (22.497850, 88.371973, 3.00)
2026-01-10 18:33:43 - DroneController - [INFO] - Waypoint 18/175 reached
2026-01-10 18:33:43 - DroneController - [INFO] - Sending waypoint: (22.497831, 88.371977, 3.00)
2026-01-10 18:33:44 - DroneController - [INFO] - Waypoint 19/175 reached
2026-01-10 18:33:44 - DroneController - [INFO] - Sending waypoint: (22.497810, 88.371985, 3.00)
2026-01-10 18:33:45 - DroneController - [INFO] - Waypoint 20/175 reached
2026-01-10 18:33:45 - DroneController - [INFO] - Sending waypoint: (22.497617, 88.372069, 3.00)
2026-01-10 18:33:50 - DroneController - [INFO] - Waypoint 21/175 reached
2026-01-10 18:33:50 - DroneController - [INFO] - Sending waypoint: (22.497597, 88.372079, 3.00)
2026-01-10 18:33:50 - DroneController - [INFO] - Waypoint 22/175 reached
2026-01-10 18:33:50 - DroneController - [INFO] - Sending waypoint: (22.497581, 88.372091, 3.00)
2026-01-10 18:33:51 - DroneController - [INFO] - Waypoint 23/175 reached
2026-01-10 18:33:51 - DroneController - [INFO] - Sending waypoint: (22.497567, 88.372104, 3.00)
2026-01-10 18:33:52 - DroneController - [INFO] - Telemetry: 5149 msgs | GPS: (22.497598, 88.372079, 3.00m) | Battery: 0% | Mode: GUIDED
2026-01-10 18:33:52 - DroneController - [INFO] - Waypoint 24/175 reached
2026-01-10 18:33:52 - DroneController - [INFO] - Sending waypoint: (22.497557, 88.372119, 3.00)
2026-01-10 18:33:53 - DroneController - [INFO] - Waypoint 25/175 reached
2026-01-10 18:33:53 - DroneController - [INFO] - Sending waypoint: (22.497550, 88.372136, 3.00)
2026-01-10 18:33:54 - DroneController - [INFO] - Waypoint 26/175 reached
2026-01-10 18:33:54 - DroneController - [INFO] - Sending waypoint: (22.497546, 88.372154, 3.00)
2026-01-10 18:33:54 - DroneController - [INFO] - Waypoint 27/175 reached
2026-01-10 18:33:54 - DroneController - [INFO] - Sending waypoint: (22.497546, 88.372174, 3.00)
2026-01-10 18:33:55 - DroneController - [INFO] - Waypoint 28/175 reached
2026-01-10 18:33:55 - DroneController - [INFO] - Sending waypoint: (22.497548, 88.372195, 3.00)
2026-01-10 18:33:56 - DroneController - [INFO] - Waypoint 29/175 reached
2026-01-10 18:33:56 - DroneController - [INFO] - Sending waypoint: (22.497554, 88.372218, 3.00)
2026-01-10 18:33:57 - DroneController - [INFO] - Waypoint 30/175 reached
2026-01-10 18:33:57 - DroneController - [INFO] - Sending waypoint: (22.497632, 88.372466, 3.00)
2026-01-10 18:34:02 - DroneController - [INFO] - Telemetry: 6345 msgs | GPS: (22.497608, 88.372393, 2.99m) | Battery: 0% | Mode: GUIDED
2026-01-10 18:34:03 - DroneController - [INFO] - Waypoint 31/175 reached
2026-01-10 18:34:03 - DroneController - [INFO] - Sending waypoint: (22.497640, 88.372488, 3.00)
2026-01-10 18:34:03 - DroneController - [INFO] - Waypoint 32/175 reached
2026-01-10 18:34:03 - DroneController - [INFO] - Sending waypoint: (22.497650, 88.372507, 3.00)
2026-01-10 18:34:04 - DroneController - [INFO] - Waypoint 33/175 reached
2026-01-10 18:34:04 - DroneController - [INFO] - Sending waypoint: (22.497662, 88.372522, 3.00)
2026-01-10 18:34:05 - DroneController - [INFO] - Waypoint 34/175 reached
2026-01-10 18:34:05 - DroneController - [INFO] - Sending waypoint: (22.497675, 88.372533, 3.00)
2026-01-10 18:34:06 - DroneController - [INFO] - Waypoint 35/175 reached
2026-01-10 18:34:06 - DroneController - [INFO] - Sending waypoint: (22.497690, 88.372540, 3.00)
2026-01-10 18:34:06 - DroneController - [INFO] - Waypoint 36/175 reached
2026-01-10 18:34:06 - DroneController - [INFO] - Sending waypoint: (22.497706, 88.372543, 3.00)
2026-01-10 18:34:07 - DroneController - [INFO] - Waypoint 37/175 reached
2026-01-10 18:34:07 - DroneController - [INFO] - Sending waypoint: (22.497724, 88.372542, 3.00)
2026-01-10 18:34:08 - DroneController - [INFO] - Waypoint 38/175 reached
2026-01-10 18:34:08 - DroneController - [INFO] - Sending waypoint: (22.497743, 88.372538, 3.00)
2026-01-10 18:34:09 - DroneController - [INFO] - Waypoint 39/175 reached
2026-01-10 18:34:09 - DroneController - [INFO] - Sending waypoint: (22.497764, 88.372530, 3.00)
2026-01-10 18:34:10 - DroneController - [INFO] - Waypoint 40/175 reached
2026-01-10 18:34:10 - DroneController - [INFO] - Sending waypoint: (22.497935, 88.372412, 3.00)
2026-01-10 18:34:12 - DroneController - [INFO] - Telemetry: 7538 msgs | GPS: (22.497781, 88.372520, 3.00m) | Battery: 0% | Mode: GUIDED
2026-01-10 18:34:15 - DroneController - [INFO] - Waypoint 41/175 reached
2026-01-10 18:34:15 - DroneController - [INFO] - Sending waypoint: (22.497954, 88.372401, 3.00)
2026-01-10 18:34:16 - DroneController - [INFO] - Waypoint 42/175 reached
2026-01-10 18:34:16 - DroneController - [INFO] - Sending waypoint: (22.497970, 88.372389, 3.00)
2026-01-10 18:34:16 - DroneController - [INFO] - Waypoint 43/175 reached
2026-01-10 18:34:16 - DroneController - [INFO] - Sending waypoint: (22.497982, 88.372375, 3.00)
2026-01-10 18:34:17 - DroneController - [INFO] - Waypoint 44/175 reached
2026-01-10 18:34:17 - DroneController - [INFO] - Sending waypoint: (22.497990, 88.372359, 3.00)
2026-01-10 18:34:18 - DroneController - [INFO] - Waypoint 45/175 reached
2026-01-10 18:34:18 - DroneController - [INFO] - Sending waypoint: (22.497995, 88.372342, 3.00)
2026-01-10 18:34:19 - DroneController - [INFO] - Waypoint 46/175 reached
2026-01-10 18:34:19 - DroneController - [INFO] - Sending waypoint: (22.497996, 88.372323, 3.00)
2026-01-10 18:34:19 - DroneController - [INFO] - Waypoint 47/175 reached
2026-01-10 18:34:19 - DroneController - [INFO] - Sending waypoint: (22.497994, 88.372302, 3.00)
2026-01-10 18:34:20 - DroneController - [INFO] - Waypoint 48/175 reached
2026-01-10 18:34:20 - DroneController - [INFO] - Sending waypoint: (22.497988, 88.372279, 3.00)
2026-01-10 18:34:21 - DroneController - [INFO] - Waypoint 49/175 reached
2026-01-10 18:34:21 - DroneController - [INFO] - Sending waypoint: (22.497920, 88.372078, 3.00)
2026-01-10 18:34:22 - DroneController - [INFO] - Telemetry: 8731 msgs | GPS: (22.497995, 88.372302, 3.00m) | Battery: 0% | Mode: GUIDED
2026-01-10 18:34:26 - DroneController - [INFO] - Waypoint 50/175 reached
2026-01-10 18:34:26 - DroneController - [INFO] - Sending waypoint: (22.497911, 88.372055, 3.00)
2026-01-10 18:34:27 - DroneController - [INFO] - Waypoint 51/175 reached
2026-01-10 18:34:27 - DroneController - [INFO] - Sending waypoint: (22.497899, 88.372037, 3.00)
2026-01-10 18:34:28 - DroneController - [INFO] - Waypoint 52/175 reached
2026-01-10 18:34:28 - DroneController - [INFO] - Sending waypoint: (22.497885, 88.372024, 3.00)
2026-01-10 18:34:29 - DroneController - [INFO] - Waypoint 53/175 reached
2026-01-10 18:34:29 - DroneController - [INFO] - Sending waypoint: (22.497869, 88.372016, 3.00)
2026-01-10 18:34:29 - DroneController - [INFO] - Waypoint 54/175 reached
2026-01-10 18:34:29 - DroneController - [INFO] - Sending waypoint: (22.497850, 88.372014, 3.00)
2026-01-10 18:34:30 - DroneController - [INFO] - Waypoint 55/175 reached
2026-01-10 18:34:30 - DroneController - [INFO] - Sending waypoint: (22.497830, 88.372016, 3.00)
2026-01-10 18:34:31 - DroneController - [INFO] - Waypoint 56/175 reached
2026-01-10 18:34:31 - DroneController - [INFO] - Sending waypoint: (22.497808, 88.372024, 3.00)
2026-01-10 18:34:32 - DroneController - [INFO] - Telemetry: 9926 msgs | GPS: (22.497848, 88.372013, 3.00m) | Battery: 0% | Mode: GUIDED
2026-01-10 18:34:32 - DroneController - [INFO] - Waypoint 57/175 reached
2026-01-10 18:34:32 - DroneController - [INFO] - Sending waypoint: (22.497643, 88.372097, 3.00)
2026-01-10 18:34:37 - DroneController - [INFO] - Waypoint 58/175 reached
2026-01-10 18:34:37 - DroneController - [INFO] - Sending waypoint: (22.497624, 88.372106, 3.00)
2026-01-10 18:34:37 - DroneController - [INFO] - Waypoint 59/175 reached
2026-01-10 18:34:37 - DroneController - [INFO] - Sending waypoint: (22.497609, 88.372118, 3.00)
2026-01-10 18:34:38 - DroneController - [INFO] - Waypoint 60/175 reached
2026-01-10 18:34:38 - DroneController - [INFO] - Sending waypoint: (22.497597, 88.372131, 3.00)
2026-01-10 18:34:39 - DroneController - [INFO] - Waypoint 61/175 reached
2026-01-10 18:34:39 - DroneController - [INFO] - Sending waypoint: (22.497588, 88.372147, 3.00)
2026-01-10 18:34:40 - DroneController - [INFO] - Waypoint 62/175 reached
2026-01-10 18:34:40 - DroneController - [INFO] - Sending waypoint: (22.497583, 88.372163, 3.00)
2026-01-10 18:34:40 - DroneController - [INFO] - Waypoint 63/175 reached
2026-01-10 18:34:40 - DroneController - [INFO] - Sending waypoint: (22.497582, 88.372182, 3.00)
2026-01-10 18:34:41 - DroneController - [INFO] - Waypoint 64/175 reached
2026-01-10 18:34:41 - DroneController - [INFO] - Sending waypoint: (22.497584, 88.372202, 3.00)
2026-01-10 18:34:42 - DroneController - [INFO] - Telemetry: 11122 msgs | GPS: (22.497583, 88.372161, 3.00m) | Battery: 0% | Mode: GUIDED
2026-01-10 18:34:42 - DroneController - [INFO] - Waypoint 65/175 reached
2026-01-10 18:34:42 - DroneController - [INFO] - Sending waypoint: (22.497589, 88.372224, 3.00)
2026-01-10 18:34:43 - DroneController - [INFO] - Waypoint 66/175 reached
2026-01-10 18:34:43 - DroneController - [INFO] - Sending waypoint: (22.497654, 88.372436, 3.00)
2026-01-10 18:34:48 - DroneController - [INFO] - Waypoint 67/175 reached
2026-01-10 18:34:48 - DroneController - [INFO] - Sending waypoint: (22.497664, 88.372461, 3.00)
2026-01-10 18:34:49 - DroneController - [INFO] - Waypoint 68/175 reached
2026-01-10 18:34:49 - DroneController - [INFO] - Sending waypoint: (22.497675, 88.372479, 3.00)
2026-01-10 18:34:50 - DroneController - [INFO] - Waypoint 69/175 reached
2026-01-10 18:34:50 - DroneController - [INFO] - Sending waypoint: (22.497689, 88.372493, 3.00)
2026-01-10 18:34:50 - DroneController - [INFO] - Waypoint 70/175 reached
2026-01-10 18:34:50 - DroneController - [INFO] - Sending waypoint: (22.497705, 88.372500, 3.00)
2026-01-10 18:34:51 - DroneController - [INFO] - Waypoint 71/175 reached
2026-01-10 18:34:51 - DroneController - [INFO] - Sending waypoint: (22.497724, 88.372503, 3.00)
2026-01-10 18:34:52 - DroneController - [INFO] - Telemetry: 12315 msgs | GPS: (22.497687, 88.372490, 3.00m) | Battery: 0% | Mode: GUIDED
2026-01-10 18:34:52 - DroneController - [INFO] - Waypoint 72/175 reached
2026-01-10 18:34:52 - DroneController - [INFO] - Sending waypoint: (22.497744, 88.372500, 3.00)
2026-01-10 18:34:53 - DroneController - [INFO] - Waypoint 73/175 reached
2026-01-10 18:34:53 - DroneController - [INFO] - Sending waypoint: (22.497767, 88.372491, 3.00)
2026-01-10 18:34:54 - DroneController - [INFO] - Waypoint 74/175 reached
2026-01-10 18:34:54 - DroneController - [INFO] - Sending waypoint: (22.497909, 88.372385, 3.00)
2026-01-10 18:34:59 - DroneController - [INFO] - Waypoint 75/175 reached
2026-01-10 18:34:59 - DroneController - [INFO] - Sending waypoint: (22.497927, 88.372375, 3.00)
2026-01-10 18:34:59 - DroneController - [INFO] - Waypoint 76/175 reached
2026-01-10 18:34:59 - DroneController - [INFO] - Sending waypoint: (22.497941, 88.372363, 3.00)
2026-01-10 18:35:00 - DroneController - [INFO] - Waypoint 77/175 reached
2026-01-10 18:35:00 - DroneController - [INFO] - Sending waypoint: (22.497951, 88.372349, 3.00)
2026-01-10 18:35:01 - DroneController - [INFO] - Waypoint 78/175 reached
2026-01-10 18:35:01 - DroneController - [INFO] - Sending waypoint: (22.497957, 88.372333, 3.00)
2026-01-10 18:35:02 - DroneController - [INFO] - Telemetry: 13508 msgs | GPS: (22.497943, 88.372359, 3.00m) | Battery: 0% | Mode: GUIDED
2026-01-10 18:35:02 - DroneController - [INFO] - Waypoint 79/175 reached
2026-01-10 18:35:02 - DroneController - [INFO] - Sending waypoint: (22.497960, 88.372315, 3.00)
2026-01-10 18:35:02 - DroneController - [INFO] - Waypoint 80/175 reached
2026-01-10 18:35:02 - DroneController - [INFO] - Sending waypoint: (22.497958, 88.372296, 3.00)
2026-01-10 18:35:03 - DroneController - [INFO] - Waypoint 81/175 reached
2026-01-10 18:35:03 - DroneController - [INFO] - Sending waypoint: (22.497953, 88.372274, 3.00)
2026-01-10 18:35:04 - DroneController - [INFO] - Waypoint 82/175 reached
2026-01-10 18:35:04 - DroneController - [INFO] - Sending waypoint: (22.497898, 88.372108, 3.00)
2026-01-10 18:35:08 - DroneController - [INFO] - Waypoint 83/175 reached
2026-01-10 18:35:08 - DroneController - [INFO] - Sending waypoint: (22.497888, 88.372086, 3.00)
2026-01-10 18:35:09 - DroneController - [INFO] - Waypoint 84/175 reached
2026-01-10 18:35:09 - DroneController - [INFO] - Sending waypoint: (22.497876, 88.372069, 3.00)
2026-01-10 18:35:10 - DroneController - [INFO] - Waypoint 85/175 reached
2026-01-10 18:35:10 - DroneController - [INFO] - Sending waypoint: (22.497862, 88.372059, 3.00)
2026-01-10 18:35:11 - DroneController - [INFO] - Waypoint 86/175 reached
2026-01-10 18:35:11 - DroneController - [INFO] - Sending waypoint: (22.497845, 88.372055, 3.00)
2026-01-10 18:35:12 - DroneController - [INFO] - Telemetry: 14704 msgs | GPS: (22.497873, 88.372067, 3.00m) | Battery: 0% | Mode: GUIDED
2026-01-10 18:35:12 - DroneController - [INFO] - Waypoint 87/175 reached
2026-01-10 18:35:12 - DroneController - [INFO] - Sending waypoint: (22.497826, 88.372056, 3.00)
2026-01-10 18:35:13 - DroneController - [INFO] - Waypoint 88/175 reached
2026-01-10 18:35:13 - DroneController - [INFO] - Sending waypoint: (22.497805, 88.372063, 3.00)
2026-01-10 18:35:14 - DroneController - [INFO] - Waypoint 89/175 reached
2026-01-10 18:35:14 - DroneController - [INFO] - Sending waypoint: (22.497669, 88.372124, 3.00)
2026-01-10 18:35:18 - DroneController - [INFO] - Waypoint 90/175 reached
2026-01-10 18:35:18 - DroneController - [INFO] - Sending waypoint: (22.497651, 88.372134, 3.00)
2026-01-10 18:35:18 - DroneController - [INFO] - Waypoint 91/175 reached
2026-01-10 18:35:18 - DroneController - [INFO] - Sending waypoint: (22.497638, 88.372145, 3.00)
2026-01-10 18:35:19 - DroneController - [INFO] - Waypoint 92/175 reached
2026-01-10 18:35:19 - DroneController - [INFO] - Sending waypoint: (22.497627, 88.372158, 3.00)
2026-01-10 18:35:20 - DroneController - [INFO] - Waypoint 93/175 reached
2026-01-10 18:35:20 - DroneController - [INFO] - Sending waypoint: (22.497621, 88.372174, 3.00)
2026-01-10 18:35:21 - DroneController - [INFO] - Waypoint 94/175 reached
2026-01-10 18:35:21 - DroneController - [INFO] - Sending waypoint: (22.497618, 88.372191, 3.00)
2026-01-10 18:35:21 - DroneController - [INFO] - Waypoint 95/175 reached
2026-01-10 18:35:21 - DroneController - [INFO] - Sending waypoint: (22.497619, 88.372210, 3.00)
2026-01-10 18:35:22 - DroneController - [INFO] - Telemetry: 15899 msgs | GPS: (22.497623, 88.372167, 3.00m) | Battery: 0% | Mode: GUIDED
2026-01-10 18:35:22 - DroneController - [INFO] - Waypoint 96/175 reached
2026-01-10 18:35:22 - DroneController - [INFO] - Sending waypoint: (22.497624, 88.372230, 3.00)
2026-01-10 18:35:23 - DroneController - [INFO] - Waypoint 97/175 reached
2026-01-10 18:35:23 - DroneController - [INFO] - Sending waypoint: (22.497677, 88.372407, 3.00)
2026-01-10 18:35:28 - DroneController - [INFO] - Waypoint 98/175 reached
2026-01-10 18:35:28 - DroneController - [INFO] - Sending waypoint: (22.497686, 88.372430, 3.00)
2026-01-10 18:35:28 - DroneController - [INFO] - Waypoint 99/175 reached
2026-01-10 18:35:28 - DroneController - [INFO] - Sending waypoint: (22.497698, 88.372447, 3.00)
2026-01-10 18:35:29 - DroneController - [INFO] - Waypoint 100/175 reached
2026-01-10 18:35:29 - DroneController - [INFO] - Sending waypoint: (22.497712, 88.372458, 3.00)
2026-01-10 18:35:30 - DroneController - [INFO] - Waypoint 101/175 reached
2026-01-10 18:35:30 - DroneController - [INFO] - Sending waypoint: (22.497729, 88.372462, 3.00)
2026-01-10 18:35:31 - DroneController - [INFO] - Waypoint 102/175 reached
2026-01-10 18:35:31 - DroneController - [INFO] - Sending waypoint: (22.497748, 88.372460, 3.00)
2026-01-10 18:35:32 - DroneController - [INFO] - Telemetry: 17090 msgs | GPS: (22.497720, 88.372460, 3.00m) | Battery: 0% | Mode: GUIDED
2026-01-10 18:35:32 - DroneController - [INFO] - Waypoint 103/175 reached
2026-01-10 18:35:32 - DroneController - [INFO] - Sending waypoint: (22.497770, 88.372452, 3.00)
2026-01-10 18:35:33 - DroneController - [INFO] - Waypoint 104/175 reached
2026-01-10 18:35:33 - DroneController - [INFO] - Sending waypoint: (22.497883, 88.372359, 3.00)
2026-01-10 18:35:37 - DroneController - [INFO] - Waypoint 105/175 reached
2026-01-10 18:35:37 - DroneController - [INFO] - Sending waypoint: (22.497902, 88.372346, 3.00)
2026-01-10 18:35:37 - DroneController - [INFO] - Waypoint 106/175 reached
2026-01-10 18:35:37 - DroneController - [INFO] - Sending waypoint: (22.497915, 88.372331, 3.00)
2026-01-10 18:35:38 - DroneController - [INFO] - Waypoint 107/175 reached
2026-01-10 18:35:38 - DroneController - [INFO] - Sending waypoint: (22.497922, 88.372313, 3.00)
2026-01-10 18:35:39 - DroneController - [INFO] - Waypoint 108/175 reached
2026-01-10 18:35:39 - DroneController - [INFO] - Sending waypoint: (22.497923, 88.372293, 3.00)
2026-01-10 18:35:40 - DroneController - [INFO] - Waypoint 109/175 reached
2026-01-10 18:35:40 - DroneController - [INFO] - Sending waypoint: (22.497918, 88.372269, 3.00)
2026-01-10 18:35:41 - DroneController - [INFO] - Waypoint 110/175 reached
2026-01-10 18:35:41 - DroneController - [INFO] - Sending waypoint: (22.497875, 88.372137, 3.00)
2026-01-10 18:35:42 - DroneController - [INFO] - Telemetry: 18286 msgs | GPS: (22.497922, 88.372282, 3.00m) | Battery: 0% | Mode: GUIDED
2026-01-10 18:35:45 - DroneController - [INFO] - Waypoint 111/175 reached
2026-01-10 18:35:45 - DroneController - [INFO] - Sending waypoint: (22.497866, 88.372117, 3.00)
2026-01-10 18:35:45 - DroneController - [INFO] - Waypoint 112/175 reached
2026-01-10 18:35:45 - DroneController - [INFO] - Sending waypoint: (22.497854, 88.372103, 3.00)
2026-01-10 18:35:46 - DroneController - [INFO] - Waypoint 113/175 reached
2026-01-10 18:35:46 - DroneController - [INFO] - Sending waypoint: (22.497840, 88.372096, 3.00)
2026-01-10 18:35:47 - DroneController - [INFO] - Waypoint 114/175 reached
2026-01-10 18:35:47 - DroneController - [INFO] - Sending waypoint: (22.497822, 88.372096, 3.00)
2026-01-10 18:35:48 - DroneController - [INFO] - Waypoint 115/175 reached
2026-01-10 18:35:48 - DroneController - [INFO] - Sending waypoint: (22.497802, 88.372102, 3.00)
2026-01-10 18:35:49 - DroneController - [INFO] - Waypoint 116/175 reached
2026-01-10 18:35:49 - DroneController - [INFO] - Sending waypoint: (22.497695, 88.372152, 3.00)
2026-01-10 18:35:52 - DroneController - [INFO] - Telemetry: 19479 msgs | GPS: (22.497737, 88.372130, 3.00m) | Battery: 0% | Mode: GUIDED
2026-01-10 18:35:52 - DroneController - [INFO] - Waypoint 117/175 reached
2026-01-10 18:35:52 - DroneController - [INFO] - Sending waypoint: (22.497676, 88.372163, 3.00)
2026-01-10 18:35:53 - DroneController - [INFO] - Waypoint 118/175 reached
2026-01-10 18:35:53 - DroneController - [INFO] - Sending waypoint: (22.497663, 88.372177, 3.00)
2026-01-10 18:35:54 - DroneController - [INFO] - Waypoint 119/175 reached
2026-01-10 18:35:54 - DroneController - [INFO] - Sending waypoint: (22.497656, 88.372194, 3.00)
2026-01-10 18:35:55 - DroneController - [INFO] - Waypoint 120/175 reached
2026-01-10 18:35:55 - DroneController - [INFO] - Sending waypoint: (22.497655, 88.372214, 3.00)
2026-01-10 18:35:55 - DroneController - [INFO] - Waypoint 121/175 reached
2026-01-10 18:35:55 - DroneController - [INFO] - Sending waypoint: (22.497659, 88.372236, 3.00)
2026-01-10 18:35:56 - DroneController - [INFO] - Waypoint 122/175 reached
2026-01-10 18:35:56 - DroneController - [INFO] - Sending waypoint: (22.497700, 88.372378, 3.00)
2026-01-10 18:36:00 - DroneController - [INFO] - Waypoint 123/175 reached
2026-01-10 18:36:00 - DroneController - [INFO] - Sending waypoint: (22.497708, 88.372399, 3.00)
2026-01-10 18:36:01 - DroneController - [INFO] - Waypoint 124/175 reached
2026-01-10 18:36:01 - DroneController - [INFO] - Sending waypoint: (22.497720, 88.372414, 3.00)
2026-01-10 18:36:01 - DroneController - [INFO] - Waypoint 125/175 reached
2026-01-10 18:36:01 - DroneController - [INFO] - Sending waypoint: (22.497734, 88.372421, 3.00)
2026-01-10 18:36:02 - DroneController - [INFO] - Telemetry: 20672 msgs | GPS: (22.497704, 88.372390, 3.00m) | Battery: 0% | Mode: GUIDED
2026-01-10 18:36:02 - DroneController - [INFO] - Waypoint 126/175 reached
2026-01-10 18:36:02 - DroneController - [INFO] - Sending waypoint: (22.497752, 88.372421, 3.00)
2026-01-10 18:36:03 - DroneController - [INFO] - Waypoint 127/175 reached
2026-01-10 18:36:03 - DroneController - [INFO] - Sending waypoint: (22.497773, 88.372413, 3.00)
2026-01-10 18:36:04 - DroneController - [INFO] - Waypoint 128/175 reached
2026-01-10 18:36:04 - DroneController - [INFO] - Sending waypoint: (22.497856, 88.372332, 3.00)
2026-01-10 18:36:07 - DroneController - [INFO] - Waypoint 129/175 reached
2026-01-10 18:36:07 - DroneController - [INFO] - Sending waypoint: (22.497873, 88.372320, 3.00)
2026-01-10 18:36:08 - DroneController - [INFO] - Waypoint 130/175 reached
2026-01-10 18:36:08 - DroneController - [INFO] - Sending waypoint: (22.497883, 88.372304, 3.00)
2026-01-10 18:36:09 - DroneController - [INFO] - Waypoint 131/175 reached
2026-01-10 18:36:09 - DroneController - [INFO] - Sending waypoint: (22.497886, 88.372286, 3.00)
2026-01-10 18:36:10 - DroneController - [INFO] - Waypoint 132/175 reached
2026-01-10 18:36:10 - DroneController - [INFO] - Sending waypoint: (22.497883, 88.372264, 3.00)
2026-01-10 18:36:11 - DroneController - [INFO] - Waypoint 133/175 reached
2026-01-10 18:36:11 - DroneController - [INFO] - Sending waypoint: (22.497852, 88.372167, 3.00)
2026-01-10 18:36:12 - DroneController - [INFO] - Telemetry: 21868 msgs | GPS: (22.497885, 88.372270, 3.00m) | Battery: 0% | Mode: GUIDED
2026-01-10 18:36:14 - DroneController - [INFO] - Waypoint 134/175 reached
2026-01-10 18:36:14 - DroneController - [INFO] - Sending waypoint: (22.497844, 88.372149, 3.00)
2026-01-10 18:36:14 - DroneController - [INFO] - Waypoint 135/175 reached
2026-01-10 18:36:14 - DroneController - [INFO] - Sending waypoint: (22.497832, 88.372138, 3.00)
2026-01-10 18:36:15 - DroneController - [INFO] - Waypoint 136/175 reached
2026-01-10 18:36:15 - DroneController - [INFO] - Sending waypoint: (22.497817, 88.372136, 3.00)
2026-01-10 18:36:16 - DroneController - [INFO] - Waypoint 137/175 reached
2026-01-10 18:36:16 - DroneController - [INFO] - Sending waypoint: (22.497799, 88.372142, 3.00)
2026-01-10 18:36:16 - DroneController - [INFO] - Waypoint 138/175 reached
2026-01-10 18:36:16 - DroneController - [INFO] - Sending waypoint: (22.497721, 88.372179, 3.00)
2026-01-10 18:36:19 - DroneController - [INFO] - Waypoint 139/175 reached
2026-01-10 18:36:19 - DroneController - [INFO] - Sending waypoint: (22.497704, 88.372190, 3.00)
2026-01-10 18:36:20 - DroneController - [INFO] - Waypoint 140/175 reached
2026-01-10 18:36:20 - DroneController - [INFO] - Sending waypoint: (22.497694, 88.372204, 3.00)
2026-01-10 18:36:21 - DroneController - [INFO] - Waypoint 141/175 reached
2026-01-10 18:36:21 - DroneController - [INFO] - Sending waypoint: (22.497691, 88.372222, 3.00)
2026-01-10 18:36:22 - DroneController - [INFO] - Telemetry: 23061 msgs | GPS: (22.497702, 88.372194, 3.00m) | Battery: 0% | Mode: GUIDED
2026-01-10 18:36:22 - DroneController - [INFO] - Waypoint 142/175 reached
2026-01-10 18:36:22 - DroneController - [INFO] - Sending waypoint: (22.497694, 88.372243, 3.00)
2026-01-10 18:36:23 - DroneController - [INFO] - Waypoint 143/175 reached
2026-01-10 18:36:23 - DroneController - [INFO] - Sending waypoint: (22.497722, 88.372349, 3.00)
2026-01-10 18:36:26 - DroneController - [INFO] - Waypoint 144/175 reached
2026-01-10 18:36:26 - DroneController - [INFO] - Sending waypoint: (22.497730, 88.372368, 3.00)
2026-01-10 18:36:27 - DroneController - [INFO] - Waypoint 145/175 reached
2026-01-10 18:36:27 - DroneController - [INFO] - Sending waypoint: (22.497742, 88.372379, 3.00)
2026-01-10 18:36:27 - DroneController - [INFO] - Waypoint 146/175 reached
2026-01-10 18:36:27 - DroneController - [INFO] - Sending waypoint: (22.497757, 88.372381, 3.00)
2026-01-10 18:36:28 - DroneController - [INFO] - Waypoint 147/175 reached
2026-01-10 18:36:28 - DroneController - [INFO] - Sending waypoint: (22.497775, 88.372374, 3.00)
2026-01-10 18:36:29 - DroneController - [INFO] - Waypoint 148/175 reached
2026-01-10 18:36:29 - DroneController - [INFO] - Sending waypoint: (22.497830, 88.372305, 3.00)
2026-01-10 18:36:32 - DroneController - [INFO] - Telemetry: 24252 msgs | GPS: (22.497813, 88.372330, 3.00m) | Battery: 0% | Mode: GUIDED
2026-01-10 18:36:32 - DroneController - [INFO] - Waypoint 149/175 reached
2026-01-10 18:36:32 - DroneController - [INFO] - Sending waypoint: (22.497844, 88.372293, 3.00)
2026-01-10 18:36:33 - DroneController - [INFO] - Waypoint 150/175 reached
2026-01-10 18:36:33 - DroneController - [INFO] - Sending waypoint: (22.497849, 88.372278, 3.00)
2026-01-10 18:36:33 - DroneController - [INFO] - Waypoint 151/175 reached
2026-01-10 18:36:33 - DroneController - [INFO] - Sending waypoint: (22.497847, 88.372259, 3.00)
2026-01-10 18:36:34 - DroneController - [INFO] - Waypoint 152/175 reached
2026-01-10 18:36:34 - DroneController - [INFO] - Sending waypoint: (22.497830, 88.372196, 3.00)
2026-01-10 18:36:36 - DroneController - [INFO] - Waypoint 153/175 reached
2026-01-10 18:36:36 - DroneController - [INFO] - Sending waypoint: (22.497822, 88.372182, 3.00)
2026-01-10 18:36:37 - DroneController - [INFO] - Waypoint 154/175 reached
2026-01-10 18:36:37 - DroneController - [INFO] - Sending waypoint: (22.497811, 88.372177, 3.00)
2026-01-10 18:36:37 - DroneController - [INFO] - Waypoint 155/175 reached
2026-01-10 18:36:37 - DroneController - [INFO] - Sending waypoint: (22.497797, 88.372181, 3.00)
2026-01-10 18:36:38 - DroneController - [INFO] - Waypoint 156/175 reached
2026-01-10 18:36:38 - DroneController - [INFO] - Sending waypoint: (22.497747, 88.372207, 3.00)
2026-01-10 18:36:40 - DroneController - [INFO] - Waypoint 157/175 reached
2026-01-10 18:36:40 - DroneController - [INFO] - Sending waypoint: (22.497734, 88.372217, 3.00)
2026-01-10 18:36:41 - DroneController - [INFO] - Waypoint 158/175 reached
2026-01-10 18:36:41 - DroneController - [INFO] - Sending waypoint: (22.497728, 88.372231, 3.00)
2026-01-10 18:36:41 - DroneController - [INFO] - Waypoint 159/175 reached
2026-01-10 18:36:41 - DroneController - [INFO] - Sending waypoint: (22.497729, 88.372249, 3.00)
2026-01-10 18:36:42 - DroneController - [INFO] - Telemetry: 25448 msgs | GPS: (22.497739, 88.372213, 2.99m) | Battery: 0% | Mode: GUIDED
2026-01-10 18:36:42 - DroneController - [INFO] - Waypoint 160/175 reached
2026-01-10 18:36:42 - DroneController - [INFO] - Sending waypoint: (22.497745, 88.372320, 3.00)
2026-01-10 18:36:45 - DroneController - [INFO] - Waypoint 161/175 reached
2026-01-10 18:36:45 - DroneController - [INFO] - Sending waypoint: (22.497752, 88.372335, 3.00)
2026-01-10 18:36:45 - DroneController - [INFO] - Waypoint 162/175 reached
2026-01-10 18:36:45 - DroneController - [INFO] - Sending waypoint: (22.497763, 88.372340, 3.00)
2026-01-10 18:36:46 - DroneController - [INFO] - Waypoint 163/175 reached
2026-01-10 18:36:46 - DroneController - [INFO] - Sending waypoint: (22.497778, 88.372335, 3.00)
2026-01-10 18:36:46 - DroneController - [INFO] - Waypoint 164/175 reached
2026-01-10 18:36:46 - DroneController - [INFO] - Sending waypoint: (22.497805, 88.372278, 3.00)
2026-01-10 18:36:49 - DroneController - [INFO] - Waypoint 165/175 reached
2026-01-10 18:36:49 - DroneController - [INFO] - Sending waypoint: (22.497812, 88.372268, 3.00)
2026-01-10 18:36:49 - DroneController - [INFO] - Waypoint 166/175 reached
2026-01-10 18:36:49 - DroneController - [INFO] - Sending waypoint: (22.497813, 88.372255, 3.00)
2026-01-10 18:36:50 - DroneController - [INFO] - Waypoint 167/175 reached
2026-01-10 18:36:50 - DroneController - [INFO] - Sending waypoint: (22.497807, 88.372226, 3.00)
2026-01-10 18:36:51 - DroneController - [INFO] - Waypoint 168/175 reached
2026-01-10 18:36:51 - DroneController - [INFO] - Sending waypoint: (22.497794, 88.372220, 3.00)
2026-01-10 18:36:52 - DroneController - [INFO] - Waypoint 169/175 reached
2026-01-10 18:36:52 - DroneController - [INFO] - Sending waypoint: (22.497773, 88.372234, 3.00)
2026-01-10 18:36:52 - DroneController - [INFO] - Telemetry: 26641 msgs | GPS: (22.497810, 88.372240, 3.00m) | Battery: 0% | Mode: GUIDED
2026-01-10 18:36:53 - DroneController - [INFO] - Waypoint 170/175 reached
2026-01-10 18:36:53 - DroneController - [INFO] - Sending waypoint: (22.497765, 88.372243, 3.00)
2026-01-10 18:36:53 - DroneController - [INFO] - Waypoint 171/175 reached
2026-01-10 18:36:53 - DroneController - [INFO] - Sending waypoint: (22.497764, 88.372255, 3.00)
2026-01-10 18:36:54 - DroneController - [INFO] - Waypoint 172/175 reached
2026-01-10 18:36:54 - DroneController - [INFO] - Sending waypoint: (22.497767, 88.372290, 3.00)
2026-01-10 18:36:55 - DroneController - [INFO] - Waypoint 173/175 reached
2026-01-10 18:36:55 - DroneController - [INFO] - Sending waypoint: (22.497781, 88.372297, 3.00)
2026-01-10 18:36:56 - DroneController - [INFO] - Waypoint 174/175 reached
2026-01-10 18:36:56 - DroneController - [INFO] - Sending waypoint: (22.497788, 88.372256, 3.00)
2026-01-10 18:36:58 - DroneController - [INFO] - Waypoint 175/175 reached
2026-01-10 18:36:58 - DroneController - [INFO] - All waypoints reached
2026-01-10 18:36:59 - DroneController - [INFO] - Returning to home and landing
2026-01-10 18:36:59 - DroneController - [INFO] - Sending waypoint: (22.498022, 88.372386, 2.99)
2026-01-10 18:37:02 - DroneController - [INFO] - Telemetry: 27834 msgs | GPS: (22.497820, 88.372270, 2.98m) | Battery: 0% | Mode: GUIDED
2026-01-10 18:37:06 - DroneController - [INFO] - Reached home position, initiating landing
2026-01-10 18:37:08 - DroneController - [INFO] - State transition: MISSION_ACTIVE -> LANDING
2026-01-10 18:37:08 - DroneController - [INFO] - Setting mode to LAND (attempt 1)
2026-01-10 18:37:09 - DroneController - [INFO] - Mode changed to LAND
2026-01-10 18:37:09 - DroneController - [INFO] - Landing in progress
2026-01-10 18:37:09 - DroneController - [INFO] - Landing command sent
2026-01-10 18:37:12 - DroneController - [INFO] - Telemetry: 29020 msgs | GPS: (22.498023, 88.372387, 1.64m) | Battery: 0% | Mode: LAND
2026-01-10 18:37:22 - DroneController - [INFO] - Telemetry: 30179 msgs | GPS: (22.498023, 88.372387, 0.00m) | Battery: 0% | Mode: LAND
2026-01-10 18:37:24 - DroneController - [INFO] - Stopping controller...
2026-01-10 18:37:25 - DroneController - [INFO] - Mission controller stopped
2026-01-10 18:37:25 - DroneController - [INFO] - Telemetry loop stopped. Total messages: 30493
2026-01-10 18:37:25 - DroneController - [INFO] - Message type distribution: {'AHRS': 1026, 'AHRS2': 1025, 'ATTITUDE': 1025, 'BATTERY_STATUS': 1025, 'COMMAND_ACK': 2, 'EKF_STATUS_REPORT': 1025, 'ESC_TELEMETRY_1_TO_4': 1025, 'ESC_TELEMETRY_5_TO_8': 1025, 'EXTENDED_SYS_STATE': 256, 'GLOBAL_POSITION_INT': 1025, 'GPS_GLOBAL_ORIGIN': 1, 'GPS_RAW_INT': 1025, 'HEARTBEAT': 257, 'HOME_POSITION': 257, 'LOCAL_POSITION_NED': 1025, 'MEMINFO': 1025, 'MISSION_CURRENT': 1025, 'NAV_CONTROLLER_OUTPUT': 1025, 'PARAM_VALUE': 29, 'POSITION_TARGET_GLOBAL_INT': 909, 'POWER_STATUS': 1025, 'RAW_IMU': 1025, 'RC_CHANNELS': 1025, 'SCALED_IMU2': 1025, 'SCALED_IMU3': 1025, 'SCALED_PRESSURE': 1025, 'SCALED_PRESSURE2': 1025, 'SERVO_OUTPUT_RAW': 1025, 'SIMSTATE': 1025, 'STATUSTEXT': 5, 'SYSTEM_TIME': 1025, 'SYS_STATUS': 1025, 'TERRAIN_REPORT': 1025, 'TIMESYNC': 25, 'UNKNOWN_437': 51, 'VFR_HUD': 1025, 'VIBRATION': 1025, 'WIND': 1025}
2026-01-10 18:37:25 - DroneController - [INFO] - Command processor stopped
2026-01-10 18:37:25 - DroneController - [INFO] - Heartbeat monitor stopped
2026-01-10 18:37:25 - DroneController - [INFO] - Controller stopped
2026-01-10 18:38:33 - DroneController - [INFO] - Mission planner initialized with KML: /Users/trishit_debsharma/Documents/Code/NIDAR/NIDAR/scan_drone/data/JUs.kml
2026-01-10 18:38:33 - DroneController - [INFO] - DroneController initialized
2026-01-10 18:38:33 - DroneController - [INFO] - Geofence mode: polygon
2026-01-10 18:38:33 - DroneController - [INFO] - Connecting to 127.0.0.1:14551
2026-01-10 18:38:33 - DroneController - [INFO] - Connection attempt 1/3...
2026-01-10 18:38:33 - DroneController - [INFO] - Waiting for heartbeat...
2026-01-10 18:38:34 - DroneController - [INFO] - Heartbeat from system 1, component 0
2026-01-10 18:38:34 - DroneController - [INFO] - Requesting data streams...
2026-01-10 18:38:34 - DroneController - [INFO] - Verifying data stream...
2026-01-10 18:38:34 - DroneController - [INFO] - Verifying data stream reception...
2026-01-10 18:38:35 - DroneController - [INFO] - ✓ All critical data streams verified
2026-01-10 18:38:35 - DroneController - [INFO] - Waiting for data streams to initialize...
2026-01-10 18:38:38 - DroneController - [INFO] - State transition: DISCONNECTED -> CONNECTED
2026-01-10 18:38:38 - DroneController - [INFO] - Telemetry log initialized: telemetry/telemetry_20260110_183838.csv
2026-01-10 18:38:38 - DroneController - [INFO] - ✓ Connection established and verified
2026-01-10 18:38:38 - DroneController - [INFO] - Telemetry loop started
2026-01-10 18:38:38 - DroneController - [INFO] - Heartbeat monitor started
2026-01-10 18:38:38 - DroneController - [INFO] - ✓ First telemetry message received
2026-01-10 18:38:38 - DroneController - [INFO] - Command processor started
2026-01-10 18:38:38 - DroneController - [INFO] - Mission controller started
2026-01-10 18:38:38 - DroneController - [INFO] - All threads started
2026-01-10 18:38:38 - DroneController - [INFO] - State transition: CONNECTED -> IDLE
2026-01-10 18:38:40 - DroneController - [INFO] - Loading mission with 0 points
2026-01-10 18:38:40 - DroneController - [INFO] - Starting and home position: lat=22.498023, lon=88.372387
2026-01-10 18:38:40 - DroneController - [INFO] - Mission validated: 175 waypoints
2026-01-10 18:38:40 - DroneController - [INFO] - Starting arm and takeoff to 3.0m
2026-01-10 18:38:40 - DroneController - [INFO] - Using polygon geofence from KML
2026-01-10 18:38:40 - DroneController - [INFO] - Setting mode to GUIDED (attempt 1)
2026-01-10 18:38:41 - DroneController - [INFO] - Mode changed to GUIDED
2026-01-10 18:38:41 - DroneController - [INFO] - State transition: IDLE -> ARMING
2026-01-10 18:38:41 - DroneController - [INFO] - Waiting for drone to become armable...
2026-01-10 18:38:41 - DroneController - [INFO] - ✓ Drone is armable
2026-01-10 18:38:41 - DroneController - [INFO] - Arming attempt 1/3
2026-01-10 18:38:41 - DroneController - [INFO] - Armed successfully
2026-01-10 18:38:41 - DroneController - [INFO] - State transition: ARMING -> ARMED
2026-01-10 18:38:43 - DroneController - [INFO] - State transition: ARMED -> TAKING_OFF
2026-01-10 18:38:43 - DroneController - [INFO] - Takeoff attempt 1/3
2026-01-10 18:38:43 - DroneController - [INFO] - Takeoff command accepted
2026-01-10 18:38:47 - DroneController - [INFO] - Target altitude reached: 2.58m
2026-01-10 18:38:47 - DroneController - [INFO] - Arm and takeoff complete
2026-01-10 18:38:47 - DroneController - [INFO] - State transition: TAKING_OFF -> ARMED
2026-01-10 18:38:47 - DroneController - [INFO] - Starting mission with 175 waypoints
2026-01-10 18:38:47 - DroneController - [INFO] - State transition: ARMED -> MISSION_ACTIVE
2026-01-10 18:38:47 - DroneController - [INFO] - Sending waypoint: (22.497961, 88.372439, 3.00)
2026-01-10 18:38:48 - DroneController - [INFO] - Telemetry: 3332 msgs | GPS: (22.498021, 88.372388, 2.92m) | Battery: 0% | Mode: GUIDED
2026-01-10 18:38:50 - DroneController - [INFO] - Waypoint 1/175 reached
2026-01-10 18:38:50 - DroneController - [INFO] - Sending waypoint: (22.497981, 88.372428, 3.00)
2026-01-10 18:38:50 - DroneController - [INFO] - Waypoint 2/175 reached
2026-01-10 18:38:50 - DroneController - [INFO] - Sending waypoint: (22.497998, 88.372415, 3.00)
2026-01-10 18:38:50 - DroneController - [INFO] - Waypoint 3/175 reached
2026-01-10 18:38:50 - DroneController - [INFO] - Sending waypoint: (22.498012, 88.372401, 3.00)
2026-01-10 18:38:53 - DroneController - [INFO] - Waypoint 4/175 reached
2026-01-10 18:38:53 - DroneController - [INFO] - Sending waypoint: (22.498022, 88.372386, 3.00)
2026-01-10 18:38:54 - DroneController - [INFO] - Waypoint 5/175 reached
2026-01-10 18:38:54 - DroneController - [INFO] - Sending waypoint: (22.498029, 88.372369, 3.00)
2026-01-10 18:38:54 - DroneController - [INFO] - Waypoint 6/175 reached
2026-01-10 18:38:54 - DroneController - [INFO] - Sending waypoint: (22.498032, 88.372350, 3.00)
2026-01-10 18:38:55 - DroneController - [INFO] - Waypoint 7/175 reached
2026-01-10 18:38:55 - DroneController - [INFO] - Sending waypoint: (22.498033, 88.372330, 3.00)
2026-01-10 18:38:56 - DroneController - [INFO] - Waypoint 8/175 reached
2026-01-10 18:38:56 - DroneController - [INFO] - Sending waypoint: (22.498029, 88.372308, 3.00)
2026-01-10 18:38:57 - DroneController - [INFO] - Waypoint 9/175 reached
2026-01-10 18:38:57 - DroneController - [INFO] - Sending waypoint: (22.498023, 88.372284, 3.00)
2026-01-10 18:38:58 - DroneController - [INFO] - Telemetry: 4529 msgs | GPS: (22.498031, 88.372318, 3.00m) | Battery: 0% | Mode: GUIDED
2026-01-10 18:38:58 - DroneController - [INFO] - Waypoint 10/175 reached
2026-01-10 18:38:58 - DroneController - [INFO] - Sending waypoint: (22.497943, 88.372048, 3.00)
2026-01-10 18:39:03 - DroneController - [INFO] - Waypoint 11/175 reached
2026-01-10 18:39:03 - DroneController - [INFO] - Sending waypoint: (22.497934, 88.372027, 3.00)
2026-01-10 18:39:04 - DroneController - [INFO] - Waypoint 12/175 reached
2026-01-10 18:39:04 - DroneController - [INFO] - Sending waypoint: (22.497924, 88.372009, 3.00)
2026-01-10 18:39:05 - DroneController - [INFO] - Waypoint 13/175 reached
2026-01-10 18:39:05 - DroneController - [INFO] - Sending waypoint: (22.497912, 88.371994, 3.00)
2026-01-10 18:39:06 - DroneController - [INFO] - Waypoint 14/175 reached
2026-01-10 18:39:06 - DroneController - [INFO] - Sending waypoint: (22.497899, 88.371984, 3.00)
2026-01-10 18:39:06 - DroneController - [INFO] - Waypoint 15/175 reached
2026-01-10 18:39:06 - DroneController - [INFO] - Sending waypoint: (22.497884, 88.371977, 3.00)
2026-01-10 18:39:07 - DroneController - [INFO] - Waypoint 16/175 reached
2026-01-10 18:39:07 - DroneController - [INFO] - Sending waypoint: (22.497868, 88.371973, 3.00)
2026-01-10 18:39:08 - DroneController - [INFO] - Telemetry: 5724 msgs | GPS: (22.497896, 88.371982, 3.00m) | Battery: 0% | Mode: GUIDED
2026-01-10 18:39:08 - DroneController - [INFO] - Waypoint 17/175 reached
2026-01-10 18:39:08 - DroneController - [INFO] - Sending waypoint: (22.497850, 88.371973, 3.00)
2026-01-10 18:39:09 - DroneController - [INFO] - Waypoint 18/175 reached
2026-01-10 18:39:09 - DroneController - [INFO] - Sending waypoint: (22.497831, 88.371977, 3.00)
2026-01-10 18:39:12 - DroneController - [CRITICAL] - EMERGENCY STOP
2026-01-10 18:39:12 - DroneController - [CRITICAL] - Emergency land triggered
2026-01-10 18:39:12 - DroneController - [INFO] - State transition: MISSION_ACTIVE -> LANDING
2026-01-10 18:39:12 - DroneController - [INFO] - Setting mode to LAND (attempt 1)
2026-01-10 18:39:13 - DroneController - [INFO] - Mode changed to LAND
2026-01-10 18:39:13 - DroneController - [INFO] - Landing in progress
2026-01-10 18:39:18 - DroneController - [INFO] - Telemetry: 6896 msgs | GPS: (22.497864, 88.371968, 8.73m) | Battery: 0% | Mode: LAND
2026-01-10 18:39:22 - DroneController - [INFO] - Stopping controller...
2026-01-10 18:39:22 - DroneController - [INFO] - Mission controller stopped
2026-01-10 18:39:22 - DroneController - [INFO] - Telemetry loop stopped. Total messages: 7372
2026-01-10 18:39:22 - DroneController - [INFO] - Message type distribution: {'AHRS': 253, 'AHRS2': 253, 'ATTITUDE': 253, 'BATTERY_STATUS': 253, 'COMMAND_ACK': 4, 'EKF_STATUS_REPORT': 253, 'ESC_TELEMETRY_1_TO_4': 253, 'ESC_TELEMETRY_5_TO_8': 253, 'EXTENDED_SYS_STATE': 47, 'GLOBAL_POSITION_INT': 253, 'GPS_GLOBAL_ORIGIN': 1, 'GPS_RAW_INT': 253, 'HEARTBEAT': 51, 'HOME_POSITION': 48, 'LOCAL_POSITION_NED': 253, 'MEMINFO': 253, 'MISSION_CURRENT': 253, 'NAV_CONTROLLER_OUTPUT': 253, 'PARAM_VALUE': 7, 'POSITION_TARGET_GLOBAL_INT': 112, 'POWER_STATUS': 253, 'RAW_IMU': 253, 'RC_CHANNELS': 253, 'SCALED_IMU2': 253, 'SCALED_IMU3': 253, 'SCALED_PRESSURE': 253, 'SCALED_PRESSURE2': 253, 'SERVO_OUTPUT_RAW': 253, 'SIMSTATE': 253, 'STATUSTEXT': 3, 'SYSTEM_TIME': 253, 'SYS_STATUS': 253, 'TERRAIN_REPORT': 253, 'TIMESYNC': 5, 'UNKNOWN_437': 10, 'VFR_HUD': 253, 'VIBRATION': 253, 'WIND': 253}
2026-01-10 18:39:22 - DroneController - [INFO] - Heartbeat monitor stopped
2026-01-10 18:39:22 - DroneController - [INFO] - Command processor stopped
2026-01-10 18:39:22 - DroneController - [INFO] - Controller stopped
2026-01-11 20:24:27 - DroneController - [INFO] - Mission planner initialized with KML: /Users/trishit_debsharma/Documents/Code/NIDAR/NIDAR/scan_drone/data/JUs.kml
2026-01-11 20:24:27 - DroneController - [INFO] - DroneController initialized
2026-01-11 20:24:27 - DroneController - [INFO] - Geofence mode: polygon
2026-01-11 20:24:27 - DroneController - [INFO] - Connecting to 127.0.0.1:14551
2026-01-11 20:24:27 - DroneController - [INFO] - Connection attempt 1/3...
2026-01-11 20:24:27 - DroneController - [INFO] - Waiting for heartbeat...
2026-01-11 20:24:28 - DroneController - [INFO] - Heartbeat from system 1, component 0
2026-01-11 20:24:28 - DroneController - [INFO] - Requesting data streams...
2026-01-11 20:24:28 - DroneController - [INFO] - Verifying data stream...
2026-01-11 20:24:28 - DroneController - [INFO] - Verifying data stream reception...
2026-01-11 20:24:29 - DroneController - [INFO] - ✓ All critical data streams verified
2026-01-11 20:24:29 - DroneController - [INFO] - Waiting for data streams to initialize...
2026-01-11 20:24:32 - DroneController - [INFO] - State transition: DISCONNECTED -> CONNECTED
2026-01-11 20:24:32 - DroneController - [INFO] - Telemetry log initialized: telemetry/telemetry_20260111_202432.csv
2026-01-11 20:24:32 - DroneController - [INFO] - ✓ Connection established and verified
2026-01-11 20:24:32 - DroneController - [INFO] - Telemetry loop started
2026-01-11 20:24:32 - DroneController - [INFO] - Heartbeat monitor started
2026-01-11 20:24:32 - DroneController - [INFO] - Command processor started
2026-01-11 20:24:32 - DroneController - [INFO] - Mission controller started
2026-01-11 20:24:32 - DroneController - [INFO] - All threads started
2026-01-11 20:24:32 - DroneController - [INFO] - ✓ First telemetry message received
2026-01-11 20:24:32 - DroneController - [INFO] - State transition: CONNECTED -> IDLE
2026-01-11 20:24:35 - DroneController - [INFO] - Stopping controller...
2026-01-11 20:24:35 - DroneController - [INFO] - Mission controller stopped
2026-01-11 20:24:35 - DroneController - [INFO] - Telemetry loop stopped. Total messages: 727
2026-01-11 20:24:35 - DroneController - [INFO] - Message type distribution: {'AHRS': 26, 'AHRS2': 25, 'ATTITUDE': 25, 'BATTERY_STATUS': 25, 'COMMAND_ACK': 1, 'EKF_STATUS_REPORT': 25, 'ESC_TELEMETRY_1_TO_4': 25, 'ESC_TELEMETRY_5_TO_8': 25, 'EXTENDED_SYS_STATE': 7, 'GLOBAL_POSITION_INT': 25, 'GPS_RAW_INT': 25, 'HEARTBEAT': 7, 'HOME_POSITION': 7, 'LOCAL_POSITION_NED': 25, 'MEMINFO': 25, 'MISSION_CURRENT': 25, 'NAV_CONTROLLER_OUTPUT': 25, 'PARAM_VALUE': 2, 'POWER_STATUS': 25, 'RAW_IMU': 25, 'RC_CHANNELS': 25, 'SCALED_IMU2': 25, 'SCALED_IMU3': 25, 'SCALED_PRESSURE': 25, 'SCALED_PRESSURE2': 25, 'SERVO_OUTPUT_RAW': 25, 'SIMSTATE': 25, 'SYSTEM_TIME': 25, 'SYS_STATUS': 25, 'TERRAIN_REPORT': 25, 'TIMESYNC': 1, 'UNKNOWN_437': 1, 'VFR_HUD': 25, 'VIBRATION': 25, 'WIND': 25}
2026-01-11 20:24:35 - DroneController - [INFO] - Command processor stopped
2026-01-11 20:24:36 - DroneController - [INFO] - Heartbeat monitor stopped
2026-01-11 20:24:36 - DroneController - [INFO] - Controller stopped
2026-01-11 20:24:36 - DroneController - [INFO] - Stopping controller...
2026-01-11 20:24:36 - DroneController - [INFO] - Controller stopped
2026-01-11 20:24:43 - DroneController - [INFO] - Mission planner initialized with KML: /Users/trishit_debsharma/Documents/Code/NIDAR/NIDAR/scan_drone/data/JUs.kml
2026-01-11 20:24:43 - DroneController - [INFO] - DroneController initialized
2026-01-11 20:24:43 - DroneController - [INFO] - Geofence mode: polygon
2026-01-11 20:24:43 - DroneController - [INFO] - Connecting to 127.0.0.1:14551
2026-01-11 20:24:43 - DroneController - [INFO] - Connection attempt 1/3...
2026-01-11 20:24:43 - DroneController - [INFO] - Waiting for heartbeat...
2026-01-11 20:24:44 - DroneController - [INFO] - Heartbeat from system 1, component 0
2026-01-11 20:24:44 - DroneController - [INFO] - Requesting data streams...
2026-01-11 20:24:44 - DroneController - [INFO] - Verifying data stream...
2026-01-11 20:24:44 - DroneController - [INFO] - Verifying data stream reception...
2026-01-11 20:24:45 - DroneController - [INFO] - ✓ All critical data streams verified
2026-01-11 20:24:45 - DroneController - [INFO] - Waiting for data streams to initialize...
2026-01-11 20:24:48 - DroneController - [INFO] - State transition: DISCONNECTED -> CONNECTED
2026-01-11 20:24:48 - DroneController - [INFO] - Telemetry log initialized: telemetry/telemetry_20260111_202448.csv
2026-01-11 20:24:48 - DroneController - [INFO] - ✓ Connection established and verified
2026-01-11 20:24:48 - DroneController - [INFO] - Telemetry loop started
2026-01-11 20:24:48 - DroneController - [INFO] - Heartbeat monitor started
2026-01-11 20:24:48 - DroneController - [INFO] - Command processor started
2026-01-11 20:24:48 - DroneController - [INFO] - ✓ First telemetry message received
2026-01-11 20:24:48 - DroneController - [INFO] - Mission controller started
2026-01-11 20:24:48 - DroneController - [INFO] - All threads started
2026-01-11 20:24:48 - DroneController - [INFO] - State transition: CONNECTED -> IDLE
2026-01-11 20:24:58 - DroneController - [INFO] - Telemetry: 7322 msgs | GPS: (22.498022, 88.372386, 0.01m) | Battery: 54% | Mode: LAND
2026-01-11 20:25:08 - DroneController - [INFO] - Telemetry: 8839 msgs | GPS: (22.498022, 88.372386, 0.01m) | Battery: 54% | Mode: LAND
2026-01-11 20:25:18 - DroneController - [INFO] - Telemetry: 9993 msgs | GPS: (22.498022, 88.372386, 0.01m) | Battery: 54% | Mode: LAND
2026-01-11 20:25:28 - DroneController - [INFO] - Telemetry: 11146 msgs | GPS: (22.498022, 88.372386, 0.01m) | Battery: 54% | Mode: LAND
2026-01-11 20:25:30 - DroneController - [INFO] - Stopping controller...
2026-01-11 20:25:30 - DroneController - [INFO] - Heartbeat monitor stopped
2026-01-11 20:25:30 - DroneController - [INFO] - Mission controller stopped
2026-01-11 20:25:30 - DroneController - [INFO] - Command processor stopped
2026-01-11 20:25:30 - DroneController - [INFO] - Telemetry loop stopped. Total messages: 11409
2026-01-11 20:25:30 - DroneController - [INFO] - Message type distribution: {'AHRS': 403, 'AHRS2': 402, 'ATTITUDE': 402, 'BATTERY_STATUS': 402, 'EKF_STATUS_REPORT': 402, 'ESC_TELEMETRY_1_TO_4': 402, 'ESC_TELEMETRY_5_TO_8': 402, 'EXTENDED_SYS_STATE': 46, 'GLOBAL_POSITION_INT': 402, 'GPS_RAW_INT': 402, 'HEARTBEAT': 45, 'HOME_POSITION': 46, 'LOCAL_POSITION_NED': 402, 'MEMINFO': 402, 'MISSION_CURRENT': 402, 'NAV_CONTROLLER_OUTPUT': 402, 'PARAM_VALUE': 1, 'POWER_STATUS': 402, 'RAW_IMU': 402, 'RC_CHANNELS': 402, 'SCALED_IMU2': 402, 'SCALED_IMU3': 402, 'SCALED_PRESSURE': 402, 'SCALED_PRESSURE2': 402, 'SERVO_OUTPUT_RAW': 402, 'SIMSTATE': 402, 'SYSTEM_TIME': 402, 'SYS_STATUS': 402, 'TERRAIN_REPORT': 402, 'TIMESYNC': 5, 'UNKNOWN_437': 9, 'VFR_HUD': 402, 'VIBRATION': 402, 'WIND': 402}
2026-01-11 20:25:30 - DroneController - [INFO] - Controller stopped
2026-01-11 20:25:30 - DroneController - [INFO] - Stopping controller...
2026-01-11 20:25:30 - DroneController - [INFO] - Controller stopped
2026-01-11 20:26:20 - DroneController - [INFO] - Mission planner initialized with KML: /Users/trishit_debsharma/Documents/Code/NIDAR/NIDAR/scan_drone/data/JUs.kml
2026-01-11 20:26:20 - DroneController - [INFO] - DroneController initialized
2026-01-11 20:26:20 - DroneController - [INFO] - Geofence mode: polygon
2026-01-11 20:26:20 - DroneController - [INFO] - Connecting to 127.0.0.1:14551
2026-01-11 20:26:20 - DroneController - [INFO] - Connection attempt 1/3...
2026-01-11 20:26:20 - DroneController - [INFO] - Waiting for heartbeat...
2026-01-11 20:26:21 - DroneController - [INFO] - Heartbeat from system 1, component 0
2026-01-11 20:26:21 - DroneController - [INFO] - Requesting data streams...
2026-01-11 20:26:21 - DroneController - [INFO] - Verifying data stream...
2026-01-11 20:26:21 - DroneController - [INFO] - Verifying data stream reception...
2026-01-11 20:26:22 - DroneController - [INFO] - ✓ All critical data streams verified
2026-01-11 20:26:22 - DroneController - [INFO] - Waiting for data streams to initialize...
2026-01-11 20:26:25 - DroneController - [INFO] - State transition: DISCONNECTED -> CONNECTED
2026-01-11 20:26:25 - DroneController - [INFO] - Telemetry log initialized: telemetry/telemetry_20260111_202625.csv
2026-01-11 20:26:25 - DroneController - [INFO] - ✓ Connection established and verified
2026-01-11 20:26:25 - DroneController - [INFO] - Telemetry loop started
2026-01-11 20:26:25 - DroneController - [INFO] - Heartbeat monitor started
2026-01-11 20:26:25 - DroneController - [INFO] - ✓ First telemetry message received
2026-01-11 20:26:25 - DroneController - [INFO] - Command processor started
2026-01-11 20:26:25 - DroneController - [INFO] - Mission controller started
2026-01-11 20:26:25 - DroneController - [INFO] - All threads started
2026-01-11 20:26:25 - DroneController - [INFO] - State transition: CONNECTED -> IDLE
2026-01-11 20:26:30 - DroneController - [INFO] - Starting arm and takeoff to 3.0m
2026-01-11 20:26:30 - DroneController - [INFO] - Using polygon geofence from KML
2026-01-11 20:26:30 - DroneController - [INFO] - Setting mode to GUIDED (attempt 1)
2026-01-11 20:26:31 - DroneController - [INFO] - Mode changed to GUIDED
2026-01-11 20:26:31 - DroneController - [INFO] - State transition: IDLE -> ARMING
2026-01-11 20:26:31 - DroneController - [INFO] - Waiting for drone to become armable...
2026-01-11 20:26:31 - DroneController - [INFO] - ✓ Drone is armable
2026-01-11 20:26:31 - DroneController - [INFO] - Arming attempt 1/3
2026-01-11 20:26:31 - DroneController - [INFO] - Armed successfully
2026-01-11 20:26:31 - DroneController - [INFO] - State transition: ARMING -> ARMED
2026-01-11 20:26:33 - DroneController - [INFO] - State transition: ARMED -> TAKING_OFF
2026-01-11 20:26:33 - DroneController - [INFO] - Takeoff attempt 1/3
2026-01-11 20:26:33 - DroneController - [INFO] - Takeoff command accepted
2026-01-11 20:26:35 - DroneController - [INFO] - Telemetry: 4586 msgs | GPS: (22.498022, 88.372386, 0.09m) | Battery: 54% | Mode: GUIDED
2026-01-11 20:26:37 - DroneController - [INFO] - Target altitude reached: 2.77m
2026-01-11 20:26:37 - DroneController - [INFO] - Arm and takeoff complete
2026-01-11 20:26:37 - DroneController - [INFO] - State transition: TAKING_OFF -> ARMED
2026-01-11 20:26:45 - DroneController - [INFO] - Telemetry: 5745 msgs | GPS: (22.498022, 88.372386, 3.00m) | Battery: 52% | Mode: GUIDED
2026-01-11 20:26:47 - DroneController - [INFO] - Stopping controller...
2026-01-11 20:26:47 - DroneController - [INFO] - Telemetry loop stopped. Total messages: 6061
2026-01-11 20:26:47 - DroneController - [INFO] - Message type distribution: {'AHRS': 214, 'AHRS2': 213, 'ATTITUDE': 213, 'BATTERY_STATUS': 213, 'COMMAND_ACK': 2, 'EKF_STATUS_REPORT': 213, 'ESC_TELEMETRY_1_TO_4': 213, 'ESC_TELEMETRY_5_TO_8': 213, 'EXTENDED_SYS_STATE': 26, 'GLOBAL_POSITION_INT': 213, 'GPS_GLOBAL_ORIGIN': 1, 'GPS_RAW_INT': 213, 'HEARTBEAT': 26, 'HOME_POSITION': 27, 'LOCAL_POSITION_NED': 213, 'MEMINFO': 213, 'MISSION_CURRENT': 213, 'NAV_CONTROLLER_OUTPUT': 213, 'PARAM_VALUE': 4, 'POWER_STATUS': 213, 'RAW_IMU': 213, 'RC_CHANNELS': 213, 'SCALED_IMU2': 213, 'SCALED_IMU3': 213, 'SCALED_PRESSURE': 213, 'SCALED_PRESSURE2': 213, 'SERVO_OUTPUT_RAW': 213, 'SIMSTATE': 213, 'STATUSTEXT': 3, 'SYSTEM_TIME': 213, 'SYS_STATUS': 213, 'TERRAIN_REPORT': 213, 'TIMESYNC': 2, 'UNKNOWN_437': 5, 'VFR_HUD': 213, 'VIBRATION': 213, 'WIND': 213}
2026-01-11 20:26:48 - DroneController - [INFO] - Mission controller stopped
2026-01-11 20:26:48 - DroneController - [INFO] - Heartbeat monitor stopped
2026-01-11 20:26:48 - DroneController - [INFO] - Command processor stopped
2026-01-11 20:26:48 - DroneController - [INFO] - Controller stopped
2026-01-11 20:26:48 - DroneController - [INFO] - Stopping controller...
2026-01-11 20:26:48 - DroneController - [INFO] - Controller stopped
2026-01-11 20:29:18 - DroneController - [INFO] - Mission planner initialized with KML: /Users/trishit_debsharma/Documents/Code/NIDAR/NIDAR/scan_drone/data/JUs.kml
2026-01-11 20:29:18 - DroneController - [INFO] - DroneController initialized
2026-01-11 20:29:18 - DroneController - [INFO] - Geofence mode: polygon
2026-01-11 20:29:18 - DroneController - [INFO] - Connecting to 127.0.0.1:14551
2026-01-11 20:29:18 - DroneController - [INFO] - Connection attempt 1/3...
2026-01-11 20:29:18 - DroneController - [INFO] - Waiting for heartbeat...
2026-01-11 20:29:19 - DroneController - [INFO] - Heartbeat from system 1, component 0
2026-01-11 20:29:19 - DroneController - [INFO] - Requesting data streams...
2026-01-11 20:29:19 - DroneController - [INFO] - Verifying data stream...
2026-01-11 20:29:19 - DroneController - [INFO] - Verifying data stream reception...
2026-01-11 20:29:20 - DroneController - [INFO] - ✓ All critical data streams verified
2026-01-11 20:29:20 - DroneController - [INFO] - Waiting for data streams to initialize...
2026-01-11 20:29:23 - DroneController - [INFO] - State transition: DISCONNECTED -> CONNECTED
2026-01-11 20:29:23 - DroneController - [INFO] - Telemetry log initialized: telemetry/telemetry_20260111_202923.csv
2026-01-11 20:29:23 - DroneController - [INFO] - ✓ Connection established and verified
2026-01-11 20:29:23 - DroneController - [INFO] - Telemetry loop started
2026-01-11 20:29:23 - DroneController - [INFO] - Heartbeat monitor started
2026-01-11 20:29:23 - DroneController - [INFO] - Command processor started
2026-01-11 20:29:23 - DroneController - [INFO] - ✓ First telemetry message received
2026-01-11 20:29:23 - DroneController - [INFO] - Mission controller started
2026-01-11 20:29:23 - DroneController - [INFO] - All threads started
2026-01-11 20:29:23 - DroneController - [INFO] - State transition: CONNECTED -> IDLE
2026-01-11 20:29:28 - DroneController - [INFO] - Loading mission with 175 points
2026-01-11 20:29:28 - DroneController - [INFO] - Starting and home position: lat=22.498021, lon=88.372386
2026-01-11 20:29:28 - DroneController - [INFO] - Mission validated: 175 waypoints
2026-01-11 20:29:28 - DroneController - [INFO] - Starting arm and takeoff to 3.0m
2026-01-11 20:29:28 - DroneController - [INFO] - Using polygon geofence from KML
2026-01-11 20:29:28 - DroneController - [INFO] - Setting mode to GUIDED (attempt 1)
2026-01-11 20:29:29 - DroneController - [INFO] - Mode changed to GUIDED
2026-01-11 20:29:29 - DroneController - [INFO] - State transition: IDLE -> ARMING
2026-01-11 20:29:29 - DroneController - [INFO] - Waiting for drone to become armable...
2026-01-11 20:29:29 - DroneController - [INFO] - ✓ Drone is armable
2026-01-11 20:29:29 - DroneController - [INFO] - Arming attempt 1/3
2026-01-11 20:29:29 - DroneController - [INFO] - Armed successfully
2026-01-11 20:29:29 - DroneController - [INFO] - State transition: ARMING -> ARMED
2026-01-11 20:29:31 - DroneController - [INFO] - State transition: ARMED -> TAKING_OFF
2026-01-11 20:29:31 - DroneController - [INFO] - Takeoff attempt 1/3
2026-01-11 20:29:31 - DroneController - [INFO] - Takeoff command accepted
2026-01-11 20:29:33 - DroneController - [INFO] - Telemetry: 5480 msgs | GPS: (22.498021, 88.372386, 0.10m) | Battery: 47% | Mode: GUIDED
2026-01-11 20:29:35 - DroneController - [INFO] - Target altitude reached: 2.79m
2026-01-11 20:29:35 - DroneController - [INFO] - Arm and takeoff complete
2026-01-11 20:29:35 - DroneController - [INFO] - State transition: TAKING_OFF -> ARMED
2026-01-11 20:29:35 - DroneController - [INFO] - Starting mission with 175 waypoints
2026-01-11 20:29:35 - DroneController - [INFO] - State transition: ARMED -> MISSION_ACTIVE
2026-01-11 20:29:35 - DroneController - [INFO] - Sending waypoint: (22.497961, 88.372439, 3.00)
2026-01-11 20:29:38 - DroneController - [INFO] - Waypoint 1/175 reached
2026-01-11 20:29:38 - DroneController - [INFO] - Sending waypoint: (22.497981, 88.372428, 3.00)
2026-01-11 20:29:38 - DroneController - [INFO] - Waypoint 2/175 reached
2026-01-11 20:29:38 - DroneController - [INFO] - Sending waypoint: (22.497998, 88.372415, 3.00)
2026-01-11 20:29:38 - DroneController - [INFO] - Waypoint 3/175 reached
2026-01-11 20:29:38 - DroneController - [INFO] - Sending waypoint: (22.498012, 88.372401, 3.00)
2026-01-11 20:29:41 - DroneController - [INFO] - Waypoint 4/175 reached
2026-01-11 20:29:41 - DroneController - [INFO] - Sending waypoint: (22.498022, 88.372386, 3.00)
2026-01-11 20:29:42 - DroneController - [INFO] - Waypoint 5/175 reached
2026-01-11 20:29:42 - DroneController - [INFO] - Sending waypoint: (22.498029, 88.372369, 3.00)
2026-01-11 20:29:43 - DroneController - [INFO] - Telemetry: 6669 msgs | GPS: (22.498014, 88.372397, 3.00m) | Battery: 45% | Mode: GUIDED
2026-01-11 20:29:43 - DroneController - [INFO] - Waypoint 6/175 reached
2026-01-11 20:29:43 - DroneController - [INFO] - Sending waypoint: (22.498032, 88.372350, 3.00)
2026-01-11 20:29:44 - DroneController - [INFO] - Waypoint 7/175 reached
2026-01-11 20:29:44 - DroneController - [INFO] - Sending waypoint: (22.498033, 88.372330, 3.00)
2026-01-11 20:29:45 - DroneController - [INFO] - Waypoint 8/175 reached
2026-01-11 20:29:45 - DroneController - [INFO] - Sending waypoint: (22.498029, 88.372308, 3.00)
2026-01-11 20:29:45 - DroneController - [INFO] - Waypoint 9/175 reached
2026-01-11 20:29:45 - DroneController - [INFO] - Sending waypoint: (22.498023, 88.372284, 3.00)
2026-01-11 20:29:46 - DroneController - [INFO] - Waypoint 10/175 reached
2026-01-11 20:29:46 - DroneController - [INFO] - Sending waypoint: (22.497943, 88.372048, 3.00)
2026-01-11 20:29:52 - DroneController - [INFO] - Waypoint 11/175 reached
2026-01-11 20:29:52 - DroneController - [INFO] - Sending waypoint: (22.497934, 88.372027, 3.00)
2026-01-11 20:29:53 - DroneController - [INFO] - Waypoint 12/175 reached
2026-01-11 20:29:53 - DroneController - [INFO] - Sending waypoint: (22.497924, 88.372009, 3.00)
2026-01-11 20:29:53 - DroneController - [INFO] - Telemetry: 7862 msgs | GPS: (22.497943, 88.372047, 3.00m) | Battery: 42% | Mode: GUIDED
2026-01-11 20:29:53 - DroneController - [INFO] - Waypoint 13/175 reached
2026-01-11 20:29:53 - DroneController - [INFO] - Sending waypoint: (22.497912, 88.371994, 3.00)
2026-01-11 20:29:54 - DroneController - [INFO] - Waypoint 14/175 reached
2026-01-11 20:29:54 - DroneController - [INFO] - Sending waypoint: (22.497899, 88.371984, 3.00)
2026-01-11 20:29:55 - DroneController - [INFO] - Waypoint 15/175 reached
2026-01-11 20:29:55 - DroneController - [INFO] - Sending waypoint: (22.497884, 88.371977, 3.00)
2026-01-11 20:29:56 - DroneController - [INFO] - Waypoint 16/175 reached
2026-01-11 20:29:56 - DroneController - [INFO] - Sending waypoint: (22.497868, 88.371973, 3.00)
2026-01-11 20:29:56 - DroneController - [INFO] - Waypoint 17/175 reached
2026-01-11 20:29:56 - DroneController - [INFO] - Sending waypoint: (22.497850, 88.371973, 3.00)
2026-01-11 20:29:57 - DroneController - [INFO] - Waypoint 18/175 reached
2026-01-11 20:29:57 - DroneController - [INFO] - Sending waypoint: (22.497831, 88.371977, 3.00)
2026-01-11 20:29:58 - DroneController - [INFO] - Waypoint 19/175 reached
2026-01-11 20:29:58 - DroneController - [INFO] - Sending waypoint: (22.497810, 88.371985, 3.00)
2026-01-11 20:29:59 - DroneController - [INFO] - Waypoint 20/175 reached
2026-01-11 20:29:59 - DroneController - [INFO] - Sending waypoint: (22.497617, 88.372069, 3.00)
2026-01-11 20:30:03 - DroneController - [INFO] - Telemetry: 9055 msgs | GPS: (22.497695, 88.372034, 3.00m) | Battery: 40% | Mode: GUIDED
2026-01-11 20:30:04 - DroneController - [INFO] - Waypoint 21/175 reached
2026-01-11 20:30:04 - DroneController - [INFO] - Sending waypoint: (22.497597, 88.372079, 3.00)
2026-01-11 20:30:05 - DroneController - [INFO] - Waypoint 22/175 reached
2026-01-11 20:30:05 - DroneController - [INFO] - Sending waypoint: (22.497581, 88.372091, 3.00)
2026-01-11 20:30:06 - DroneController - [INFO] - Waypoint 23/175 reached
2026-01-11 20:30:06 - DroneController - [INFO] - Sending waypoint: (22.497567, 88.372104, 3.00)
2026-01-11 20:30:06 - DroneController - [INFO] - Waypoint 24/175 reached
2026-01-11 20:30:06 - DroneController - [INFO] - Sending waypoint: (22.497557, 88.372119, 3.00)
2026-01-11 20:30:07 - DroneController - [INFO] - Waypoint 25/175 reached
2026-01-11 20:30:07 - DroneController - [INFO] - Sending waypoint: (22.497550, 88.372136, 3.00)
2026-01-11 20:30:08 - DroneController - [INFO] - Waypoint 26/175 reached
2026-01-11 20:30:08 - DroneController - [INFO] - Sending waypoint: (22.497546, 88.372154, 3.00)
2026-01-11 20:30:09 - DroneController - [INFO] - Waypoint 27/175 reached
2026-01-11 20:30:09 - DroneController - [INFO] - Sending waypoint: (22.497546, 88.372174, 3.00)
2026-01-11 20:30:09 - DroneController - [INFO] - Waypoint 28/175 reached
2026-01-11 20:30:09 - DroneController - [INFO] - Sending waypoint: (22.497548, 88.372195, 3.00)
2026-01-11 20:30:10 - DroneController - [INFO] - Waypoint 29/175 reached
2026-01-11 20:30:10 - DroneController - [INFO] - Sending waypoint: (22.497554, 88.372218, 3.00)
2026-01-11 20:30:11 - DroneController - [INFO] - Waypoint 30/175 reached
2026-01-11 20:30:11 - DroneController - [INFO] - Sending waypoint: (22.497632, 88.372466, 3.00)
2026-01-11 20:30:13 - DroneController - [INFO] - Telemetry: 10251 msgs | GPS: (22.497556, 88.372228, 3.00m) | Battery: 38% | Mode: GUIDED
2026-01-11 20:30:17 - DroneController - [INFO] - Waypoint 31/175 reached
2026-01-11 20:30:17 - DroneController - [INFO] - Sending waypoint: (22.497640, 88.372488, 3.00)
2026-01-11 20:30:18 - DroneController - [INFO] - Waypoint 32/175 reached
2026-01-11 20:30:18 - DroneController - [INFO] - Sending waypoint: (22.497650, 88.372507, 3.00)
2026-01-11 20:30:18 - DroneController - [INFO] - Waypoint 33/175 reached
2026-01-11 20:30:18 - DroneController - [INFO] - Sending waypoint: (22.497662, 88.372522, 3.00)
2026-01-11 20:30:19 - DroneController - [INFO] - Waypoint 34/175 reached
2026-01-11 20:30:19 - DroneController - [INFO] - Sending waypoint: (22.497675, 88.372533, 3.00)
2026-01-11 20:30:20 - DroneController - [INFO] - Waypoint 35/175 reached
2026-01-11 20:30:20 - DroneController - [INFO] - Sending waypoint: (22.497690, 88.372540, 3.00)
2026-01-11 20:30:21 - DroneController - [INFO] - Waypoint 36/175 reached
2026-01-11 20:30:21 - DroneController - [INFO] - Sending waypoint: (22.497706, 88.372543, 3.00)
2026-01-11 20:30:21 - DroneController - [INFO] - Waypoint 37/175 reached
2026-01-11 20:30:21 - DroneController - [INFO] - Sending waypoint: (22.497724, 88.372542, 3.00)
2026-01-11 20:30:22 - DroneController - [INFO] - Waypoint 38/175 reached
2026-01-11 20:30:22 - DroneController - [INFO] - Sending waypoint: (22.497743, 88.372538, 3.00)
2026-01-11 20:30:23 - DroneController - [INFO] - Telemetry: 11444 msgs | GPS: (22.497709, 88.372544, 3.00m) | Battery: 35% | Mode: GUIDED
2026-01-11 20:30:23 - DroneController - [INFO] - Waypoint 39/175 reached
2026-01-11 20:30:23 - DroneController - [INFO] - Sending waypoint: (22.497764, 88.372530, 3.00)
2026-01-11 20:30:24 - DroneController - [INFO] - Waypoint 40/175 reached
2026-01-11 20:30:24 - DroneController - [INFO] - Sending waypoint: (22.497935, 88.372412, 3.00)
2026-01-11 20:30:29 - DroneController - [INFO] - Waypoint 41/175 reached
2026-01-11 20:30:29 - DroneController - [INFO] - Sending waypoint: (22.497954, 88.372401, 3.00)
2026-01-11 20:30:30 - DroneController - [INFO] - Waypoint 42/175 reached
2026-01-11 20:30:30 - DroneController - [INFO] - Sending waypoint: (22.497970, 88.372389, 3.00)
2026-01-11 20:30:31 - DroneController - [INFO] - Waypoint 43/175 reached
2026-01-11 20:30:31 - DroneController - [INFO] - Sending waypoint: (22.497982, 88.372375, 3.00)
2026-01-11 20:30:31 - DroneController - [INFO] - Waypoint 44/175 reached
2026-01-11 20:30:31 - DroneController - [INFO] - Sending waypoint: (22.497990, 88.372359, 3.00)
2026-01-11 20:30:32 - DroneController - [INFO] - Waypoint 45/175 reached
2026-01-11 20:30:32 - DroneController - [INFO] - Sending waypoint: (22.497995, 88.372342, 3.00)
2026-01-11 20:30:33 - DroneController - [INFO] - Telemetry: 12638 msgs | GPS: (22.497983, 88.372371, 3.00m) | Battery: 33% | Mode: GUIDED
2026-01-11 20:30:33 - DroneController - [INFO] - Waypoint 46/175 reached
2026-01-11 20:30:33 - DroneController - [INFO] - Sending waypoint: (22.497996, 88.372323, 3.00)
2026-01-11 20:30:34 - DroneController - [INFO] - Waypoint 47/175 reached
2026-01-11 20:30:34 - DroneController - [INFO] - Sending waypoint: (22.497994, 88.372302, 3.00)
2026-01-11 20:30:35 - DroneController - [INFO] - Waypoint 48/175 reached
2026-01-11 20:30:35 - DroneController - [INFO] - Sending waypoint: (22.497988, 88.372279, 3.00)
2026-01-11 20:30:35 - DroneController - [INFO] - Waypoint 49/175 reached
2026-01-11 20:30:35 - DroneController - [INFO] - Sending waypoint: (22.497920, 88.372078, 3.00)
2026-01-11 20:30:40 - DroneController - [INFO] - Waypoint 50/175 reached
2026-01-11 20:30:40 - DroneController - [INFO] - Sending waypoint: (22.497911, 88.372055, 3.00)
2026-01-11 20:30:41 - DroneController - [INFO] - Waypoint 51/175 reached
2026-01-11 20:30:41 - DroneController - [INFO] - Sending waypoint: (22.497899, 88.372037, 3.00)
2026-01-11 20:30:42 - DroneController - [INFO] - Waypoint 52/175 reached
2026-01-11 20:30:42 - DroneController - [INFO] - Sending waypoint: (22.497885, 88.372024, 3.00)
2026-01-11 20:30:43 - DroneController - [INFO] - Waypoint 53/175 reached
2026-01-11 20:30:43 - DroneController - [INFO] - Sending waypoint: (22.497869, 88.372016, 3.00)
2026-01-11 20:30:43 - DroneController - [INFO] - Telemetry: 13834 msgs | GPS: (22.497903, 88.372043, 3.00m) | Battery: 30% | Mode: GUIDED
2026-01-11 20:30:43 - DroneController - [INFO] - Waypoint 54/175 reached
2026-01-11 20:30:43 - DroneController - [INFO] - Sending waypoint: (22.497850, 88.372014, 3.00)
2026-01-11 20:30:44 - DroneController - [INFO] - Waypoint 55/175 reached
2026-01-11 20:30:44 - DroneController - [INFO] - Sending waypoint: (22.497830, 88.372016, 3.00)
2026-01-11 20:30:45 - DroneController - [INFO] - Waypoint 56/175 reached
2026-01-11 20:30:45 - DroneController - [INFO] - Sending waypoint: (22.497808, 88.372024, 3.00)
2026-01-11 20:30:46 - DroneController - [INFO] - Waypoint 57/175 reached
2026-01-11 20:30:46 - DroneController - [INFO] - Sending waypoint: (22.497643, 88.372097, 3.00)
2026-01-11 20:30:51 - DroneController - [INFO] - Waypoint 58/175 reached
2026-01-11 20:30:51 - DroneController - [INFO] - Sending waypoint: (22.497624, 88.372106, 3.00)
2026-01-11 20:30:51 - DroneController - [INFO] - Waypoint 59/175 reached
2026-01-11 20:30:51 - DroneController - [INFO] - Sending waypoint: (22.497609, 88.372118, 3.00)
2026-01-11 20:30:52 - DroneController - [INFO] - Waypoint 60/175 reached
2026-01-11 20:30:52 - DroneController - [INFO] - Sending waypoint: (22.497597, 88.372131, 3.00)
2026-01-11 20:30:53 - DroneController - [INFO] - Telemetry: 15027 msgs | GPS: (22.497619, 88.372110, 3.00m) | Battery: 28% | Mode: GUIDED
2026-01-11 20:30:53 - DroneController - [INFO] - Waypoint 61/175 reached
2026-01-11 20:30:53 - DroneController - [INFO] - Sending waypoint: (22.497588, 88.372147, 3.00)
2026-01-11 20:30:54 - DroneController - [INFO] - Waypoint 62/175 reached
2026-01-11 20:30:54 - DroneController - [INFO] - Sending waypoint: (22.497583, 88.372163, 3.00)
2026-01-11 20:30:54 - DroneController - [INFO] - Waypoint 63/175 reached
2026-01-11 20:30:54 - DroneController - [INFO] - Sending waypoint: (22.497582, 88.372182, 3.00)
2026-01-11 20:30:55 - DroneController - [INFO] - Waypoint 64/175 reached
2026-01-11 20:30:55 - DroneController - [INFO] - Sending waypoint: (22.497584, 88.372202, 3.00)
2026-01-11 20:30:56 - DroneController - [INFO] - Waypoint 65/175 reached
2026-01-11 20:30:56 - DroneController - [INFO] - Sending waypoint: (22.497589, 88.372224, 3.00)
2026-01-11 20:30:57 - DroneController - [INFO] - Waypoint 66/175 reached
2026-01-11 20:30:57 - DroneController - [INFO] - Sending waypoint: (22.497654, 88.372436, 3.00)
2026-01-11 20:31:02 - DroneController - [INFO] - Waypoint 67/175 reached
2026-01-11 20:31:02 - DroneController - [INFO] - Sending waypoint: (22.497664, 88.372461, 3.00)
2026-01-11 20:31:03 - DroneController - [INFO] - Telemetry: 16220 msgs | GPS: (22.497653, 88.372434, 3.00m) | Battery: 26% | Mode: GUIDED
2026-01-11 20:31:03 - DroneController - [INFO] - Waypoint 68/175 reached
2026-01-11 20:31:03 - DroneController - [INFO] - Sending waypoint: (22.497675, 88.372479, 3.00)
2026-01-11 20:31:04 - DroneController - [INFO] - Waypoint 69/175 reached
2026-01-11 20:31:04 - DroneController - [INFO] - Sending waypoint: (22.497689, 88.372493, 3.00)
2026-01-11 20:31:04 - DroneController - [INFO] - Waypoint 70/175 reached
2026-01-11 20:31:04 - DroneController - [INFO] - Sending waypoint: (22.497705, 88.372500, 3.00)
2026-01-11 20:31:05 - DroneController - [INFO] - Waypoint 71/175 reached
2026-01-11 20:31:05 - DroneController - [INFO] - Sending waypoint: (22.497724, 88.372503, 3.00)
2026-01-11 20:31:06 - DroneController - [INFO] - Waypoint 72/175 reached
2026-01-11 20:31:06 - DroneController - [INFO] - Sending waypoint: (22.497744, 88.372500, 3.00)
2026-01-11 20:31:07 - DroneController - [INFO] - Waypoint 73/175 reached
2026-01-11 20:31:07 - DroneController - [INFO] - Sending waypoint: (22.497767, 88.372491, 3.00)
2026-01-11 20:31:08 - DroneController - [INFO] - Waypoint 74/175 reached
2026-01-11 20:31:08 - DroneController - [INFO] - Sending waypoint: (22.497909, 88.372385, 3.00)
2026-01-11 20:31:13 - DroneController - [INFO] - Waypoint 75/175 reached
2026-01-11 20:31:13 - DroneController - [INFO] - Sending waypoint: (22.497927, 88.372375, 3.00)
2026-01-11 20:31:13 - DroneController - [INFO] - Telemetry: 17416 msgs | GPS: (22.497891, 88.372399, 2.99m) | Battery: 23% | Mode: GUIDED
2026-01-11 20:31:13 - DroneController - [INFO] - Waypoint 76/175 reached
2026-01-11 20:31:13 - DroneController - [INFO] - Sending waypoint: (22.497941, 88.372363, 3.00)
2026-01-11 20:31:14 - DroneController - [INFO] - Waypoint 77/175 reached
2026-01-11 20:31:14 - DroneController - [INFO] - Sending waypoint: (22.497951, 88.372349, 3.00)
2026-01-11 20:31:15 - DroneController - [INFO] - Waypoint 78/175 reached
2026-01-11 20:31:15 - DroneController - [INFO] - Sending waypoint: (22.497957, 88.372333, 3.00)
2026-01-11 20:31:16 - DroneController - [INFO] - Waypoint 79/175 reached
2026-01-11 20:31:16 - DroneController - [INFO] - Sending waypoint: (22.497960, 88.372315, 3.00)
2026-01-11 20:31:16 - DroneController - [INFO] - Waypoint 80/175 reached
2026-01-11 20:31:16 - DroneController - [INFO] - Sending waypoint: (22.497958, 88.372296, 3.00)
2026-01-11 20:31:17 - DroneController - [INFO] - Waypoint 81/175 reached
2026-01-11 20:31:17 - DroneController - [INFO] - Sending waypoint: (22.497953, 88.372274, 3.00)
2026-01-11 20:31:18 - DroneController - [INFO] - Waypoint 82/175 reached
2026-01-11 20:31:18 - DroneController - [INFO] - Sending waypoint: (22.497898, 88.372108, 3.00)
2026-01-11 20:31:22 - DroneController - [INFO] - Waypoint 83/175 reached
2026-01-11 20:31:22 - DroneController - [INFO] - Sending waypoint: (22.497888, 88.372086, 3.00)
2026-01-11 20:31:23 - DroneController - [INFO] - Telemetry: 18609 msgs | GPS: (22.497904, 88.372125, 2.99m) | Battery: 21% | Mode: GUIDED
2026-01-11 20:31:23 - DroneController - [INFO] - Waypoint 84/175 reached
2026-01-11 20:31:23 - DroneController - [INFO] - Sending waypoint: (22.497876, 88.372069, 3.00)
2026-01-11 20:31:24 - DroneController - [INFO] - Waypoint 85/175 reached
2026-01-11 20:31:24 - DroneController - [INFO] - Sending waypoint: (22.497862, 88.372059, 3.00)
2026-01-11 20:31:25 - DroneController - [INFO] - Waypoint 86/175 reached
2026-01-11 20:31:25 - DroneController - [INFO] - Sending waypoint: (22.497845, 88.372055, 3.00)
2026-01-11 20:31:25 - DroneController - [INFO] - Waypoint 87/175 reached
2026-01-11 20:31:25 - DroneController - [INFO] - Sending waypoint: (22.497826, 88.372056, 3.00)
2026-01-11 20:31:26 - DroneController - [INFO] - Waypoint 88/175 reached
2026-01-11 20:31:26 - DroneController - [INFO] - Sending waypoint: (22.497805, 88.372063, 3.00)
2026-01-11 20:31:27 - DroneController - [INFO] - Waypoint 89/175 reached
2026-01-11 20:31:27 - DroneController - [INFO] - Sending waypoint: (22.497669, 88.372124, 3.00)
2026-01-11 20:31:31 - DroneController - [INFO] - Waypoint 90/175 reached
2026-01-11 20:31:31 - DroneController - [INFO] - Sending waypoint: (22.497651, 88.372134, 3.00)
2026-01-11 20:31:32 - DroneController - [INFO] - Waypoint 91/175 reached
2026-01-11 20:31:32 - DroneController - [INFO] - Sending waypoint: (22.497638, 88.372145, 3.00)
2026-01-11 20:31:33 - DroneController - [INFO] - Telemetry: 19802 msgs | GPS: (22.497663, 88.372127, 3.00m) | Battery: 18% | Mode: GUIDED
2026-01-11 20:31:33 - DroneController - [INFO] - Waypoint 92/175 reached
2026-01-11 20:31:33 - DroneController - [INFO] - Sending waypoint: (22.497627, 88.372158, 3.00)
2026-01-11 20:31:34 - DroneController - [INFO] - Waypoint 93/175 reached
2026-01-11 20:31:34 - DroneController - [INFO] - Sending waypoint: (22.497621, 88.372174, 3.00)
2026-01-11 20:31:34 - DroneController - [INFO] - Waypoint 94/175 reached
2026-01-11 20:31:34 - DroneController - [INFO] - Sending waypoint: (22.497618, 88.372191, 3.00)
2026-01-11 20:31:35 - DroneController - [INFO] - Waypoint 95/175 reached
2026-01-11 20:31:35 - DroneController - [INFO] - Sending waypoint: (22.497619, 88.372210, 3.00)
2026-01-11 20:31:36 - DroneController - [INFO] - Waypoint 96/175 reached
2026-01-11 20:31:36 - DroneController - [INFO] - Sending waypoint: (22.497624, 88.372230, 3.00)
2026-01-11 20:31:37 - DroneController - [INFO] - Waypoint 97/175 reached
2026-01-11 20:31:37 - DroneController - [INFO] - Sending waypoint: (22.497677, 88.372407, 3.00)
2026-01-11 20:31:41 - DroneController - [INFO] - Waypoint 98/175 reached
2026-01-11 20:31:41 - DroneController - [INFO] - Sending waypoint: (22.497686, 88.372430, 3.00)
2026-01-11 20:31:42 - DroneController - [INFO] - Waypoint 99/175 reached
2026-01-11 20:31:42 - DroneController - [INFO] - Sending waypoint: (22.497698, 88.372447, 3.00)
2026-01-11 20:31:43 - DroneController - [INFO] - Telemetry: 20998 msgs | GPS: (22.497680, 88.372416, 3.00m) | Battery: 16% | Mode: GUIDED
2026-01-11 20:31:43 - DroneController - [INFO] - Waypoint 100/175 reached
2026-01-11 20:31:43 - DroneController - [INFO] - Sending waypoint: (22.497712, 88.372458, 3.00)
2026-01-11 20:31:44 - DroneController - [INFO] - Waypoint 101/175 reached
2026-01-11 20:31:44 - DroneController - [INFO] - Sending waypoint: (22.497729, 88.372462, 3.00)
2026-01-11 20:31:45 - DroneController - [INFO] - Waypoint 102/175 reached
2026-01-11 20:31:45 - DroneController - [INFO] - Sending waypoint: (22.497748, 88.372460, 3.00)
2026-01-11 20:31:45 - DroneController - [INFO] - Waypoint 103/175 reached
2026-01-11 20:31:45 - DroneController - [INFO] - Sending waypoint: (22.497770, 88.372452, 3.00)
2026-01-11 20:31:47 - DroneController - [INFO] - Waypoint 104/175 reached
2026-01-11 20:31:47 - DroneController - [INFO] - Sending waypoint: (22.497883, 88.372359, 3.00)
2026-01-11 20:31:51 - DroneController - [INFO] - Waypoint 105/175 reached
2026-01-11 20:31:51 - DroneController - [INFO] - Sending waypoint: (22.497902, 88.372346, 3.00)
2026-01-11 20:31:51 - DroneController - [INFO] - Waypoint 106/175 reached
2026-01-11 20:31:51 - DroneController - [INFO] - Sending waypoint: (22.497915, 88.372331, 3.00)
2026-01-11 20:31:52 - DroneController - [INFO] - Waypoint 107/175 reached
2026-01-11 20:31:52 - DroneController - [INFO] - Sending waypoint: (22.497922, 88.372313, 3.00)
2026-01-11 20:31:53 - DroneController - [INFO] - Telemetry: 22192 msgs | GPS: (22.497903, 88.372342, 3.00m) | Battery: 14% | Mode: GUIDED
2026-01-11 20:31:53 - DroneController - [INFO] - Waypoint 108/175 reached
2026-01-11 20:31:53 - DroneController - [INFO] - Sending waypoint: (22.497923, 88.372293, 3.00)
2026-01-11 20:31:54 - DroneController - [INFO] - Waypoint 109/175 reached
2026-01-11 20:31:54 - DroneController - [INFO] - Sending waypoint: (22.497918, 88.372269, 3.00)
2026-01-11 20:31:55 - DroneController - [INFO] - Waypoint 110/175 reached
2026-01-11 20:31:55 - DroneController - [INFO] - Sending waypoint: (22.497875, 88.372137, 3.00)
2026-01-11 20:31:59 - DroneController - [INFO] - Waypoint 111/175 reached
2026-01-11 20:31:59 - DroneController - [INFO] - Sending waypoint: (22.497866, 88.372117, 3.00)
2026-01-11 20:31:59 - DroneController - [INFO] - Waypoint 112/175 reached
2026-01-11 20:31:59 - DroneController - [INFO] - Sending waypoint: (22.497854, 88.372103, 3.00)
2026-01-11 20:32:00 - DroneController - [INFO] - Waypoint 113/175 reached
2026-01-11 20:32:00 - DroneController - [INFO] - Sending waypoint: (22.497840, 88.372096, 3.00)
2026-01-11 20:32:01 - DroneController - [INFO] - Waypoint 114/175 reached
2026-01-11 20:32:01 - DroneController - [INFO] - Sending waypoint: (22.497822, 88.372096, 3.00)
2026-01-11 20:32:02 - DroneController - [INFO] - Waypoint 115/175 reached
2026-01-11 20:32:02 - DroneController - [INFO] - Sending waypoint: (22.497802, 88.372102, 3.00)
2026-01-11 20:32:03 - DroneController - [INFO] - Waypoint 116/175 reached
2026-01-11 20:32:03 - DroneController - [INFO] - Sending waypoint: (22.497695, 88.372152, 3.00)
2026-01-11 20:32:03 - DroneController - [INFO] - Telemetry: 23384 msgs | GPS: (22.497825, 88.372095, 3.00m) | Battery: 11% | Mode: GUIDED
2026-01-11 20:32:06 - DroneController - [INFO] - Waypoint 117/175 reached
2026-01-11 20:32:06 - DroneController - [INFO] - Sending waypoint: (22.497676, 88.372163, 3.00)
2026-01-11 20:32:07 - DroneController - [INFO] - Waypoint 118/175 reached
2026-01-11 20:32:07 - DroneController - [INFO] - Sending waypoint: (22.497663, 88.372177, 3.00)
2026-01-11 20:32:08 - DroneController - [INFO] - Waypoint 119/175 reached
2026-01-11 20:32:08 - DroneController - [INFO] - Sending waypoint: (22.497656, 88.372194, 3.00)
2026-01-11 20:32:08 - DroneController - [INFO] - Waypoint 120/175 reached
2026-01-11 20:32:08 - DroneController - [INFO] - Sending waypoint: (22.497655, 88.372214, 3.00)
2026-01-11 20:32:09 - DroneController - [INFO] - Waypoint 121/175 reached
2026-01-11 20:32:09 - DroneController - [INFO] - Sending waypoint: (22.497659, 88.372236, 3.00)
2026-01-11 20:32:10 - DroneController - [INFO] - Waypoint 122/175 reached
2026-01-11 20:32:10 - DroneController - [INFO] - Sending waypoint: (22.497700, 88.372378, 3.00)
2026-01-11 20:32:13 - DroneController - [INFO] - Telemetry: 24580 msgs | GPS: (22.497676, 88.372302, 3.01m) | Battery: 9% | Mode: GUIDED
2026-01-11 20:32:14 - DroneController - [INFO] - Waypoint 123/175 reached
2026-01-11 20:32:14 - DroneController - [INFO] - Sending waypoint: (22.497708, 88.372399, 3.00)
2026-01-11 20:32:15 - DroneController - [INFO] - Waypoint 124/175 reached
2026-01-11 20:32:15 - DroneController - [INFO] - Sending waypoint: (22.497720, 88.372414, 3.00)
2026-01-11 20:32:16 - DroneController - [INFO] - Waypoint 125/175 reached
2026-01-11 20:32:16 - DroneController - [INFO] - Sending waypoint: (22.497734, 88.372421, 3.00)
2026-01-11 20:32:16 - DroneController - [INFO] - Waypoint 126/175 reached
2026-01-11 20:32:16 - DroneController - [INFO] - Sending waypoint: (22.497752, 88.372421, 3.00)
2026-01-11 20:32:17 - DroneController - [INFO] - Waypoint 127/175 reached
2026-01-11 20:32:17 - DroneController - [INFO] - Sending waypoint: (22.497773, 88.372413, 3.00)
2026-01-11 20:32:18 - DroneController - [INFO] - Waypoint 128/175 reached
2026-01-11 20:32:18 - DroneController - [INFO] - Sending waypoint: (22.497856, 88.372332, 3.00)
2026-01-11 20:32:22 - DroneController - [INFO] - Waypoint 129/175 reached
2026-01-11 20:32:22 - DroneController - [INFO] - Sending waypoint: (22.497873, 88.372320, 3.00)
2026-01-11 20:32:22 - DroneController - [INFO] - Waypoint 130/175 reached
2026-01-11 20:32:22 - DroneController - [INFO] - Sending waypoint: (22.497883, 88.372304, 3.00)
2026-01-11 20:32:23 - DroneController - [INFO] - Telemetry: 25773 msgs | GPS: (22.497859, 88.372331, 3.00m) | Battery: 6% | Mode: GUIDED
2026-01-11 20:32:23 - DroneController - [INFO] - Waypoint 131/175 reached
2026-01-11 20:32:23 - DroneController - [INFO] - Sending waypoint: (22.497886, 88.372286, 3.00)
2026-01-11 20:32:24 - DroneController - [INFO] - Waypoint 132/175 reached
2026-01-11 20:32:24 - DroneController - [INFO] - Sending waypoint: (22.497883, 88.372264, 3.00)
2026-01-11 20:32:25 - DroneController - [INFO] - Waypoint 133/175 reached
2026-01-11 20:32:25 - DroneController - [INFO] - Sending waypoint: (22.497852, 88.372167, 3.00)
2026-01-11 20:32:28 - DroneController - [INFO] - Waypoint 134/175 reached
2026-01-11 20:32:28 - DroneController - [INFO] - Sending waypoint: (22.497844, 88.372149, 3.00)
2026-01-11 20:32:29 - DroneController - [INFO] - Waypoint 135/175 reached
2026-01-11 20:32:29 - DroneController - [INFO] - Sending waypoint: (22.497832, 88.372138, 3.00)
2026-01-11 20:32:29 - DroneController - [INFO] - Waypoint 136/175 reached
2026-01-11 20:32:29 - DroneController - [INFO] - Sending waypoint: (22.497817, 88.372136, 3.00)
2026-01-11 20:32:30 - DroneController - [INFO] - Waypoint 137/175 reached
2026-01-11 20:32:30 - DroneController - [INFO] - Sending waypoint: (22.497799, 88.372142, 3.00)
2026-01-11 20:32:31 - DroneController - [INFO] - Waypoint 138/175 reached
2026-01-11 20:32:31 - DroneController - [INFO] - Sending waypoint: (22.497721, 88.372179, 3.00)
2026-01-11 20:32:33 - DroneController - [INFO] - Telemetry: 26966 msgs | GPS: (22.497774, 88.372152, 3.01m) | Battery: 4% | Mode: GUIDED
2026-01-11 20:32:34 - DroneController - [INFO] - Waypoint 139/175 reached
2026-01-11 20:32:34 - DroneController - [INFO] - Sending waypoint: (22.497704, 88.372190, 3.00)
2026-01-11 20:32:34 - DroneController - [INFO] - Waypoint 140/175 reached
2026-01-11 20:32:34 - DroneController - [INFO] - Sending waypoint: (22.497694, 88.372204, 3.00)
2026-01-11 20:32:35 - DroneController - [INFO] - Waypoint 141/175 reached
2026-01-11 20:32:35 - DroneController - [INFO] - Sending waypoint: (22.497691, 88.372222, 3.00)
2026-01-11 20:32:36 - DroneController - [INFO] - Waypoint 142/175 reached
2026-01-11 20:32:36 - DroneController - [INFO] - Sending waypoint: (22.497694, 88.372243, 3.00)
2026-01-11 20:32:37 - DroneController - [INFO] - Waypoint 143/175 reached
2026-01-11 20:32:37 - DroneController - [INFO] - Sending waypoint: (22.497722, 88.372349, 3.00)
2026-01-11 20:32:40 - DroneController - [INFO] - Waypoint 144/175 reached
2026-01-11 20:32:40 - DroneController - [INFO] - Sending waypoint: (22.497730, 88.372368, 3.00)
2026-01-11 20:32:41 - DroneController - [INFO] - Waypoint 145/175 reached
2026-01-11 20:32:41 - DroneController - [INFO] - Sending waypoint: (22.497742, 88.372379, 3.00)
2026-01-11 20:32:41 - DroneController - [INFO] - Waypoint 146/175 reached
2026-01-11 20:32:41 - DroneController - [INFO] - Sending waypoint: (22.497757, 88.372381, 3.00)
2026-01-11 20:32:42 - DroneController - [INFO] - Waypoint 147/175 reached
2026-01-11 20:32:42 - DroneController - [INFO] - Sending waypoint: (22.497775, 88.372374, 3.00)
2026-01-11 20:32:43 - DroneController - [INFO] - Telemetry: 28162 msgs | GPS: (22.497747, 88.372378, 3.00m) | Battery: 2% | Mode: GUIDED
2026-01-11 20:32:43 - DroneController - [INFO] - Waypoint 148/175 reached
2026-01-11 20:32:43 - DroneController - [INFO] - Sending waypoint: (22.497830, 88.372305, 3.00)
2026-01-11 20:32:46 - DroneController - [INFO] - Waypoint 149/175 reached
2026-01-11 20:32:46 - DroneController - [INFO] - Sending waypoint: (22.497844, 88.372293, 3.00)
2026-01-11 20:32:47 - DroneController - [INFO] - Waypoint 150/175 reached
2026-01-11 20:32:47 - DroneController - [INFO] - Sending waypoint: (22.497849, 88.372278, 3.00)
2026-01-11 20:32:47 - DroneController - [INFO] - Waypoint 151/175 reached
2026-01-11 20:32:47 - DroneController - [INFO] - Sending waypoint: (22.497847, 88.372259, 3.00)
2026-01-11 20:32:48 - DroneController - [INFO] - Waypoint 152/175 reached
2026-01-11 20:32:48 - DroneController - [INFO] - Sending waypoint: (22.497830, 88.372196, 3.00)
2026-01-11 20:32:50 - DroneController - [INFO] - Waypoint 153/175 reached
2026-01-11 20:32:50 - DroneController - [INFO] - Sending waypoint: (22.497822, 88.372182, 3.00)
2026-01-11 20:32:51 - DroneController - [INFO] - Waypoint 154/175 reached
2026-01-11 20:32:51 - DroneController - [INFO] - Sending waypoint: (22.497811, 88.372177, 3.00)
2026-01-11 20:32:51 - DroneController - [INFO] - Waypoint 155/175 reached
2026-01-11 20:32:51 - DroneController - [INFO] - Sending waypoint: (22.497797, 88.372181, 3.00)
2026-01-11 20:32:52 - DroneController - [INFO] - Waypoint 156/175 reached
2026-01-11 20:32:52 - DroneController - [INFO] - Sending waypoint: (22.497747, 88.372207, 3.00)
2026-01-11 20:32:53 - DroneController - [INFO] - Telemetry: 29355 msgs | GPS: (22.497808, 88.372179, 3.00m) | Battery: 0% | Mode: GUIDED
2026-01-11 20:32:54 - DroneController - [INFO] - Waypoint 157/175 reached
2026-01-11 20:32:54 - DroneController - [INFO] - Sending waypoint: (22.497734, 88.372217, 3.00)
2026-01-11 20:32:55 - DroneController - [INFO] - Waypoint 158/175 reached
2026-01-11 20:32:55 - DroneController - [INFO] - Sending waypoint: (22.497728, 88.372231, 3.00)
2026-01-11 20:32:55 - DroneController - [INFO] - Waypoint 159/175 reached
2026-01-11 20:32:55 - DroneController - [INFO] - Sending waypoint: (22.497729, 88.372249, 3.00)
2026-01-11 20:32:56 - DroneController - [INFO] - Waypoint 160/175 reached
2026-01-11 20:32:56 - DroneController - [INFO] - Sending waypoint: (22.497745, 88.372320, 3.00)
2026-01-11 20:32:59 - DroneController - [INFO] - Waypoint 161/175 reached
2026-01-11 20:32:59 - DroneController - [INFO] - Sending waypoint: (22.497752, 88.372335, 3.00)
2026-01-11 20:32:59 - DroneController - [INFO] - Waypoint 162/175 reached
2026-01-11 20:32:59 - DroneController - [INFO] - Sending waypoint: (22.497763, 88.372340, 3.00)
2026-01-11 20:33:00 - DroneController - [INFO] - Waypoint 163/175 reached
2026-01-11 20:33:00 - DroneController - [INFO] - Sending waypoint: (22.497778, 88.372335, 3.00)
2026-01-11 20:33:00 - DroneController - [INFO] - Waypoint 164/175 reached
2026-01-11 20:33:00 - DroneController - [INFO] - Sending waypoint: (22.497805, 88.372278, 3.00)
2026-01-11 20:33:03 - DroneController - [INFO] - Telemetry: 30550 msgs | GPS: (22.497790, 88.372308, 3.00m) | Battery: 0% | Mode: GUIDED
2026-01-11 20:33:03 - DroneController - [INFO] - Waypoint 165/175 reached
2026-01-11 20:33:03 - DroneController - [INFO] - Sending waypoint: (22.497812, 88.372268, 3.00)
2026-01-11 20:33:03 - DroneController - [INFO] - Waypoint 166/175 reached
2026-01-11 20:33:03 - DroneController - [INFO] - Sending waypoint: (22.497813, 88.372255, 3.00)
2026-01-11 20:33:04 - DroneController - [INFO] - Waypoint 167/175 reached
2026-01-11 20:33:04 - DroneController - [INFO] - Sending waypoint: (22.497807, 88.372226, 3.00)
2026-01-11 20:33:05 - DroneController - [INFO] - Waypoint 168/175 reached
2026-01-11 20:33:05 - DroneController - [INFO] - Sending waypoint: (22.497794, 88.372220, 3.00)
2026-01-11 20:33:06 - DroneController - [INFO] - Waypoint 169/175 reached
2026-01-11 20:33:06 - DroneController - [INFO] - Sending waypoint: (22.497773, 88.372234, 3.00)
2026-01-11 20:33:07 - DroneController - [INFO] - Waypoint 170/175 reached
2026-01-11 20:33:07 - DroneController - [INFO] - Sending waypoint: (22.497765, 88.372243, 3.00)
2026-01-11 20:33:07 - DroneController - [INFO] - Waypoint 171/175 reached
2026-01-11 20:33:07 - DroneController - [INFO] - Sending waypoint: (22.497764, 88.372255, 3.00)
2026-01-11 20:33:08 - DroneController - [INFO] - Waypoint 172/175 reached
2026-01-11 20:33:08 - DroneController - [INFO] - Sending waypoint: (22.497767, 88.372290, 3.00)
2026-01-11 20:33:09 - DroneController - [INFO] - Waypoint 173/175 reached
2026-01-11 20:33:09 - DroneController - [INFO] - Sending waypoint: (22.497781, 88.372297, 3.00)
2026-01-11 20:33:10 - DroneController - [INFO] - Waypoint 174/175 reached
2026-01-11 20:33:10 - DroneController - [INFO] - Sending waypoint: (22.497788, 88.372256, 3.00)
2026-01-11 20:33:12 - DroneController - [INFO] - Waypoint 175/175 reached
2026-01-11 20:33:12 - DroneController - [INFO] - All waypoints reached
2026-01-11 20:33:13 - DroneController - [INFO] - Telemetry: 31746 msgs | GPS: (22.497785, 88.372268, 2.99m) | Battery: 0% | Mode: GUIDED
2026-01-11 20:33:23 - DroneController - [INFO] - Telemetry: 32939 msgs | GPS: (22.497788, 88.372256, 3.00m) | Battery: 0% | Mode: GUIDED
2026-01-11 20:33:27 - DroneController - [INFO] - Stopping controller...
2026-01-11 20:33:27 - DroneController - [INFO] - Mission controller stopped
2026-01-11 20:33:27 - DroneController - [INFO] - Telemetry loop stopped. Total messages: 33384
2026-01-11 20:33:27 - DroneController - [INFO] - Message type distribution: {'AHRS': 1130, 'AHRS2': 1129, 'ATTITUDE': 1129, 'BATTERY_STATUS': 1129, 'COMMAND_ACK': 2, 'EKF_STATUS_REPORT': 1129, 'ESC_TELEMETRY_1_TO_4': 1129, 'ESC_TELEMETRY_5_TO_8': 1129, 'EXTENDED_SYS_STATE': 247, 'GLOBAL_POSITION_INT': 1129, 'GPS_GLOBAL_ORIGIN': 1, 'GPS_RAW_INT': 1129, 'HEARTBEAT': 247, 'HOME_POSITION': 248, 'LOCAL_POSITION_NED': 1129, 'MEMINFO': 1129, 'MISSION_CURRENT': 1129, 'NAV_CONTROLLER_OUTPUT': 1129, 'PARAM_VALUE': 25, 'POSITION_TARGET_GLOBAL_INT': 925, 'POWER_STATUS': 1129, 'RAW_IMU': 1129, 'RC_CHANNELS': 1129, 'SCALED_IMU2': 1129, 'SCALED_IMU3': 1129, 'SCALED_PRESSURE': 1129, 'SCALED_PRESSURE2': 1129, 'SERVO_OUTPUT_RAW': 1129, 'SIMSTATE': 1129, 'STATUSTEXT': 3, 'SYSTEM_TIME': 1129, 'SYS_STATUS': 1129, 'TERRAIN_REPORT': 1129, 'TIMESYNC': 24, 'UNKNOWN_437': 49, 'VFR_HUD': 1129, 'VIBRATION': 1129, 'WIND': 1129}
2026-01-11 20:33:27 - DroneController - [INFO] - Command processor stopped
2026-01-11 20:33:27 - DroneController - [INFO] - Heartbeat monitor stopped
2026-01-11 20:33:27 - DroneController - [INFO] - Controller stopped
2026-01-11 20:33:27 - DroneController - [INFO] - Stopping controller...
2026-01-11 20:33:27 - DroneController - [INFO] - Controller stopped
2026-01-11 20:33:34 - DroneController - [INFO] - Mission planner initialized with KML: /Users/trishit_debsharma/Documents/Code/NIDAR/NIDAR/scan_drone/data/JUs.kml
2026-01-11 20:33:34 - DroneController - [INFO] - DroneController initialized
2026-01-11 20:33:34 - DroneController - [INFO] - Geofence mode: polygon
2026-01-11 20:33:34 - DroneController - [INFO] - Connecting to 127.0.0.1:14551
2026-01-11 20:33:34 - DroneController - [INFO] - Connection attempt 1/3...
2026-01-11 20:33:34 - DroneController - [INFO] - Waiting for heartbeat...
2026-01-11 20:33:35 - DroneController - [INFO] - Heartbeat from system 1, component 0
2026-01-11 20:33:35 - DroneController - [INFO] - Requesting data streams...
2026-01-11 20:33:35 - DroneController - [INFO] - Verifying data stream...
2026-01-11 20:33:35 - DroneController - [INFO] - Verifying data stream reception...
2026-01-11 20:33:36 - DroneController - [INFO] - ✓ All critical data streams verified
2026-01-11 20:33:36 - DroneController - [INFO] - Waiting for data streams to initialize...
2026-01-11 20:33:39 - DroneController - [INFO] - State transition: DISCONNECTED -> CONNECTED
2026-01-11 20:33:39 - DroneController - [INFO] - Telemetry log initialized: telemetry/telemetry_20260111_203339.csv
2026-01-11 20:33:39 - DroneController - [INFO] - ✓ Connection established and verified
2026-01-11 20:33:39 - DroneController - [INFO] - Telemetry loop started
2026-01-11 20:33:39 - DroneController - [INFO] - Heartbeat monitor started
2026-01-11 20:33:39 - DroneController - [INFO] - Command processor started
2026-01-11 20:33:39 - DroneController - [INFO] - ✓ First telemetry message received
2026-01-11 20:33:39 - DroneController - [INFO] - Mission controller started
2026-01-11 20:33:39 - DroneController - [INFO] - All threads started
2026-01-11 20:33:39 - DroneController - [INFO] - State transition: CONNECTED -> IDLE
2026-01-11 20:33:44 - DroneController - [INFO] - Loading mission with 175 points
2026-01-11 20:33:44 - DroneController - [INFO] - Starting and home position: lat=22.497788, lon=88.372256
2026-01-11 20:33:44 - DroneController - [INFO] - Mission validated: 175 waypoints
2026-01-11 20:33:44 - DroneController - [INFO] - Starting arm and takeoff to 3.0m
2026-01-11 20:33:44 - DroneController - [INFO] - Using polygon geofence from KML
2026-01-11 20:33:44 - DroneController - [INFO] - Setting mode to GUIDED (attempt 1)
2026-01-11 20:33:45 - DroneController - [INFO] - Mode changed to GUIDED
2026-01-11 20:33:45 - DroneController - [INFO] - State transition: IDLE -> ARMING
2026-01-11 20:33:45 - DroneController - [INFO] - Waiting for drone to become armable...
2026-01-11 20:33:49 - DroneController - [INFO] - Telemetry: 5238 msgs | GPS: (22.497788, 88.372256, 3.00m) | Battery: 0% | Mode: GUIDED
2026-01-11 20:33:50 - DroneController - [INFO] - Still waiting for armable... (5s, status=4)
2026-01-11 20:33:50 - DroneController - [INFO] - Still waiting for armable... (5s, status=4)
2026-01-11 20:33:55 - DroneController - [INFO] - Still waiting for armable... (10s, status=4)
2026-01-11 20:33:55 - DroneController - [INFO] - Still waiting for armable... (10s, status=4)
2026-01-11 20:33:59 - DroneController - [INFO] - Telemetry: 6431 msgs | GPS: (22.497788, 88.372256, 3.00m) | Battery: 0% | Mode: GUIDED
2026-01-11 20:33:59 - DroneController - [INFO] - Stopping controller...
2026-01-11 20:33:59 - DroneController - [INFO] - Mission controller stopped
2026-01-11 20:33:59 - DroneController - [INFO] - Telemetry loop stopped. Total messages: 6492
2026-01-11 20:33:59 - DroneController - [INFO] - Message type distribution: {'AHRS': 222, 'AHRS2': 221, 'ATTITUDE': 221, 'BATTERY_STATUS': 221, 'EKF_STATUS_REPORT': 221, 'ESC_TELEMETRY_1_TO_4': 221, 'ESC_TELEMETRY_5_TO_8': 221, 'EXTENDED_SYS_STATE': 24, 'GLOBAL_POSITION_INT': 221, 'GPS_RAW_INT': 221, 'HEARTBEAT': 23, 'HOME_POSITION': 24, 'LOCAL_POSITION_NED': 221, 'MEMINFO': 221, 'MISSION_CURRENT': 221, 'NAV_CONTROLLER_OUTPUT': 221, 'PARAM_VALUE': 3, 'POSITION_TARGET_GLOBAL_INT': 221, 'POWER_STATUS': 221, 'RAW_IMU': 221, 'RC_CHANNELS': 221, 'SCALED_IMU2': 221, 'SCALED_IMU3': 221, 'SCALED_PRESSURE': 221, 'SCALED_PRESSURE2': 221, 'SERVO_OUTPUT_RAW': 221, 'SIMSTATE': 221, 'SYSTEM_TIME': 221, 'SYS_STATUS': 221, 'TERRAIN_REPORT': 221, 'TIMESYNC': 3, 'UNKNOWN_437': 5, 'VFR_HUD': 221, 'VIBRATION': 221, 'WIND': 221}
2026-01-11 20:34:00 - DroneController - [INFO] - Heartbeat monitor stopped
2026-01-11 20:34:00 - DroneController - [INFO] - Still waiting for armable... (15s, status=4)
2026-01-11 20:34:00 - DroneController - [INFO] - Still waiting for armable... (15s, status=4)
2026-01-11 20:34:02 - DroneController - [INFO] - Controller stopped
2026-01-11 20:34:02 - DroneController - [INFO] - Stopping controller...
2026-01-11 20:34:04 - DroneController - [INFO] - Controller stopped
2026-01-11 20:34:36 - DroneController - [INFO] - Mission planner initialized with KML: /Users/trishit_debsharma/Documents/Code/NIDAR/NIDAR/scan_drone/data/JUs.kml
2026-01-11 20:34:36 - DroneController - [INFO] - DroneController initialized
2026-01-11 20:34:36 - DroneController - [INFO] - Geofence mode: polygon
2026-01-11 20:34:36 - DroneController - [INFO] - Connecting to 127.0.0.1:14551
2026-01-11 20:34:36 - DroneController - [INFO] - Connection attempt 1/3...
2026-01-11 20:34:36 - DroneController - [INFO] - Waiting for heartbeat...
2026-01-11 20:34:37 - DroneController - [INFO] - Heartbeat from system 1, component 0
2026-01-11 20:34:37 - DroneController - [INFO] - Requesting data streams...
2026-01-11 20:34:37 - DroneController - [INFO] - Verifying data stream...
2026-01-11 20:34:37 - DroneController - [INFO] - Verifying data stream reception...
2026-01-11 20:34:38 - DroneController - [INFO] - ✓ All critical data streams verified
2026-01-11 20:34:38 - DroneController - [INFO] - Waiting for data streams to initialize...
2026-01-11 20:34:41 - DroneController - [INFO] - State transition: DISCONNECTED -> CONNECTED
2026-01-11 20:34:41 - DroneController - [INFO] - Telemetry log initialized: telemetry/telemetry_20260111_203441.csv
2026-01-11 20:34:41 - DroneController - [INFO] - ✓ Connection established and verified
2026-01-11 20:34:41 - DroneController - [INFO] - Telemetry loop started
2026-01-11 20:34:41 - DroneController - [INFO] - Heartbeat monitor started
2026-01-11 20:34:41 - DroneController - [INFO] - Command processor started
2026-01-11 20:34:41 - DroneController - [INFO] - ✓ First telemetry message received
2026-01-11 20:34:41 - DroneController - [INFO] - Mission controller started
2026-01-11 20:34:41 - DroneController - [INFO] - All threads started
2026-01-11 20:34:41 - DroneController - [INFO] - State transition: CONNECTED -> IDLE
2026-01-11 20:34:46 - DroneController - [INFO] - Loading mission with 175 points
2026-01-11 20:34:46 - DroneController - [INFO] - Starting and home position: lat=22.497788, lon=88.372256
2026-01-11 20:34:46 - DroneController - [INFO] - Mission validated: 175 waypoints
2026-01-11 20:34:46 - DroneController - [INFO] - Starting arm and takeoff to 3.0m
2026-01-11 20:34:46 - DroneController - [INFO] - Using polygon geofence from KML
2026-01-11 20:34:46 - DroneController - [INFO] - Setting mode to GUIDED (attempt 1)
2026-01-11 20:34:47 - DroneController - [INFO] - Mode changed to GUIDED
2026-01-11 20:34:47 - DroneController - [INFO] - State transition: IDLE -> ARMING
2026-01-11 20:34:47 - DroneController - [INFO] - Waiting for drone to become armable...
2026-01-11 20:34:47 - DroneController - [INFO] - ✓ Drone is armable
2026-01-11 20:34:47 - DroneController - [INFO] - Arming attempt 1/3
2026-01-11 20:34:47 - DroneController - [INFO] - Armed successfully
2026-01-11 20:34:47 - DroneController - [INFO] - State transition: ARMING -> ARMED
2026-01-11 20:34:49 - DroneController - [INFO] - State transition: ARMED -> TAKING_OFF
2026-01-11 20:34:49 - DroneController - [INFO] - Takeoff attempt 1/3
2026-01-11 20:34:49 - DroneController - [INFO] - Takeoff command accepted
2026-01-11 20:34:51 - DroneController - [INFO] - Telemetry: 4167 msgs | GPS: (22.497788, 88.372256, 0.11m) | Battery: 0% | Mode: GUIDED
2026-01-11 20:34:53 - DroneController - [INFO] - Target altitude reached: 2.80m
2026-01-11 20:34:53 - DroneController - [INFO] - Arm and takeoff complete
2026-01-11 20:34:53 - DroneController - [INFO] - State transition: TAKING_OFF -> ARMED
2026-01-11 20:34:53 - DroneController - [INFO] - Starting mission with 175 waypoints
2026-01-11 20:34:53 - DroneController - [INFO] - State transition: ARMED -> MISSION_ACTIVE
2026-01-11 20:34:53 - DroneController - [INFO] - Sending waypoint: (22.497617, 88.372069, 3.00)
2026-01-11 20:35:00 - DroneController - [INFO] - Waypoint 1/175 reached
2026-01-11 20:35:00 - DroneController - [INFO] - Sending waypoint: (22.497597, 88.372079, 3.00)
2026-01-11 20:35:00 - DroneController - [INFO] - Waypoint 2/175 reached
2026-01-11 20:35:00 - DroneController - [INFO] - Sending waypoint: (22.497581, 88.372091, 3.00)
2026-01-11 20:35:01 - DroneController - [INFO] - Telemetry: 5353 msgs | GPS: (22.497608, 88.372070, 3.00m) | Battery: 0% | Mode: GUIDED
2026-01-11 20:35:01 - DroneController - [INFO] - Waypoint 3/175 reached
2026-01-11 20:35:01 - DroneController - [INFO] - Sending waypoint: (22.497567, 88.372104, 3.00)
2026-01-11 20:35:02 - DroneController - [INFO] - Waypoint 4/175 reached
2026-01-11 20:35:02 - DroneController - [INFO] - Sending waypoint: (22.497557, 88.372119, 3.00)
2026-01-11 20:35:03 - DroneController - [INFO] - Waypoint 5/175 reached
2026-01-11 20:35:03 - DroneController - [INFO] - Sending waypoint: (22.497550, 88.372136, 3.00)
2026-01-11 20:35:04 - DroneController - [INFO] - Waypoint 6/175 reached
2026-01-11 20:35:04 - DroneController - [INFO] - Sending waypoint: (22.497546, 88.372154, 3.00)
2026-01-11 20:35:04 - DroneController - [INFO] - Waypoint 7/175 reached
2026-01-11 20:35:04 - DroneController - [INFO] - Sending waypoint: (22.497546, 88.372174, 3.00)
2026-01-11 20:35:05 - DroneController - [INFO] - Waypoint 8/175 reached
2026-01-11 20:35:05 - DroneController - [INFO] - Sending waypoint: (22.497548, 88.372195, 3.00)
2026-01-11 20:35:06 - DroneController - [INFO] - Waypoint 9/175 reached
2026-01-11 20:35:06 - DroneController - [INFO] - Sending waypoint: (22.497554, 88.372218, 3.00)
2026-01-11 20:35:07 - DroneController - [INFO] - Waypoint 10/175 reached
2026-01-11 20:35:07 - DroneController - [INFO] - Sending waypoint: (22.497632, 88.372466, 3.00)
2026-01-11 20:35:11 - DroneController - [INFO] - Telemetry: 6546 msgs | GPS: (22.497594, 88.372348, 3.02m) | Battery: 0% | Mode: GUIDED
2026-01-11 20:35:13 - DroneController - [INFO] - Waypoint 11/175 reached
2026-01-11 20:35:13 - DroneController - [INFO] - Sending waypoint: (22.497640, 88.372488, 3.00)
2026-01-11 20:35:14 - DroneController - [INFO] - Waypoint 12/175 reached
2026-01-11 20:35:14 - DroneController - [INFO] - Sending waypoint: (22.497650, 88.372507, 3.00)
2026-01-11 20:35:15 - DroneController - [INFO] - Waypoint 13/175 reached
2026-01-11 20:35:15 - DroneController - [INFO] - Sending waypoint: (22.497662, 88.372522, 3.00)
2026-01-11 20:35:15 - DroneController - [INFO] - Waypoint 14/175 reached
2026-01-11 20:35:15 - DroneController - [INFO] - Sending waypoint: (22.497675, 88.372533, 3.00)
2026-01-11 20:35:16 - DroneController - [INFO] - Waypoint 15/175 reached
2026-01-11 20:35:16 - DroneController - [INFO] - Sending waypoint: (22.497690, 88.372540, 3.00)
2026-01-11 20:35:17 - DroneController - [INFO] - Waypoint 16/175 reached
2026-01-11 20:35:17 - DroneController - [INFO] - Sending waypoint: (22.497706, 88.372543, 3.00)
2026-01-11 20:35:18 - DroneController - [INFO] - Waypoint 17/175 reached
2026-01-11 20:35:18 - DroneController - [INFO] - Sending waypoint: (22.497724, 88.372542, 3.00)
2026-01-11 20:35:18 - DroneController - [INFO] - Waypoint 18/175 reached
2026-01-11 20:35:18 - DroneController - [INFO] - Sending waypoint: (22.497743, 88.372538, 3.00)
2026-01-11 20:35:19 - DroneController - [INFO] - Waypoint 19/175 reached
2026-01-11 20:35:19 - DroneController - [INFO] - Sending waypoint: (22.497764, 88.372530, 3.00)
2026-01-11 20:35:20 - DroneController - [INFO] - Waypoint 20/175 reached
2026-01-11 20:35:20 - DroneController - [INFO] - Sending waypoint: (22.497961, 88.372439, 3.00)
2026-01-11 20:35:21 - DroneController - [INFO] - Telemetry: 7744 msgs | GPS: (22.497753, 88.372536, 3.00m) | Battery: 0% | Mode: GUIDED
2026-01-11 20:35:25 - DroneController - [INFO] - Waypoint 21/175 reached
2026-01-11 20:35:25 - DroneController - [INFO] - Sending waypoint: (22.497981, 88.372428, 3.00)
2026-01-11 20:35:26 - DroneController - [INFO] - Waypoint 22/175 reached
2026-01-11 20:35:26 - DroneController - [INFO] - Sending waypoint: (22.497998, 88.372415, 3.00)
2026-01-11 20:35:27 - DroneController - [INFO] - Waypoint 23/175 reached
2026-01-11 20:35:27 - DroneController - [INFO] - Sending waypoint: (22.498012, 88.372401, 3.00)
2026-01-11 20:35:28 - DroneController - [INFO] - Waypoint 24/175 reached
2026-01-11 20:35:28 - DroneController - [INFO] - Sending waypoint: (22.498022, 88.372386, 3.00)
2026-01-11 20:35:28 - DroneController - [INFO] - Waypoint 25/175 reached
2026-01-11 20:35:28 - DroneController - [INFO] - Sending waypoint: (22.498029, 88.372369, 3.00)
2026-01-11 20:35:29 - DroneController - [INFO] - Waypoint 26/175 reached
2026-01-11 20:35:29 - DroneController - [INFO] - Sending waypoint: (22.498032, 88.372350, 3.00)
2026-01-11 20:35:30 - DroneController - [INFO] - Waypoint 27/175 reached
2026-01-11 20:35:30 - DroneController - [INFO] - Sending waypoint: (22.498033, 88.372330, 3.00)
2026-01-11 20:35:31 - DroneController - [INFO] - Telemetry: 8936 msgs | GPS: (22.498031, 88.372360, 3.00m) | Battery: 0% | Mode: GUIDED
2026-01-11 20:35:31 - DroneController - [INFO] - Waypoint 28/175 reached
2026-01-11 20:35:31 - DroneController - [INFO] - Sending waypoint: (22.498029, 88.372308, 3.00)
2026-01-11 20:35:32 - DroneController - [INFO] - Waypoint 29/175 reached
2026-01-11 20:35:32 - DroneController - [INFO] - Sending waypoint: (22.498023, 88.372284, 3.00)
2026-01-11 20:35:33 - DroneController - [INFO] - Waypoint 30/175 reached
2026-01-11 20:35:33 - DroneController - [INFO] - Sending waypoint: (22.497943, 88.372048, 3.00)
2026-01-11 20:35:35 - DroneController - [INFO] - Stopping controller...
2026-01-11 20:35:35 - DroneController - [INFO] - Mission controller stopped
2026-01-11 20:35:35 - DroneController - [INFO] - Heartbeat monitor stopped
2026-01-11 20:35:35 - DroneController - [INFO] - Telemetry loop stopped. Total messages: 9415
2026-01-11 20:35:35 - DroneController - [INFO] - Message type distribution: {'AHRS': 324, 'AHRS2': 323, 'ATTITUDE': 323, 'BATTERY_STATUS': 323, 'COMMAND_ACK': 2, 'EKF_STATUS_REPORT': 323, 'ESC_TELEMETRY_1_TO_4': 323, 'ESC_TELEMETRY_5_TO_8': 323, 'EXTENDED_SYS_STATE': 58, 'GLOBAL_POSITION_INT': 323, 'GPS_GLOBAL_ORIGIN': 1, 'GPS_RAW_INT': 323, 'HEARTBEAT': 58, 'HOME_POSITION': 59, 'LOCAL_POSITION_NED': 323, 'MEMINFO': 323, 'MISSION_CURRENT': 323, 'NAV_CONTROLLER_OUTPUT': 323, 'PARAM_VALUE': 5, 'POSITION_TARGET_GLOBAL_INT': 166, 'POWER_STATUS': 323, 'RAW_IMU': 323, 'RC_CHANNELS': 323, 'SCALED_IMU2': 323, 'SCALED_IMU3': 323, 'SCALED_PRESSURE': 323, 'SCALED_PRESSURE2': 323, 'SERVO_OUTPUT_RAW': 323, 'SIMSTATE': 323, 'STATUSTEXT': 3, 'SYSTEM_TIME': 323, 'SYS_STATUS': 323, 'TERRAIN_REPORT': 323, 'TIMESYNC': 6, 'UNKNOWN_437': 12, 'VFR_HUD': 323, 'VIBRATION': 323, 'WIND': 323}
2026-01-11 20:35:35 - DroneController - [INFO] - Command processor stopped
2026-01-11 20:35:35 - DroneController - [INFO] - Controller stopped
2026-01-11 20:35:35 - DroneController - [INFO] - Stopping controller...
2026-01-11 20:35:35 - DroneController - [INFO] - Controller stopped
2026-01-11 20:37:44 - DroneController - [INFO] - Mission planner initialized with KML: /Users/trishit_debsharma/Documents/Code/NIDAR/NIDAR/scan_drone/data/JUs.kml
2026-01-11 20:37:44 - DroneController - [INFO] - DroneController initialized
2026-01-11 20:37:44 - DroneController - [INFO] - Geofence mode: polygon
2026-01-11 20:37:44 - DroneController - [INFO] - Connecting to 127.0.0.1:14551
2026-01-11 20:37:44 - DroneController - [INFO] - Connection attempt 1/3...
2026-01-11 20:37:44 - DroneController - [INFO] - Waiting for heartbeat...
2026-01-11 20:37:45 - DroneController - [INFO] - Heartbeat from system 1, component 0
2026-01-11 20:37:45 - DroneController - [INFO] - Requesting data streams...
2026-01-11 20:37:45 - DroneController - [INFO] - Verifying data stream...
2026-01-11 20:37:45 - DroneController - [INFO] - Verifying data stream reception...
2026-01-11 20:37:46 - DroneController - [INFO] - ✓ All critical data streams verified
2026-01-11 20:37:46 - DroneController - [INFO] - Waiting for data streams to initialize...
2026-01-11 20:38:05 - DroneController - [INFO] - Mission planner initialized with KML: /Users/trishit_debsharma/Documents/Code/NIDAR/NIDAR/scan_drone/data/JUxs.kml
2026-01-11 20:38:05 - DroneController - [INFO] - DroneController initialized
2026-01-11 20:38:05 - DroneController - [INFO] - Geofence mode: polygon
2026-01-11 20:38:05 - DroneController - [INFO] - Connecting to 127.0.0.1:14551
2026-01-11 20:38:05 - DroneController - [INFO] - Connection attempt 1/3...
2026-01-11 20:38:05 - DroneController - [INFO] - Waiting for heartbeat...
2026-01-11 20:38:06 - DroneController - [INFO] - Heartbeat from system 1, component 0
2026-01-11 20:38:06 - DroneController - [INFO] - Requesting data streams...
2026-01-11 20:38:06 - DroneController - [INFO] - Verifying data stream...
2026-01-11 20:38:06 - DroneController - [INFO] - Verifying data stream reception...
2026-01-11 20:38:07 - DroneController - [INFO] - ✓ All critical data streams verified
2026-01-11 20:38:07 - DroneController - [INFO] - Waiting for data streams to initialize...
2026-01-11 20:38:10 - DroneController - [INFO] - State transition: DISCONNECTED -> CONNECTED
2026-01-11 20:38:10 - DroneController - [INFO] - Telemetry log initialized: telemetry/telemetry_20260111_203810.csv
2026-01-11 20:38:10 - DroneController - [INFO] - ✓ Connection established and verified
2026-01-11 20:38:10 - DroneController - [INFO] - Telemetry loop started
2026-01-11 20:38:10 - DroneController - [INFO] - Heartbeat monitor started
2026-01-11 20:38:10 - DroneController - [INFO] - Command processor started
2026-01-11 20:38:10 - DroneController - [INFO] - Mission controller started
2026-01-11 20:38:10 - DroneController - [INFO] - All threads started
2026-01-11 20:38:10 - DroneController - [INFO] - ✓ First telemetry message received
2026-01-11 20:38:10 - DroneController - [INFO] - State transition: CONNECTED -> IDLE
2026-01-11 20:38:15 - DroneController - [INFO] - Loading mission with 49 points
2026-01-11 20:38:15 - DroneController - [INFO] - Starting and home position: lat=22.497788, lon=88.372256
2026-01-11 20:38:15 - DroneController - [INFO] - Mission validated: 49 waypoints
2026-01-11 20:38:15 - DroneController - [INFO] - Starting arm and takeoff to 3.0m
2026-01-11 20:38:15 - DroneController - [INFO] - Using polygon geofence from KML
2026-01-11 20:38:15 - DroneController - [INFO] - Setting mode to GUIDED (attempt 1)
2026-01-11 20:38:16 - DroneController - [INFO] - Mode changed to GUIDED
2026-01-11 20:38:16 - DroneController - [INFO] - State transition: IDLE -> ARMING
2026-01-11 20:38:16 - DroneController - [INFO] - Waiting for drone to become armable...
2026-01-11 20:38:16 - DroneController - [INFO] - ✓ Drone is armable
2026-01-11 20:38:16 - DroneController - [INFO] - Arming attempt 1/3
2026-01-11 20:38:16 - DroneController - [INFO] - Armed successfully
2026-01-11 20:38:16 - DroneController - [INFO] - State transition: ARMING -> ARMED
2026-01-11 20:38:18 - DroneController - [INFO] - State transition: ARMED -> TAKING_OFF
2026-01-11 20:38:18 - DroneController - [INFO] - Takeoff attempt 1/3
2026-01-11 20:38:18 - DroneController - [INFO] - Takeoff command accepted
2026-01-11 20:38:20 - DroneController - [INFO] - Telemetry: 4632 msgs | GPS: (22.497788, 88.372256, 0.13m) | Battery: 0% | Mode: GUIDED
2026-01-11 20:38:22 - DroneController - [INFO] - Target altitude reached: 2.84m
2026-01-11 20:38:22 - DroneController - [INFO] - Arm and takeoff complete
2026-01-11 20:38:22 - DroneController - [INFO] - State transition: TAKING_OFF -> ARMED
2026-01-11 20:38:22 - DroneController - [INFO] - Starting mission with 49 waypoints
2026-01-11 20:38:22 - DroneController - [INFO] - State transition: ARMED -> MISSION_ACTIVE
2026-01-11 20:38:22 - DroneController - [INFO] - Sending waypoint: (22.497833, 88.372311, 3.00)
2026-01-11 20:38:25 - DroneController - [INFO] - Waypoint 1/49 reached
2026-01-11 20:38:25 - DroneController - [INFO] - Sending waypoint: (22.497813, 88.372321, 3.00)
2026-01-11 20:38:25 - DroneController - [INFO] - Waypoint 2/49 reached
2026-01-11 20:38:25 - DroneController - [INFO] - Sending waypoint: (22.497801, 88.372336, 3.00)
2026-01-11 20:38:27 - DroneController - [INFO] - Waypoint 3/49 reached
2026-01-11 20:38:27 - DroneController - [INFO] - Sending waypoint: (22.497798, 88.372356, 3.00)
2026-01-11 20:38:28 - DroneController - [INFO] - Waypoint 4/49 reached
2026-01-11 20:38:28 - DroneController - [INFO] - Sending waypoint: (22.497803, 88.372379, 3.00)
2026-01-11 20:38:29 - DroneController - [INFO] - Waypoint 5/49 reached
2026-01-11 20:38:29 - DroneController - [INFO] - Sending waypoint: (22.497850, 88.372513, 3.00)
2026-01-11 20:38:30 - DroneController - [INFO] - Telemetry: 5800 msgs | GPS: (22.497804, 88.372379, 3.00m) | Battery: 0% | Mode: GUIDED
2026-01-11 20:38:32 - DroneController - [INFO] - Waypoint 6/49 reached
2026-01-11 20:38:32 - DroneController - [INFO] - Sending waypoint: (22.497860, 88.372531, 3.00)
2026-01-11 20:38:33 - DroneController - [INFO] - Waypoint 7/49 reached
2026-01-11 20:38:33 - DroneController - [INFO] - Sending waypoint: (22.497872, 88.372541, 3.00)
2026-01-11 20:38:34 - DroneController - [INFO] - Waypoint 8/49 reached
2026-01-11 20:38:34 - DroneController - [INFO] - Sending waypoint: (22.497887, 88.372544, 3.00)
2026-01-11 20:38:34 - DroneController - [INFO] - Waypoint 9/49 reached
2026-01-11 20:38:34 - DroneController - [INFO] - Sending waypoint: (22.497905, 88.372540, 3.00)
2026-01-11 20:38:35 - DroneController - [INFO] - Waypoint 10/49 reached
2026-01-11 20:38:35 - DroneController - [INFO] - Sending waypoint: (22.497985, 88.372507, 3.00)
2026-01-11 20:38:38 - DroneController - [INFO] - Waypoint 11/49 reached
2026-01-11 20:38:38 - DroneController - [INFO] - Sending waypoint: (22.498002, 88.372497, 3.00)
2026-01-11 20:38:39 - DroneController - [INFO] - Waypoint 12/49 reached
2026-01-11 20:38:39 - DroneController - [INFO] - Sending waypoint: (22.498012, 88.372484, 3.00)
2026-01-11 20:38:39 - DroneController - [INFO] - Waypoint 13/49 reached
2026-01-11 20:38:39 - DroneController - [INFO] - Sending waypoint: (22.498017, 88.372467, 3.00)
2026-01-11 20:38:40 - DroneController - [INFO] - Telemetry: 6996 msgs | GPS: (22.497999, 88.372499, 3.00m) | Battery: 0% | Mode: GUIDED
2026-01-11 20:38:40 - DroneController - [INFO] - Waypoint 14/49 reached
2026-01-11 20:38:40 - DroneController - [INFO] - Sending waypoint: (22.498016, 88.372446, 3.00)
2026-01-11 20:38:41 - DroneController - [INFO] - Waypoint 15/49 reached
2026-01-11 20:38:41 - DroneController - [INFO] - Sending waypoint: (22.497990, 88.372315, 3.00)
2026-01-11 20:38:44 - DroneController - [INFO] - Waypoint 16/49 reached
2026-01-11 20:38:44 - DroneController - [INFO] - Sending waypoint: (22.497983, 88.372292, 3.00)
2026-01-11 20:38:45 - DroneController - [INFO] - Waypoint 17/49 reached
2026-01-11 20:38:45 - DroneController - [INFO] - Sending waypoint: (22.497970, 88.372278, 3.00)
2026-01-11 20:38:46 - DroneController - [INFO] - Waypoint 18/49 reached
2026-01-11 20:38:46 - DroneController - [INFO] - Sending waypoint: (22.497953, 88.372273, 3.00)
2026-01-11 20:38:47 - DroneController - [INFO] - Waypoint 19/49 reached
2026-01-11 20:38:47 - DroneController - [INFO] - Sending waypoint: (22.497931, 88.372277, 3.00)
2026-01-11 20:38:48 - DroneController - [INFO] - Waypoint 20/49 reached
2026-01-11 20:38:48 - DroneController - [INFO] - Sending waypoint: (22.497857, 88.372340, 3.00)
2026-01-11 20:38:50 - DroneController - [INFO] - Telemetry: 8190 msgs | GPS: (22.497910, 88.372294, 3.01m) | Battery: 0% | Mode: GUIDED
2026-01-11 20:38:51 - DroneController - [INFO] - Waypoint 21/49 reached
2026-01-11 20:38:51 - DroneController - [INFO] - Sending waypoint: (22.497840, 88.372351, 3.00)
2026-01-11 20:38:52 - DroneController - [INFO] - Waypoint 22/49 reached
2026-01-11 20:38:52 - DroneController - [INFO] - Sending waypoint: (22.497833, 88.372367, 3.00)
2026-01-11 20:38:52 - DroneController - [INFO] - Waypoint 23/49 reached
2026-01-11 20:38:52 - DroneController - [INFO] - Sending waypoint: (22.497836, 88.372388, 3.00)
2026-01-11 20:38:53 - DroneController - [INFO] - Waypoint 24/49 reached
2026-01-11 20:38:53 - DroneController - [INFO] - Sending waypoint: (22.497870, 88.372481, 3.00)
2026-01-11 20:38:56 - DroneController - [INFO] - Waypoint 25/49 reached
2026-01-11 20:38:56 - DroneController - [INFO] - Sending waypoint: (22.497879, 88.372496, 3.00)
2026-01-11 20:38:57 - DroneController - [INFO] - Waypoint 26/49 reached
2026-01-11 20:38:57 - DroneController - [INFO] - Sending waypoint: (22.497891, 88.372501, 3.00)
2026-01-11 20:38:57 - DroneController - [INFO] - Waypoint 27/49 reached
2026-01-11 20:38:57 - DroneController - [INFO] - Sending waypoint: (22.497907, 88.372498, 3.00)
2026-01-11 20:38:58 - DroneController - [INFO] - Waypoint 28/49 reached
2026-01-11 20:38:58 - DroneController - [INFO] - Sending waypoint: (22.497961, 88.372475, 3.00)
2026-01-11 20:39:00 - DroneController - [INFO] - Telemetry: 9382 msgs | GPS: (22.497921, 88.372494, 3.01m) | Battery: 0% | Mode: GUIDED
2026-01-11 20:39:00 - DroneController - [INFO] - Waypoint 29/49 reached
2026-01-11 20:39:00 - DroneController - [INFO] - Sending waypoint: (22.497975, 88.372465, 3.00)
2026-01-11 20:39:01 - DroneController - [INFO] - Waypoint 30/49 reached
2026-01-11 20:39:01 - DroneController - [INFO] - Sending waypoint: (22.497982, 88.372451, 3.00)
2026-01-11 20:39:02 - DroneController - [INFO] - Waypoint 31/49 reached
2026-01-11 20:39:02 - DroneController - [INFO] - Sending waypoint: (22.497982, 88.372433, 3.00)
2026-01-11 20:39:02 - DroneController - [INFO] - Waypoint 32/49 reached
2026-01-11 20:39:02 - DroneController - [INFO] - Sending waypoint: (22.497967, 88.372343, 3.00)
2026-01-11 20:39:05 - DroneController - [INFO] - Waypoint 33/49 reached
2026-01-11 20:39:05 - DroneController - [INFO] - Sending waypoint: (22.497959, 88.372323, 3.00)
2026-01-11 20:39:06 - DroneController - [INFO] - Waypoint 34/49 reached
2026-01-11 20:39:06 - DroneController - [INFO] - Sending waypoint: (22.497946, 88.372314, 3.00)
2026-01-11 20:39:07 - DroneController - [INFO] - Waypoint 35/49 reached
2026-01-11 20:39:07 - DroneController - [INFO] - Sending waypoint: (22.497926, 88.372316, 3.00)
2026-01-11 20:39:08 - DroneController - [INFO] - Waypoint 36/49 reached
2026-01-11 20:39:08 - DroneController - [INFO] - Sending waypoint: (22.497882, 88.372369, 3.00)
2026-01-11 20:39:10 - DroneController - [INFO] - Telemetry: 10576 msgs | GPS: (22.497909, 88.372337, 3.00m) | Battery: 0% | Mode: GUIDED
2026-01-11 20:39:10 - DroneController - [INFO] - Waypoint 37/49 reached
2026-01-11 20:39:10 - DroneController - [INFO] - Sending waypoint: (22.497869, 88.372380, 3.00)
2026-01-11 20:39:11 - DroneController - [INFO] - Waypoint 38/49 reached
2026-01-11 20:39:11 - DroneController - [INFO] - Sending waypoint: (22.497870, 88.372397, 3.00)
2026-01-11 20:39:11 - DroneController - [INFO] - Waypoint 39/49 reached
2026-01-11 20:39:11 - DroneController - [INFO] - Sending waypoint: (22.497890, 88.372449, 3.00)
2026-01-11 20:39:13 - DroneController - [INFO] - Waypoint 40/49 reached
2026-01-11 20:39:13 - DroneController - [INFO] - Sending waypoint: (22.497898, 88.372458, 3.00)
2026-01-11 20:39:14 - DroneController - [INFO] - Waypoint 41/49 reached
2026-01-11 20:39:14 - DroneController - [INFO] - Sending waypoint: (22.497909, 88.372457, 3.00)
2026-01-11 20:39:14 - DroneController - [INFO] - Waypoint 42/49 reached
2026-01-11 20:39:14 - DroneController - [INFO] - Sending waypoint: (22.497937, 88.372443, 3.00)
2026-01-11 20:39:16 - DroneController - [INFO] - Waypoint 43/49 reached
2026-01-11 20:39:16 - DroneController - [INFO] - Sending waypoint: (22.497946, 88.372434, 3.00)
2026-01-11 20:39:16 - DroneController - [INFO] - Waypoint 44/49 reached
2026-01-11 20:39:16 - DroneController - [INFO] - Sending waypoint: (22.497949, 88.372420, 3.00)
2026-01-11 20:39:17 - DroneController - [INFO] - Waypoint 45/49 reached
2026-01-11 20:39:17 - DroneController - [INFO] - Sending waypoint: (22.497943, 88.372370, 3.00)
2026-01-11 20:39:19 - DroneController - [INFO] - Waypoint 46/49 reached
2026-01-11 20:39:19 - DroneController - [INFO] - Sending waypoint: (22.497936, 88.372355, 3.00)
2026-01-11 20:39:19 - DroneController - [INFO] - Waypoint 47/49 reached
2026-01-11 20:39:19 - DroneController - [INFO] - Sending waypoint: (22.497921, 88.372355, 3.00)
2026-01-11 20:39:20 - DroneController - [INFO] - Telemetry: 11771 msgs | GPS: (22.497944, 88.372376, 3.00m) | Battery: 0% | Mode: GUIDED
2026-01-11 20:39:20 - DroneController - [INFO] - Waypoint 48/49 reached
2026-01-11 20:39:20 - DroneController - [INFO] - Sending waypoint: (22.497914, 88.372409, 3.00)
2026-01-11 20:39:22 - DroneController - [INFO] - Waypoint 49/49 reached
2026-01-11 20:39:22 - DroneController - [INFO] - All waypoints reached, returning to home and landing
2026-01-11 20:39:22 - DroneController - [INFO] - Returning to home and landing
2026-01-11 20:39:22 - DroneController - [INFO] - Sending waypoint: (22.497788, 88.372256, 3.00)
2026-01-11 20:39:29 - DroneController - [INFO] - Reached home position, initiating landing
2026-01-11 20:39:30 - DroneController - [INFO] - Telemetry: 12964 msgs | GPS: (22.497785, 88.372253, 3.00m) | Battery: 0% | Mode: GUIDED
2026-01-11 20:39:31 - DroneController - [INFO] - State transition: MISSION_ACTIVE -> LANDING
2026-01-11 20:39:31 - DroneController - [INFO] - Setting mode to LAND (attempt 1)
2026-01-11 20:39:32 - DroneController - [INFO] - Mode changed to LAND
2026-01-11 20:39:32 - DroneController - [INFO] - Landing in progress
2026-01-11 20:39:32 - DroneController - [INFO] - Landing command sent
2026-01-12 00:58:51 - DroneController - [INFO] - Mission planner initialized with KML: /Users/trishit_debsharma/Documents/Code/NIDAR/NIDAR/scan_drone/data/JUxs.kml
2026-01-12 00:58:51 - DroneController - [INFO] - DroneController initialized
2026-01-12 00:58:51 - DroneController - [INFO] - Geofence mode: polygon
2026-01-12 00:58:51 - DroneController - [INFO] - Connecting to /dev/ttyACM0
2026-01-12 00:58:51 - DroneController - [INFO] - Connection attempt 1/3...
2026-01-12 00:58:51 - DroneController - [ERROR] - Connection attempt 1 failed: [Errno 2] could not open port /dev/ttyACM0: [Errno 2] No such file or directory: '/dev/ttyACM0'
2026-01-12 00:58:53 - DroneController - [INFO] - Connection attempt 2/3...
2026-01-12 00:58:53 - DroneController - [ERROR] - Connection attempt 2 failed: [Errno 2] could not open port /dev/ttyACM0: [Errno 2] No such file or directory: '/dev/ttyACM0'
2026-01-12 00:58:55 - DroneController - [INFO] - Connection attempt 3/3...
2026-01-12 00:58:55 - DroneController - [ERROR] - Connection attempt 3 failed: [Errno 2] could not open port /dev/ttyACM0: [Errno 2] No such file or directory: '/dev/ttyACM0'
2026-01-12 00:58:57 - DroneController - [ERROR] - Failed to connect after 3 attempts
2026-01-12 00:58:57 - DroneController - [INFO] - Stopping controller...
2026-01-12 00:58:57 - DroneController - [INFO] - Controller stopped
2026-01-12 00:59:10 - DroneController - [INFO] - Mission planner initialized with KML: /Users/trishit_debsharma/Documents/Code/NIDAR/NIDAR/scan_drone/data/JUxs.kml
2026-01-12 00:59:10 - DroneController - [INFO] - DroneController initialized
2026-01-12 00:59:10 - DroneController - [INFO] - Geofence mode: polygon
2026-01-12 00:59:10 - DroneController - [INFO] - Connecting to 127.0.0.1:14551
2026-01-12 00:59:10 - DroneController - [INFO] - Connection attempt 1/3...
2026-01-12 00:59:10 - DroneController - [INFO] - Waiting for heartbeat...
2026-01-12 00:59:11 - DroneController - [INFO] - Heartbeat from system 1, component 0
2026-01-12 00:59:11 - DroneController - [INFO] - Requesting data streams...
2026-01-12 00:59:11 - DroneController - [INFO] - Verifying data stream...
2026-01-12 00:59:11 - DroneController - [INFO] - Verifying data stream reception...
2026-01-12 00:59:12 - DroneController - [INFO] - ✓ All critical data streams verified
2026-01-12 00:59:12 - DroneController - [INFO] - Waiting for data streams to initialize...
2026-01-12 00:59:15 - DroneController - [INFO] - State transition: DISCONNECTED -> CONNECTED
2026-01-12 00:59:15 - DroneController - [INFO] - Telemetry log initialized: telemetry/telemetry_20260112_005915.csv
2026-01-12 00:59:15 - DroneController - [INFO] - ✓ Connection established and verified
2026-01-12 00:59:15 - DroneController - [INFO] - Telemetry loop started
2026-01-12 00:59:15 - DroneController - [INFO] - ✓ First telemetry message received
2026-01-12 00:59:15 - DroneController - [INFO] - Heartbeat monitor started
2026-01-12 00:59:15 - DroneController - [INFO] - Command processor started
2026-01-12 00:59:15 - DroneController - [INFO] - Mission controller started
2026-01-12 00:59:15 - DroneController - [INFO] - All threads started
2026-01-12 00:59:15 - DroneController - [INFO] - State transition: CONNECTED -> IDLE
2026-01-12 00:59:17 - DroneController - [INFO] - Loading mission with 0 points
2026-01-12 00:59:17 - DroneController - [INFO] - Starting and home position: lat=22.497750, lon=88.372470
2026-01-12 00:59:17 - DroneController - [INFO] - Mission validated: 49 waypoints
2026-01-12 00:59:17 - DroneController - [INFO] - Starting arm and takeoff to 3.0m
2026-01-12 00:59:17 - DroneController - [INFO] - Using polygon geofence from KML
2026-01-12 00:59:17 - DroneController - [INFO] - Setting mode to GUIDED (attempt 1)
2026-01-12 00:59:19 - DroneController - [INFO] - Mode changed to GUIDED
2026-01-12 00:59:19 - DroneController - [INFO] - State transition: IDLE -> ARMING
2026-01-12 00:59:19 - DroneController - [INFO] - Waiting for drone to become armable...
2026-01-12 00:59:19 - DroneController - [INFO] - ✓ Drone is armable
2026-01-12 00:59:19 - DroneController - [INFO] - Arming attempt 1/3
2026-01-12 00:59:19 - DroneController - [INFO] - Armed successfully
2026-01-12 00:59:19 - DroneController - [INFO] - State transition: ARMING -> ARMED
2026-01-12 00:59:21 - DroneController - [INFO] - State transition: ARMED -> TAKING_OFF
2026-01-12 00:59:21 - DroneController - [INFO] - Takeoff attempt 1/3
2026-01-12 00:59:21 - DroneController - [INFO] - Takeoff command accepted
2026-01-12 00:59:25 - DroneController - [INFO] - Target altitude reached: 2.56m
2026-01-12 00:59:25 - DroneController - [INFO] - Arm and takeoff complete
2026-01-12 00:59:25 - DroneController - [INFO] - State transition: TAKING_OFF -> ARMED
2026-01-12 00:59:25 - DroneController - [INFO] - Starting mission with 49 waypoints
2026-01-12 00:59:25 - DroneController - [INFO] - State transition: ARMED -> MISSION_ACTIVE
2026-01-12 00:59:25 - DroneController - [INFO] - Sending waypoint: (22.497833, 88.372311, 3.00)
2026-01-12 00:59:26 - DroneController - [INFO] - Telemetry: 5576 msgs | GPS: (22.497751, 88.372468, 2.90m) | Battery: 99% | Mode: GUIDED
2026-01-12 00:59:29 - DroneController - [INFO] - Waypoint 1/49 reached
2026-01-12 00:59:29 - DroneController - [INFO] - Sending waypoint: (22.497813, 88.372321, 3.00)
2026-01-12 00:59:29 - DroneController - [INFO] - Waypoint 2/49 reached
2026-01-12 00:59:29 - DroneController - [INFO] - Sending waypoint: (22.497801, 88.372336, 3.00)
2026-01-12 00:59:30 - DroneController - [INFO] - Waypoint 3/49 reached
2026-01-12 00:59:30 - DroneController - [INFO] - Sending waypoint: (22.497798, 88.372356, 3.00)
2026-01-12 00:59:32 - DroneController - [INFO] - Waypoint 4/49 reached
2026-01-12 00:59:32 - DroneController - [INFO] - Sending waypoint: (22.497803, 88.372379, 3.00)
2026-01-12 00:59:33 - DroneController - [INFO] - Waypoint 5/49 reached
2026-01-12 00:59:33 - DroneController - [INFO] - Sending waypoint: (22.497850, 88.372513, 3.00)
2026-01-12 00:59:36 - DroneController - [INFO] - Telemetry: 6769 msgs | GPS: (22.497816, 88.372418, 3.02m) | Battery: 96% | Mode: GUIDED
2026-01-12 00:59:37 - DroneController - [INFO] - Waypoint 6/49 reached
2026-01-12 00:59:37 - DroneController - [INFO] - Sending waypoint: (22.497860, 88.372531, 3.00)
2026-01-12 00:59:38 - DroneController - [INFO] - Waypoint 7/49 reached
2026-01-12 00:59:38 - DroneController - [INFO] - Sending waypoint: (22.497872, 88.372541, 3.00)
2026-01-12 00:59:39 - DroneController - [INFO] - Waypoint 8/49 reached
2026-01-12 00:59:39 - DroneController - [INFO] - Sending waypoint: (22.497887, 88.372544, 3.00)
2026-01-12 00:59:39 - DroneController - [INFO] - Waypoint 9/49 reached
2026-01-12 00:59:39 - DroneController - [INFO] - Sending waypoint: (22.497905, 88.372540, 3.00)
2026-01-12 00:59:40 - DroneController - [INFO] - Waypoint 10/49 reached
2026-01-12 00:59:40 - DroneController - [INFO] - Sending waypoint: (22.497985, 88.372507, 3.00)
2026-01-12 00:59:43 - DroneController - [INFO] - Waypoint 11/49 reached
2026-01-12 00:59:43 - DroneController - [INFO] - Sending waypoint: (22.498002, 88.372497, 3.00)
2026-01-12 00:59:44 - DroneController - [INFO] - Waypoint 12/49 reached
2026-01-12 00:59:44 - DroneController - [INFO] - Sending waypoint: (22.498012, 88.372484, 3.00)
2026-01-12 00:59:44 - DroneController - [INFO] - Waypoint 13/49 reached
2026-01-12 00:59:44 - DroneController - [INFO] - Sending waypoint: (22.498017, 88.372467, 3.00)
2026-01-12 00:59:45 - DroneController - [INFO] - Waypoint 14/49 reached
2026-01-12 00:59:45 - DroneController - [INFO] - Sending waypoint: (22.498016, 88.372446, 3.00)
2026-01-12 00:59:46 - DroneController - [INFO] - Telemetry: 7970 msgs | GPS: (22.498013, 88.372481, 3.00m) | Battery: 94% | Mode: GUIDED
2026-01-12 00:59:46 - DroneController - [INFO] - Waypoint 15/49 reached
2026-01-12 00:59:46 - DroneController - [INFO] - Sending waypoint: (22.497990, 88.372315, 3.00)
2026-01-12 00:59:50 - DroneController - [INFO] - Waypoint 16/49 reached
2026-01-12 00:59:50 - DroneController - [INFO] - Sending waypoint: (22.497983, 88.372292, 3.00)
2026-01-12 00:59:50 - DroneController - [INFO] - Waypoint 17/49 reached
2026-01-12 00:59:50 - DroneController - [INFO] - Sending waypoint: (22.497970, 88.372278, 3.00)
2026-01-12 00:59:51 - DroneController - [INFO] - Waypoint 18/49 reached
2026-01-12 00:59:51 - DroneController - [INFO] - Sending waypoint: (22.497953, 88.372273, 3.00)
2026-01-12 00:59:52 - DroneController - [INFO] - Waypoint 19/49 reached
2026-01-12 00:59:52 - DroneController - [INFO] - Sending waypoint: (22.497931, 88.372277, 3.00)
2026-01-12 00:59:53 - DroneController - [INFO] - Waypoint 20/49 reached
2026-01-12 00:59:53 - DroneController - [INFO] - Sending waypoint: (22.497857, 88.372340, 3.00)
2026-01-12 00:59:56 - DroneController - [INFO] - Telemetry: 9183 msgs | GPS: (22.497890, 88.372310, 3.01m) | Battery: 91% | Mode: GUIDED
2026-01-12 00:59:56 - DroneController - [INFO] - Waypoint 21/49 reached
2026-01-12 00:59:56 - DroneController - [INFO] - Sending waypoint: (22.497840, 88.372351, 3.00)
2026-01-12 00:59:57 - DroneController - [INFO] - Waypoint 22/49 reached
2026-01-12 00:59:57 - DroneController - [INFO] - Sending waypoint: (22.497833, 88.372367, 3.00)
2026-01-12 00:59:58 - DroneController - [INFO] - Waypoint 23/49 reached
2026-01-12 00:59:58 - DroneController - [INFO] - Sending waypoint: (22.497836, 88.372388, 3.00)
2026-01-12 00:59:58 - DroneController - [INFO] - Waypoint 24/49 reached
2026-01-12 00:59:58 - DroneController - [INFO] - Sending waypoint: (22.497870, 88.372481, 3.00)
2026-01-12 01:00:01 - DroneController - [INFO] - Waypoint 25/49 reached
2026-01-12 01:00:01 - DroneController - [INFO] - Sending waypoint: (22.497879, 88.372496, 3.00)
2026-01-12 01:00:02 - DroneController - [INFO] - Waypoint 26/49 reached
2026-01-12 01:00:02 - DroneController - [INFO] - Sending waypoint: (22.497891, 88.372501, 3.00)
2026-01-12 01:00:03 - DroneController - [INFO] - Waypoint 27/49 reached
2026-01-12 01:00:03 - DroneController - [INFO] - Sending waypoint: (22.497907, 88.372498, 3.00)
2026-01-12 01:00:03 - DroneController - [INFO] - Waypoint 28/49 reached
2026-01-12 01:00:03 - DroneController - [INFO] - Sending waypoint: (22.497961, 88.372475, 3.00)
2026-01-12 01:00:06 - DroneController - [INFO] - Telemetry: 10418 msgs | GPS: (22.497935, 88.372488, 3.00m) | Battery: 89% | Mode: GUIDED
2026-01-12 01:00:06 - DroneController - [INFO] - Waypoint 29/49 reached
2026-01-12 01:00:06 - DroneController - [INFO] - Sending waypoint: (22.497975, 88.372465, 3.00)
2026-01-12 01:00:06 - DroneController - [INFO] - Waypoint 30/49 reached
2026-01-12 01:00:06 - DroneController - [INFO] - Sending waypoint: (22.497982, 88.372451, 3.00)
2026-01-12 01:00:07 - DroneController - [INFO] - Waypoint 31/49 reached
2026-01-12 01:00:07 - DroneController - [INFO] - Sending waypoint: (22.497982, 88.372433, 3.00)
2026-01-12 01:00:08 - DroneController - [INFO] - Waypoint 32/49 reached
2026-01-12 01:00:08 - DroneController - [INFO] - Sending waypoint: (22.497967, 88.372343, 3.00)
2026-01-12 01:00:11 - DroneController - [INFO] - Waypoint 33/49 reached
2026-01-12 01:00:11 - DroneController - [INFO] - Sending waypoint: (22.497959, 88.372323, 3.00)
2026-01-12 01:00:11 - DroneController - [INFO] - Waypoint 34/49 reached
2026-01-12 01:00:11 - DroneController - [INFO] - Sending waypoint: (22.497946, 88.372314, 3.00)
2026-01-12 01:00:12 - DroneController - [INFO] - Waypoint 35/49 reached
2026-01-12 01:00:12 - DroneController - [INFO] - Sending waypoint: (22.497926, 88.372316, 3.00)
2026-01-12 01:00:13 - DroneController - [INFO] - Waypoint 36/49 reached
2026-01-12 01:00:13 - DroneController - [INFO] - Sending waypoint: (22.497882, 88.372369, 3.00)
2026-01-12 01:00:15 - DroneController - [INFO] - Waypoint 37/49 reached
2026-01-12 01:00:15 - DroneController - [INFO] - Sending waypoint: (22.497869, 88.372380, 3.00)
2026-01-12 01:00:16 - DroneController - [INFO] - Telemetry: 11654 msgs | GPS: (22.497899, 88.372347, 3.00m) | Battery: 87% | Mode: GUIDED
2026-01-12 01:00:16 - DroneController - [INFO] - Waypoint 38/49 reached
2026-01-12 01:00:16 - DroneController - [INFO] - Sending waypoint: (22.497870, 88.372397, 3.00)
2026-01-12 01:00:17 - DroneController - [INFO] - Waypoint 39/49 reached
2026-01-12 01:00:17 - DroneController - [INFO] - Sending waypoint: (22.497890, 88.372449, 3.00)
2026-01-12 01:00:19 - DroneController - [INFO] - Waypoint 40/49 reached
2026-01-12 01:00:19 - DroneController - [INFO] - Sending waypoint: (22.497898, 88.372458, 3.00)
2026-01-12 01:00:19 - DroneController - [INFO] - Waypoint 41/49 reached
2026-01-12 01:00:19 - DroneController - [INFO] - Sending waypoint: (22.497909, 88.372457, 3.00)
2026-01-12 01:00:20 - DroneController - [INFO] - Waypoint 42/49 reached
2026-01-12 01:00:20 - DroneController - [INFO] - Sending waypoint: (22.497937, 88.372443, 3.00)
2026-01-12 01:00:21 - DroneController - [INFO] - Waypoint 43/49 reached
2026-01-12 01:00:21 - DroneController - [INFO] - Sending waypoint: (22.497946, 88.372434, 3.00)
2026-01-12 01:00:22 - DroneController - [INFO] - Waypoint 44/49 reached
2026-01-12 01:00:22 - DroneController - [INFO] - Sending waypoint: (22.497949, 88.372420, 3.00)
2026-01-12 01:00:22 - DroneController - [INFO] - Waypoint 45/49 reached
2026-01-12 01:00:22 - DroneController - [INFO] - Sending waypoint: (22.497943, 88.372370, 3.00)
2026-01-12 01:00:24 - DroneController - [INFO] - Waypoint 46/49 reached
2026-01-12 01:00:24 - DroneController - [INFO] - Sending waypoint: (22.497936, 88.372355, 3.00)
2026-01-12 01:00:25 - DroneController - [INFO] - Waypoint 47/49 reached
2026-01-12 01:00:25 - DroneController - [INFO] - Sending waypoint: (22.497921, 88.372355, 3.00)
2026-01-12 01:00:25 - DroneController - [INFO] - Waypoint 48/49 reached
2026-01-12 01:00:25 - DroneController - [INFO] - Sending waypoint: (22.497914, 88.372409, 3.00)
2026-01-12 01:00:26 - DroneController - [INFO] - Telemetry: 12887 msgs | GPS: (22.497940, 88.372366, 3.00m) | Battery: 84% | Mode: GUIDED
2026-01-12 01:00:28 - DroneController - [INFO] - Waypoint 49/49 reached
2026-01-12 01:00:28 - DroneController - [INFO] - All waypoints reached, returning to home and landing
2026-01-12 01:00:28 - DroneController - [INFO] - Returning to home and landing
2026-01-12 01:00:28 - DroneController - [INFO] - Sending waypoint: (22.497750, 88.372470, 3.00)
2026-01-12 01:00:31 - DroneController - [CRITICAL] - EMERGENCY STOP
2026-01-12 01:00:34 - DroneController - [INFO] - Reached home position, initiating landing
2026-01-12 01:00:36 - DroneController - [INFO] - Telemetry: 14120 msgs | GPS: (22.497746, 88.372472, 3.00m) | Battery: 82% | Mode: GUIDED
2026-01-12 01:00:36 - DroneController - [INFO] - State transition: MISSION_ACTIVE -> LANDING
2026-01-12 01:00:36 - DroneController - [INFO] - Setting mode to LAND (attempt 1)
2026-01-12 01:00:37 - DroneController - [INFO] - Mode changed to LAND
2026-01-12 01:00:37 - DroneController - [INFO] - Landing in progress
2026-01-12 01:00:37 - DroneController - [INFO] - Landing command sent
2026-01-12 01:00:41 - DroneController - [INFO] - Stopping controller...
2026-01-12 01:00:41 - DroneController - [INFO] - Heartbeat monitor stopped
2026-01-12 01:00:41 - DroneController - [INFO] - Telemetry loop stopped. Total messages: 14751
2026-01-12 01:00:41 - DroneController - [INFO] - Message type distribution: {'AHRS': 499, 'AHRS2': 498, 'ATTITUDE': 498, 'BATTERY_STATUS': 498, 'COMMAND_ACK': 4, 'EKF_STATUS_REPORT': 498, 'ESC_TELEMETRY_1_TO_4': 498, 'ESC_TELEMETRY_5_TO_8': 498, 'EXTENDED_SYS_STATE': 89, 'FENCE_STATUS': 204, 'GLOBAL_POSITION_INT': 498, 'GPS_GLOBAL_ORIGIN': 1, 'GPS_RAW_INT': 498, 'HEARTBEAT': 90, 'HOME_POSITION': 90, 'LOCAL_POSITION_NED': 498, 'MEMINFO': 498, 'MISSION_CURRENT': 498, 'NAV_CONTROLLER_OUTPUT': 498, 'PARAM_VALUE': 13, 'POSITION_TARGET_GLOBAL_INT': 284, 'POWER_STATUS': 498, 'RAW_IMU': 498, 'RC_CHANNELS': 498, 'SCALED_IMU2': 498, 'SCALED_IMU3': 498, 'SCALED_PRESSURE': 498, 'SCALED_PRESSURE2': 498, 'SERVO_OUTPUT_RAW': 498, 'SIMSTATE': 498, 'STATUSTEXT': 3, 'SYSTEM_TIME': 498, 'SYS_STATUS': 498, 'TERRAIN_REPORT': 498, 'TERRAIN_REQUEST': 1, 'TIMESYNC': 9, 'UNKNOWN_437': 18, 'VFR_HUD': 498, 'VIBRATION': 498, 'WIND': 498}
2026-01-12 01:00:41 - DroneController - [INFO] - Command processor stopped
2026-01-12 01:00:42 - DroneController - [INFO] - Mission controller stopped
2026-01-12 01:00:42 - DroneController - [INFO] - Controller stopped
2026-01-13 22:06:32 - DroneController - [INFO] - Mission planner initialized with KML: /Users/trishit_debsharma/Documents/Code/NIDAR/NIDAR/scan_drone/data/JUxs.kml
2026-01-13 22:06:32 - DroneController - [INFO] - DroneController initialized
2026-01-13 22:06:32 - DroneController - [INFO] - Geofence mode: polygon
2026-01-13 22:06:32 - DroneController - [INFO] - Connecting to 127.0.0.1:14551
2026-01-13 22:06:32 - DroneController - [INFO] - Connection attempt 1/3...
2026-01-13 22:06:32 - DroneController - [INFO] - Waiting for heartbeat...
2026-01-13 22:06:32 - DroneController - [INFO] - Heartbeat from system 1, component 0
2026-01-13 22:06:32 - DroneController - [INFO] - Requesting data streams...
2026-01-13 22:06:32 - DroneController - [INFO] - Verifying data stream...
2026-01-13 22:06:32 - DroneController - [INFO] - Verifying data stream reception...
2026-01-13 22:06:33 - DroneController - [INFO] - ✓ All critical data streams verified
2026-01-13 22:06:33 - DroneController - [INFO] - Waiting for data streams to initialize...
2026-01-13 22:06:34 - DroneController - [CRITICAL] - EMERGENCY STOP
2026-01-13 22:06:35 - DroneController - [INFO] - Stopping controller...
2026-01-13 22:06:35 - DroneController - [INFO] - Controller stopped
2026-01-13 22:06:45 - DroneController - [INFO] - Mission planner initialized with KML: /Users/trishit_debsharma/Documents/Code/NIDAR/NIDAR/scan_drone/data/GBU_4corners.kml
2026-01-13 22:06:45 - DroneController - [INFO] - DroneController initialized
2026-01-13 22:06:45 - DroneController - [INFO] - Geofence mode: polygon
2026-01-13 22:06:45 - DroneController - [INFO] - Connecting to 127.0.0.1:14551
2026-01-13 22:06:45 - DroneController - [INFO] - Connection attempt 1/3...
2026-01-13 22:06:45 - DroneController - [INFO] - Waiting for heartbeat...
2026-01-13 22:06:46 - DroneController - [INFO] - Heartbeat from system 1, component 0
2026-01-13 22:06:46 - DroneController - [INFO] - Requesting data streams...
2026-01-13 22:06:46 - DroneController - [INFO] - Verifying data stream...
2026-01-13 22:06:46 - DroneController - [INFO] - Verifying data stream reception...
2026-01-13 22:06:47 - DroneController - [INFO] - ✓ All critical data streams verified
2026-01-13 22:06:47 - DroneController - [INFO] - Waiting for data streams to initialize...
2026-01-13 22:06:50 - DroneController - [INFO] - State transition: DISCONNECTED -> CONNECTED
2026-01-13 22:06:50 - DroneController - [INFO] - Telemetry log initialized: telemetry/telemetry_20260113_220650.csv
2026-01-13 22:06:50 - DroneController - [INFO] - ✓ Connection established and verified
2026-01-13 22:06:50 - DroneController - [INFO] - Telemetry loop started
2026-01-13 22:06:50 - DroneController - [INFO] - Heartbeat monitor started
2026-01-13 22:06:50 - DroneController - [INFO] - ✓ First telemetry message received
2026-01-13 22:06:50 - DroneController - [INFO] - Command processor started
2026-01-13 22:06:50 - DroneController - [INFO] - Mission controller started
2026-01-13 22:06:50 - DroneController - [INFO] - All threads started
2026-01-13 22:06:50 - DroneController - [INFO] - State transition: CONNECTED -> IDLE
2026-01-13 22:06:55 - DroneController - [INFO] - Loading mission with 268 points
2026-01-13 22:06:55 - DroneController - [INFO] - Starting and home position: lat=28.424320, lon=77.527280
2026-01-13 22:06:55 - DroneController - [INFO] - Mission validated: 268 waypoints
2026-01-13 22:06:55 - DroneController - [INFO] - Starting arm and takeoff to 3.0m
2026-01-13 22:06:55 - DroneController - [INFO] - Using polygon geofence from KML
2026-01-13 22:06:55 - DroneController - [INFO] - Setting mode to GUIDED (attempt 1)
2026-01-13 22:06:56 - DroneController - [INFO] - Mode changed to GUIDED
2026-01-13 22:06:56 - DroneController - [INFO] - State transition: IDLE -> ARMING
2026-01-13 22:06:56 - DroneController - [INFO] - Waiting for drone to become armable...
2026-01-13 22:06:56 - DroneController - [INFO] - ✓ Drone is armable
2026-01-13 22:06:56 - DroneController - [INFO] - Arming attempt 1/3
2026-01-13 22:06:56 - DroneController - [INFO] - Armed successfully
2026-01-13 22:06:56 - DroneController - [INFO] - State transition: ARMING -> ARMED
2026-01-13 22:06:58 - DroneController - [INFO] - State transition: ARMED -> TAKING_OFF
2026-01-13 22:06:58 - DroneController - [INFO] - Takeoff attempt 1/3
2026-01-13 22:06:58 - DroneController - [INFO] - Takeoff command accepted
2026-01-13 22:07:00 - DroneController - [INFO] - Telemetry: 2403 msgs | GPS: (28.424320, 77.527280, 0.06m) | Battery: 99% | Mode: GUIDED
2026-01-13 22:07:02 - DroneController - [INFO] - Target altitude reached: 2.83m
2026-01-13 22:07:02 - DroneController - [INFO] - Arm and takeoff complete
2026-01-13 22:07:02 - DroneController - [INFO] - State transition: TAKING_OFF -> ARMED
2026-01-13 22:07:02 - DroneController - [INFO] - Starting mission with 268 waypoints
2026-01-13 22:07:02 - DroneController - [INFO] - State transition: ARMED -> MISSION_ACTIVE
2026-01-13 22:07:02 - DroneController - [INFO] - Sending waypoint: (28.424299, 77.527050, 3.00)
2026-01-13 22:07:08 - DroneController - [INFO] - Waypoint 1/268 reached
2026-01-13 22:07:08 - DroneController - [INFO] - Sending waypoint: (28.424281, 77.527044, 3.00)
2026-01-13 22:07:08 - DroneController - [INFO] - Waypoint 2/268 reached
2026-01-13 22:07:08 - DroneController - [INFO] - Sending waypoint: (28.424264, 77.527039, 3.00)
2026-01-13 22:07:09 - DroneController - [INFO] - Waypoint 3/268 reached
2026-01-13 22:07:09 - DroneController - [INFO] - Sending waypoint: (28.424246, 77.527036, 3.00)
2026-01-13 22:07:10 - DroneController - [INFO] - Telemetry: 3587 msgs | GPS: (28.424282, 77.527039, 3.01m) | Battery: 97% | Mode: GUIDED
2026-01-13 22:07:10 - DroneController - [INFO] - Waypoint 4/268 reached
2026-01-13 22:07:10 - DroneController - [INFO] - Sending waypoint: (28.424228, 77.527033, 3.00)
2026-01-13 22:07:11 - DroneController - [INFO] - Waypoint 5/268 reached
2026-01-13 22:07:11 - DroneController - [INFO] - Sending waypoint: (28.424210, 77.527032, 3.00)
2026-01-13 22:07:12 - DroneController - [INFO] - Waypoint 6/268 reached
2026-01-13 22:07:12 - DroneController - [INFO] - Sending waypoint: (28.424193, 77.527032, 3.00)
2026-01-13 22:07:13 - DroneController - [INFO] - Waypoint 7/268 reached
2026-01-13 22:07:13 - DroneController - [INFO] - Sending waypoint: (28.424175, 77.527033, 3.00)
2026-01-13 22:07:13 - DroneController - [INFO] - Waypoint 8/268 reached
2026-01-13 22:07:13 - DroneController - [INFO] - Sending waypoint: (28.424157, 77.527035, 3.00)
2026-01-13 22:07:14 - DroneController - [INFO] - Waypoint 9/268 reached
2026-01-13 22:07:14 - DroneController - [INFO] - Sending waypoint: (28.424140, 77.527039, 3.00)
2026-01-13 22:07:15 - DroneController - [INFO] - Waypoint 10/268 reached
2026-01-13 22:07:15 - DroneController - [INFO] - Sending waypoint: (28.424123, 77.527043, 3.00)
2026-01-13 22:07:16 - DroneController - [INFO] - Waypoint 11/268 reached
2026-01-13 22:07:16 - DroneController - [INFO] - Sending waypoint: (28.424105, 77.527049, 3.00)
2026-01-13 22:07:16 - DroneController - [INFO] - Waypoint 12/268 reached
2026-01-13 22:07:16 - DroneController - [INFO] - Sending waypoint: (28.424088, 77.527056, 3.00)
2026-01-13 22:07:17 - DroneController - [INFO] - Waypoint 13/268 reached
2026-01-13 22:07:17 - DroneController - [INFO] - Sending waypoint: (28.424071, 77.527064, 3.00)
2026-01-13 22:07:18 - DroneController - [INFO] - Waypoint 14/268 reached
2026-01-13 22:07:18 - DroneController - [INFO] - Sending waypoint: (28.423832, 77.527185, 3.00)
2026-01-13 22:07:20 - DroneController - [INFO] - Telemetry: 4780 msgs | GPS: (28.424053, 77.527072, 3.00m) | Battery: 94% | Mode: GUIDED
2026-01-13 22:07:24 - DroneController - [INFO] - Waypoint 15/268 reached
2026-01-13 22:07:24 - DroneController - [INFO] - Sending waypoint: (28.423800, 77.527204, 3.00)
2026-01-13 22:07:25 - DroneController - [INFO] - Waypoint 16/268 reached
2026-01-13 22:07:25 - DroneController - [INFO] - Sending waypoint: (28.423780, 77.527224, 3.00)
2026-01-13 22:07:26 - DroneController - [INFO] - Waypoint 17/268 reached
2026-01-13 22:07:26 - DroneController - [INFO] - Sending waypoint: (28.423774, 77.527244, 3.00)
2026-01-13 22:07:27 - DroneController - [INFO] - Waypoint 18/268 reached
2026-01-13 22:07:27 - DroneController - [INFO] - Sending waypoint: (28.423780, 77.527265, 3.00)
2026-01-13 22:07:28 - DroneController - [INFO] - Waypoint 19/268 reached
2026-01-13 22:07:28 - DroneController - [INFO] - Sending waypoint: (28.423799, 77.527285, 3.00)
2026-01-13 22:07:29 - DroneController - [INFO] - Waypoint 20/268 reached
2026-01-13 22:07:29 - DroneController - [INFO] - Sending waypoint: (28.423831, 77.527306, 3.00)
2026-01-13 22:07:30 - DroneController - [INFO] - Telemetry: 5977 msgs | GPS: (28.423788, 77.527276, 3.00m) | Battery: 92% | Mode: GUIDED
2026-01-13 22:07:31 - DroneController - [INFO] - Waypoint 21/268 reached
2026-01-13 22:07:31 - DroneController - [INFO] - Sending waypoint: (28.424633, 77.527738, 3.00)
2026-01-13 22:07:40 - DroneController - [INFO] - Telemetry: 7170 msgs | GPS: (28.424396, 77.527611, 3.03m) | Battery: 90% | Mode: GUIDED
2026-01-13 22:07:44 - DroneController - [INFO] - Waypoint 22/268 reached
2026-01-13 22:07:44 - DroneController - [INFO] - Sending waypoint: (28.424662, 77.527752, 3.00)
2026-01-13 22:07:45 - DroneController - [INFO] - Waypoint 23/268 reached
2026-01-13 22:07:45 - DroneController - [INFO] - Sending waypoint: (28.424687, 77.527758, 3.00)
2026-01-13 22:07:46 - DroneController - [INFO] - Waypoint 24/268 reached
2026-01-13 22:07:46 - DroneController - [INFO] - Sending waypoint: (28.424707, 77.527758, 3.00)
2026-01-13 22:07:47 - DroneController - [INFO] - Waypoint 25/268 reached
2026-01-13 22:07:47 - DroneController - [INFO] - Sending waypoint: (28.424722, 77.527750, 3.00)
2026-01-13 22:07:47 - DroneController - [INFO] - Waypoint 26/268 reached
2026-01-13 22:07:47 - DroneController - [INFO] - Sending waypoint: (28.424732, 77.527736, 3.00)
2026-01-13 22:07:48 - DroneController - [INFO] - Waypoint 27/268 reached
2026-01-13 22:07:48 - DroneController - [INFO] - Sending waypoint: (28.424737, 77.527714, 3.00)
2026-01-13 22:07:49 - DroneController - [INFO] - Waypoint 28/268 reached
2026-01-13 22:07:49 - DroneController - [INFO] - Sending waypoint: (28.424737, 77.527685, 3.00)
2026-01-13 22:07:50 - DroneController - [INFO] - Telemetry: 8363 msgs | GPS: (28.424735, 77.527728, 3.00m) | Battery: 87% | Mode: GUIDED
2026-01-13 22:07:50 - DroneController - [INFO] - Waypoint 29/268 reached
2026-01-13 22:07:50 - DroneController - [INFO] - Sending waypoint: (28.424733, 77.527649, 3.00)
2026-01-13 22:07:52 - DroneController - [INFO] - Waypoint 30/268 reached
2026-01-13 22:07:52 - DroneController - [INFO] - Sending waypoint: (28.424674, 77.527313, 3.00)
2026-01-13 22:07:58 - DroneController - [INFO] - Waypoint 31/268 reached
2026-01-13 22:07:58 - DroneController - [INFO] - Sending waypoint: (28.424669, 77.527291, 3.00)
2026-01-13 22:07:59 - DroneController - [INFO] - Waypoint 32/268 reached
2026-01-13 22:07:59 - DroneController - [INFO] - Sending waypoint: (28.424663, 77.527270, 3.00)
2026-01-13 22:07:59 - DroneController - [INFO] - Waypoint 33/268 reached
2026-01-13 22:07:59 - DroneController - [INFO] - Sending waypoint: (28.424656, 77.527251, 3.00)
2026-01-13 22:08:00 - DroneController - [INFO] - Telemetry: 9559 msgs | GPS: (28.424669, 77.527291, 3.00m) | Battery: 85% | Mode: GUIDED
2026-01-13 22:08:00 - DroneController - [INFO] - Waypoint 34/268 reached
2026-01-13 22:08:00 - DroneController - [INFO] - Sending waypoint: (28.424647, 77.527233, 3.00)
2026-01-13 22:08:01 - DroneController - [INFO] - Waypoint 35/268 reached
2026-01-13 22:08:01 - DroneController - [INFO] - Sending waypoint: (28.424638, 77.527216, 3.00)
2026-01-13 22:08:02 - DroneController - [INFO] - Waypoint 36/268 reached
2026-01-13 22:08:02 - DroneController - [INFO] - Sending waypoint: (28.424627, 77.527200, 3.00)
2026-01-13 22:08:02 - DroneController - [INFO] - Waypoint 37/268 reached
2026-01-13 22:08:02 - DroneController - [INFO] - Sending waypoint: (28.424614, 77.527186, 3.00)
2026-01-13 22:08:03 - DroneController - [INFO] - Waypoint 38/268 reached
2026-01-13 22:08:03 - DroneController - [INFO] - Sending waypoint: (28.424600, 77.527173, 3.00)
2026-01-13 22:08:04 - DroneController - [INFO] - Waypoint 39/268 reached
2026-01-13 22:08:04 - DroneController - [INFO] - Sending waypoint: (28.424586, 77.527161, 3.00)
2026-01-13 22:08:05 - DroneController - [INFO] - Waypoint 40/268 reached
2026-01-13 22:08:05 - DroneController - [INFO] - Sending waypoint: (28.424569, 77.527151, 3.00)
2026-01-13 22:08:06 - DroneController - [INFO] - Waypoint 41/268 reached
2026-01-13 22:08:06 - DroneController - [INFO] - Sending waypoint: (28.424552, 77.527142, 3.00)
2026-01-13 22:08:06 - DroneController - [INFO] - Waypoint 42/268 reached
2026-01-13 22:08:06 - DroneController - [INFO] - Sending waypoint: (28.424533, 77.527134, 3.00)
2026-01-13 22:08:08 - DroneController - [INFO] - Waypoint 43/268 reached
2026-01-13 22:08:08 - DroneController - [INFO] - Sending waypoint: (28.424305, 77.527088, 3.00)
2026-01-13 22:08:10 - DroneController - [INFO] - Telemetry: 10753 msgs | GPS: (28.424480, 77.527122, 3.00m) | Battery: 82% | Mode: GUIDED
2026-01-13 22:08:13 - DroneController - [INFO] - Waypoint 44/268 reached
2026-01-13 22:08:13 - DroneController - [INFO] - Sending waypoint: (28.424288, 77.527082, 3.00)
2026-01-13 22:08:14 - DroneController - [INFO] - Waypoint 45/268 reached
2026-01-13 22:08:14 - DroneController - [INFO] - Sending waypoint: (28.424271, 77.527078, 3.00)
2026-01-13 22:08:14 - DroneController - [INFO] - Waypoint 46/268 reached
2026-01-13 22:08:14 - DroneController - [INFO] - Sending waypoint: (28.424255, 77.527075, 3.00)
2026-01-13 22:08:15 - DroneController - [INFO] - Waypoint 47/268 reached
2026-01-13 22:08:15 - DroneController - [INFO] - Sending waypoint: (28.424238, 77.527073, 3.00)
2026-01-13 22:08:16 - DroneController - [INFO] - Waypoint 48/268 reached
2026-01-13 22:08:16 - DroneController - [INFO] - Sending waypoint: (28.424221, 77.527072, 3.00)
2026-01-13 22:08:17 - DroneController - [INFO] - Waypoint 49/268 reached
2026-01-13 22:08:17 - DroneController - [INFO] - Sending waypoint: (28.424205, 77.527072, 3.00)
2026-01-13 22:08:17 - DroneController - [INFO] - Waypoint 50/268 reached
2026-01-13 22:08:17 - DroneController - [INFO] - Sending waypoint: (28.424188, 77.527073, 3.00)
2026-01-13 22:08:18 - DroneController - [INFO] - Waypoint 51/268 reached
2026-01-13 22:08:18 - DroneController - [INFO] - Sending waypoint: (28.424172, 77.527076, 3.00)
2026-01-13 22:08:19 - DroneController - [INFO] - Waypoint 52/268 reached
2026-01-13 22:08:19 - DroneController - [INFO] - Sending waypoint: (28.424155, 77.527079, 3.00)
2026-01-13 22:08:20 - DroneController - [INFO] - Waypoint 53/268 reached
2026-01-13 22:08:20 - DroneController - [INFO] - Sending waypoint: (28.424139, 77.527084, 3.00)
2026-01-13 22:08:20 - DroneController - [INFO] - Telemetry: 11946 msgs | GPS: (28.424173, 77.527075, 3.00m) | Battery: 80% | Mode: GUIDED
2026-01-13 22:08:20 - DroneController - [INFO] - Waypoint 54/268 reached
2026-01-13 22:08:20 - DroneController - [INFO] - Sending waypoint: (28.424122, 77.527089, 3.00)
2026-01-13 22:08:21 - DroneController - [INFO] - Waypoint 55/268 reached
2026-01-13 22:08:21 - DroneController - [INFO] - Sending waypoint: (28.424106, 77.527096, 3.00)
2026-01-13 22:08:22 - DroneController - [INFO] - Waypoint 56/268 reached
2026-01-13 22:08:22 - DroneController - [INFO] - Sending waypoint: (28.423871, 77.527199, 3.00)
2026-01-13 22:08:27 - DroneController - [INFO] - Waypoint 57/268 reached
2026-01-13 22:08:27 - DroneController - [INFO] - Sending waypoint: (28.423840, 77.527216, 3.00)
2026-01-13 22:08:28 - DroneController - [INFO] - Waypoint 58/268 reached
2026-01-13 22:08:28 - DroneController - [INFO] - Sending waypoint: (28.423822, 77.527233, 3.00)
2026-01-13 22:08:30 - DroneController - [INFO] - Waypoint 59/268 reached
2026-01-13 22:08:30 - DroneController - [INFO] - Sending waypoint: (28.423815, 77.527251, 3.00)
2026-01-13 22:08:30 - DroneController - [INFO] - Telemetry: 13142 msgs | GPS: (28.423836, 77.527220, 3.00m) | Battery: 78% | Mode: GUIDED
2026-01-13 22:08:30 - DroneController - [INFO] - Waypoint 60/268 reached
2026-01-13 22:08:30 - DroneController - [INFO] - Sending waypoint: (28.423820, 77.527269, 3.00)
2026-01-13 22:08:31 - DroneController - [INFO] - Waypoint 61/268 reached
2026-01-13 22:08:31 - DroneController - [INFO] - Sending waypoint: (28.423838, 77.527287, 3.00)
2026-01-13 22:08:32 - DroneController - [INFO] - Waypoint 62/268 reached
2026-01-13 22:08:32 - DroneController - [INFO] - Sending waypoint: (28.423868, 77.527306, 3.00)
2026-01-13 22:08:33 - DroneController - [INFO] - Waypoint 63/268 reached
2026-01-13 22:08:33 - DroneController - [INFO] - Sending waypoint: (28.424611, 77.527707, 3.00)
2026-01-13 22:08:40 - DroneController - [INFO] - Telemetry: 14335 msgs | GPS: (28.424213, 77.527493, 3.00m) | Battery: 75% | Mode: GUIDED
2026-01-13 22:08:46 - DroneController - [INFO] - Waypoint 64/268 reached
2026-01-13 22:08:46 - DroneController - [INFO] - Sending waypoint: (28.424642, 77.527721, 3.00)
2026-01-13 22:08:47 - DroneController - [INFO] - Waypoint 65/268 reached
2026-01-13 22:08:47 - DroneController - [INFO] - Sending waypoint: (28.424666, 77.527726, 3.00)
2026-01-13 22:08:48 - DroneController - [INFO] - Waypoint 66/268 reached
2026-01-13 22:08:48 - DroneController - [INFO] - Sending waypoint: (28.424685, 77.527723, 3.00)
2026-01-13 22:08:49 - DroneController - [INFO] - Waypoint 67/268 reached
2026-01-13 22:08:49 - DroneController - [INFO] - Sending waypoint: (28.424697, 77.527712, 3.00)
2026-01-13 22:08:50 - DroneController - [INFO] - Waypoint 68/268 reached
2026-01-13 22:08:50 - DroneController - [INFO] - Sending waypoint: (28.424704, 77.527692, 3.00)
2026-01-13 22:08:50 - DroneController - [INFO] - Telemetry: 15528 msgs | GPS: (28.424683, 77.527723, 3.00m) | Battery: 73% | Mode: GUIDED
2026-01-13 22:08:50 - DroneController - [INFO] - Waypoint 69/268 reached
2026-01-13 22:08:50 - DroneController - [INFO] - Sending waypoint: (28.424704, 77.527663, 3.00)
2026-01-13 22:08:51 - DroneController - [INFO] - Waypoint 70/268 reached
2026-01-13 22:08:51 - DroneController - [INFO] - Sending waypoint: (28.424699, 77.527626, 3.00)
2026-01-13 22:08:53 - DroneController - [INFO] - Waypoint 71/268 reached
2026-01-13 22:08:53 - DroneController - [INFO] - Sending waypoint: (28.424632, 77.527310, 3.00)
2026-01-13 22:08:59 - DroneController - [INFO] - Waypoint 72/268 reached
2026-01-13 22:08:59 - DroneController - [INFO] - Sending waypoint: (28.424627, 77.527290, 3.00)
2026-01-13 22:09:00 - DroneController - [INFO] - Waypoint 73/268 reached
2026-01-13 22:09:00 - DroneController - [INFO] - Sending waypoint: (28.424621, 77.527271, 3.00)
2026-01-13 22:09:00 - DroneController - [INFO] - Telemetry: 16724 msgs | GPS: (28.424634, 77.527319, 2.99m) | Battery: 70% | Mode: GUIDED
2026-01-13 22:09:00 - DroneController - [INFO] - Waypoint 74/268 reached
2026-01-13 22:09:00 - DroneController - [INFO] - Sending waypoint: (28.424613, 77.527253, 3.00)
2026-01-13 22:09:01 - DroneController - [INFO] - Waypoint 75/268 reached
2026-01-13 22:09:01 - DroneController - [INFO] - Sending waypoint: (28.424604, 77.527236, 3.00)
2026-01-13 22:09:02 - DroneController - [INFO] - Waypoint 76/268 reached
2026-01-13 22:09:02 - DroneController - [INFO] - Sending waypoint: (28.424594, 77.527221, 3.00)
2026-01-13 22:09:03 - DroneController - [INFO] - Waypoint 77/268 reached
2026-01-13 22:09:03 - DroneController - [INFO] - Sending waypoint: (28.424582, 77.527207, 3.00)
2026-01-13 22:09:03 - DroneController - [INFO] - Waypoint 78/268 reached
2026-01-13 22:09:03 - DroneController - [INFO] - Sending waypoint: (28.424570, 77.527195, 3.00)
2026-01-13 22:09:04 - DroneController - [INFO] - Waypoint 79/268 reached
2026-01-13 22:09:04 - DroneController - [INFO] - Sending waypoint: (28.424556, 77.527184, 3.00)
2026-01-13 22:09:05 - DroneController - [INFO] - Waypoint 80/268 reached
2026-01-13 22:09:05 - DroneController - [INFO] - Sending waypoint: (28.424541, 77.527174, 3.00)
2026-01-13 22:09:06 - DroneController - [INFO] - Waypoint 81/268 reached
2026-01-13 22:09:06 - DroneController - [INFO] - Sending waypoint: (28.424524, 77.527166, 3.00)
2026-01-13 22:09:06 - DroneController - [INFO] - Waypoint 82/268 reached
2026-01-13 22:09:06 - DroneController - [INFO] - Sending waypoint: (28.424507, 77.527158, 3.00)
2026-01-13 22:09:07 - DroneController - [INFO] - Waypoint 83/268 reached
2026-01-13 22:09:07 - DroneController - [INFO] - Sending waypoint: (28.424311, 77.527126, 3.00)
2026-01-13 22:09:10 - DroneController - [INFO] - Telemetry: 17918 msgs | GPS: (28.424439, 77.527147, 3.01m) | Battery: 68% | Mode: GUIDED
2026-01-13 22:09:12 - DroneController - [INFO] - Waypoint 84/268 reached
2026-01-13 22:09:12 - DroneController - [INFO] - Sending waypoint: (28.424294, 77.527121, 3.00)
2026-01-13 22:09:13 - DroneController - [INFO] - Waypoint 85/268 reached
2026-01-13 22:09:13 - DroneController - [INFO] - Sending waypoint: (28.424277, 77.527117, 3.00)
2026-01-13 22:09:13 - DroneController - [INFO] - Waypoint 86/268 reached
2026-01-13 22:09:13 - DroneController - [INFO] - Sending waypoint: (28.424260, 77.527114, 3.00)
2026-01-13 22:09:14 - DroneController - [INFO] - Waypoint 87/268 reached
2026-01-13 22:09:14 - DroneController - [INFO] - Sending waypoint: (28.424243, 77.527112, 3.00)
2026-01-13 22:09:15 - DroneController - [INFO] - Waypoint 88/268 reached
2026-01-13 22:09:15 - DroneController - [INFO] - Sending waypoint: (28.424226, 77.527112, 3.00)
2026-01-13 22:09:16 - DroneController - [INFO] - Waypoint 89/268 reached
2026-01-13 22:09:16 - DroneController - [INFO] - Sending waypoint: (28.424209, 77.527113, 3.00)
2026-01-13 22:09:16 - DroneController - [INFO] - Waypoint 90/268 reached
2026-01-13 22:09:16 - DroneController - [INFO] - Sending waypoint: (28.424192, 77.527115, 3.00)
2026-01-13 22:09:17 - DroneController - [INFO] - Waypoint 91/268 reached
2026-01-13 22:09:17 - DroneController - [INFO] - Sending waypoint: (28.424175, 77.527118, 3.00)
2026-01-13 22:09:18 - DroneController - [INFO] - Waypoint 92/268 reached
2026-01-13 22:09:18 - DroneController - [INFO] - Sending waypoint: (28.424158, 77.527123, 3.00)
2026-01-13 22:09:19 - DroneController - [INFO] - Waypoint 93/268 reached
2026-01-13 22:09:19 - DroneController - [INFO] - Sending waypoint: (28.424142, 77.527128, 3.00)
2026-01-13 22:09:20 - DroneController - [INFO] - Waypoint 94/268 reached
2026-01-13 22:09:20 - DroneController - [INFO] - Sending waypoint: (28.423910, 77.527214, 3.00)
2026-01-13 22:09:20 - DroneController - [INFO] - Telemetry: 19110 msgs | GPS: (28.424160, 77.527122, 3.00m) | Battery: 65% | Mode: GUIDED
2026-01-13 22:09:25 - DroneController - [INFO] - Waypoint 95/268 reached
2026-01-13 22:09:25 - DroneController - [INFO] - Sending waypoint: (28.423876, 77.527230, 3.00)
2026-01-13 22:09:26 - DroneController - [INFO] - Waypoint 96/268 reached
2026-01-13 22:09:26 - DroneController - [INFO] - Sending waypoint: (28.423859, 77.527248, 3.00)
2026-01-13 22:09:27 - DroneController - [INFO] - Waypoint 97/268 reached
2026-01-13 22:09:27 - DroneController - [INFO] - Sending waypoint: (28.423858, 77.527266, 3.00)
2026-01-13 22:09:28 - DroneController - [INFO] - Waypoint 98/268 reached
2026-01-13 22:09:28 - DroneController - [INFO] - Sending waypoint: (28.423873, 77.527286, 3.00)
2026-01-13 22:09:29 - DroneController - [INFO] - Waypoint 99/268 reached
2026-01-13 22:09:29 - DroneController - [INFO] - Sending waypoint: (28.423905, 77.527307, 3.00)
2026-01-13 22:09:30 - DroneController - [INFO] - Telemetry: 20306 msgs | GPS: (28.423870, 77.527282, 3.00m) | Battery: 63% | Mode: GUIDED
2026-01-13 22:09:31 - DroneController - [INFO] - Waypoint 100/268 reached
2026-01-13 22:09:31 - DroneController - [INFO] - Sending waypoint: (28.424589, 77.527676, 3.00)
2026-01-13 22:09:40 - DroneController - [INFO] - Telemetry: 21499 msgs | GPS: (28.424458, 77.527605, 3.00m) | Battery: 61% | Mode: GUIDED
2026-01-13 22:09:42 - DroneController - [INFO] - Waypoint 101/268 reached
2026-01-13 22:09:42 - DroneController - [INFO] - Sending waypoint: (28.424621, 77.527690, 3.00)
2026-01-13 22:09:44 - DroneController - [INFO] - Waypoint 102/268 reached
2026-01-13 22:09:44 - DroneController - [INFO] - Sending waypoint: (28.424646, 77.527694, 3.00)
2026-01-13 22:09:45 - DroneController - [INFO] - Waypoint 103/268 reached
2026-01-13 22:09:45 - DroneController - [INFO] - Sending waypoint: (28.424662, 77.527687, 3.00)
2026-01-13 22:09:45 - DroneController - [INFO] - Waypoint 104/268 reached
2026-01-13 22:09:45 - DroneController - [INFO] - Sending waypoint: (28.424671, 77.527670, 3.00)
2026-01-13 22:09:46 - DroneController - [INFO] - Waypoint 105/268 reached
2026-01-13 22:09:46 - DroneController - [INFO] - Sending waypoint: (28.424671, 77.527642, 3.00)
2026-01-13 22:09:47 - DroneController - [INFO] - Waypoint 106/268 reached
2026-01-13 22:09:47 - DroneController - [INFO] - Sending waypoint: (28.424664, 77.527603, 3.00)
2026-01-13 22:09:49 - DroneController - [INFO] - Waypoint 107/268 reached
2026-01-13 22:09:49 - DroneController - [INFO] - Sending waypoint: (28.424590, 77.527308, 3.00)
2026-01-13 22:09:50 - DroneController - [INFO] - Telemetry: 22693 msgs | GPS: (28.424666, 77.527603, 2.99m) | Battery: 58% | Mode: GUIDED
2026-01-13 22:09:55 - DroneController - [INFO] - Waypoint 108/268 reached
2026-01-13 22:09:55 - DroneController - [INFO] - Sending waypoint: (28.424583, 77.527287, 3.00)
2026-01-13 22:09:55 - DroneController - [INFO] - Waypoint 109/268 reached
2026-01-13 22:09:55 - DroneController - [INFO] - Sending waypoint: (28.424576, 77.527268, 3.00)
2026-01-13 22:09:56 - DroneController - [INFO] - Waypoint 110/268 reached
2026-01-13 22:09:56 - DroneController - [INFO] - Sending waypoint: (28.424567, 77.527251, 3.00)
2026-01-13 22:09:57 - DroneController - [INFO] - Waypoint 111/268 reached
2026-01-13 22:09:57 - DroneController - [INFO] - Sending waypoint: (28.424556, 77.527235, 3.00)
2026-01-13 22:09:58 - DroneController - [INFO] - Waypoint 112/268 reached
2026-01-13 22:09:58 - DroneController - [INFO] - Sending waypoint: (28.424544, 77.527221, 3.00)
2026-01-13 22:09:58 - DroneController - [INFO] - Waypoint 113/268 reached
2026-01-13 22:09:58 - DroneController - [INFO] - Sending waypoint: (28.424530, 77.527209, 3.00)
2026-01-13 22:09:59 - DroneController - [INFO] - Waypoint 114/268 reached
2026-01-13 22:09:59 - DroneController - [INFO] - Sending waypoint: (28.424515, 77.527199, 3.00)
2026-01-13 22:10:00 - DroneController - [INFO] - Telemetry: 23888 msgs | GPS: (28.424541, 77.527218, 3.00m) | Battery: 56% | Mode: GUIDED
2026-01-13 22:10:00 - DroneController - [INFO] - Waypoint 115/268 reached
2026-01-13 22:10:00 - DroneController - [INFO] - Sending waypoint: (28.424498, 77.527190, 3.00)
2026-01-13 22:10:01 - DroneController - [INFO] - Waypoint 116/268 reached
2026-01-13 22:10:01 - DroneController - [INFO] - Sending waypoint: (28.424480, 77.527183, 3.00)
2026-01-13 22:10:02 - DroneController - [INFO] - Waypoint 117/268 reached
2026-01-13 22:10:02 - DroneController - [INFO] - Sending waypoint: (28.424316, 77.527164, 3.00)
2026-01-13 22:10:06 - DroneController - [INFO] - Waypoint 118/268 reached
2026-01-13 22:10:06 - DroneController - [INFO] - Sending waypoint: (28.424299, 77.527159, 3.00)
2026-01-13 22:10:07 - DroneController - [INFO] - Waypoint 119/268 reached
2026-01-13 22:10:07 - DroneController - [INFO] - Sending waypoint: (28.424282, 77.527156, 3.00)
2026-01-13 22:10:08 - DroneController - [INFO] - Waypoint 120/268 reached
2026-01-13 22:10:08 - DroneController - [INFO] - Sending waypoint: (28.424264, 77.527153, 3.00)
2026-01-13 22:10:08 - DroneController - [INFO] - Waypoint 121/268 reached
2026-01-13 22:10:08 - DroneController - [INFO] - Sending waypoint: (28.424247, 77.527153, 3.00)
2026-01-13 22:10:09 - DroneController - [INFO] - Waypoint 122/268 reached
2026-01-13 22:10:09 - DroneController - [INFO] - Sending waypoint: (28.424230, 77.527153, 3.00)
2026-01-13 22:10:10 - DroneController - [INFO] - Waypoint 123/268 reached
2026-01-13 22:10:10 - DroneController - [INFO] - Sending waypoint: (28.424213, 77.527155, 3.00)
2026-01-13 22:10:10 - DroneController - [INFO] - Telemetry: 25081 msgs | GPS: (28.424255, 77.527153, 3.00m) | Battery: 53% | Mode: GUIDED
2026-01-13 22:10:11 - DroneController - [INFO] - Waypoint 124/268 reached
2026-01-13 22:10:11 - DroneController - [INFO] - Sending waypoint: (28.424195, 77.527158, 3.00)
2026-01-13 22:10:11 - DroneController - [INFO] - Waypoint 125/268 reached
2026-01-13 22:10:11 - DroneController - [INFO] - Sending waypoint: (28.424178, 77.527162, 3.00)
2026-01-13 22:10:12 - DroneController - [INFO] - Waypoint 126/268 reached
2026-01-13 22:10:12 - DroneController - [INFO] - Sending waypoint: (28.423949, 77.527229, 3.00)
2026-01-13 22:10:17 - DroneController - [INFO] - Waypoint 127/268 reached
2026-01-13 22:10:17 - DroneController - [INFO] - Sending waypoint: (28.423912, 77.527245, 3.00)
2026-01-13 22:10:19 - DroneController - [INFO] - Waypoint 128/268 reached
2026-01-13 22:10:19 - DroneController - [INFO] - Sending waypoint: (28.423898, 77.527263, 3.00)
2026-01-13 22:10:19 - DroneController - [INFO] - Waypoint 129/268 reached
2026-01-13 22:10:19 - DroneController - [INFO] - Sending waypoint: (28.423908, 77.527284, 3.00)
2026-01-13 22:10:20 - DroneController - [INFO] - Telemetry: 26274 msgs | GPS: (28.423912, 77.527247, 3.00m) | Battery: 51% | Mode: GUIDED
2026-01-13 22:10:20 - DroneController - [INFO] - Waypoint 130/268 reached
2026-01-13 22:10:20 - DroneController - [INFO] - Sending waypoint: (28.423943, 77.527308, 3.00)
2026-01-13 22:10:22 - DroneController - [INFO] - Waypoint 131/268 reached
2026-01-13 22:10:22 - DroneController - [INFO] - Sending waypoint: (28.424567, 77.527645, 3.00)
2026-01-13 22:10:30 - DroneController - [INFO] - Telemetry: 27470 msgs | GPS: (28.424371, 77.527539, 3.01m) | Battery: 48% | Mode: GUIDED
2026-01-13 22:10:33 - DroneController - [INFO] - Waypoint 132/268 reached
2026-01-13 22:10:33 - DroneController - [INFO] - Sending waypoint: (28.424601, 77.527659, 3.00)
2026-01-13 22:10:35 - DroneController - [INFO] - Waypoint 133/268 reached
2026-01-13 22:10:35 - DroneController - [INFO] - Sending waypoint: (28.424624, 77.527660, 3.00)
2026-01-13 22:10:35 - DroneController - [INFO] - Waypoint 134/268 reached
2026-01-13 22:10:35 - DroneController - [INFO] - Sending waypoint: (28.424637, 77.527647, 3.00)
2026-01-13 22:10:36 - DroneController - [INFO] - Waypoint 135/268 reached
2026-01-13 22:10:36 - DroneController - [INFO] - Sending waypoint: (28.424639, 77.527621, 3.00)
2026-01-13 22:10:37 - DroneController - [INFO] - Waypoint 136/268 reached
2026-01-13 22:10:37 - DroneController - [INFO] - Sending waypoint: (28.424630, 77.527580, 3.00)
2026-01-13 22:10:39 - DroneController - [INFO] - Waypoint 137/268 reached
2026-01-13 22:10:39 - DroneController - [INFO] - Sending waypoint: (28.424546, 77.527305, 3.00)
2026-01-13 22:10:40 - DroneController - [INFO] - Telemetry: 28663 msgs | GPS: (28.424632, 77.527582, 2.99m) | Battery: 46% | Mode: GUIDED
2026-01-13 22:10:45 - DroneController - [INFO] - Waypoint 138/268 reached
2026-01-13 22:10:45 - DroneController - [INFO] - Sending waypoint: (28.424540, 77.527287, 3.00)
2026-01-13 22:10:45 - DroneController - [INFO] - Waypoint 139/268 reached
2026-01-13 22:10:45 - DroneController - [INFO] - Sending waypoint: (28.424532, 77.527270, 3.00)
2026-01-13 22:10:46 - DroneController - [INFO] - Waypoint 140/268 reached
2026-01-13 22:10:46 - DroneController - [INFO] - Sending waypoint: (28.424522, 77.527255, 3.00)
2026-01-13 22:10:47 - DroneController - [INFO] - Waypoint 141/268 reached
2026-01-13 22:10:47 - DroneController - [INFO] - Sending waypoint: (28.424511, 77.527242, 3.00)
2026-01-13 22:10:47 - DroneController - [INFO] - Waypoint 142/268 reached
2026-01-13 22:10:47 - DroneController - [INFO] - Sending waypoint: (28.424499, 77.527231, 3.00)
2026-01-13 22:10:48 - DroneController - [INFO] - Waypoint 143/268 reached
2026-01-13 22:10:48 - DroneController - [INFO] - Sending waypoint: (28.424485, 77.527221, 3.00)
2026-01-13 22:10:49 - DroneController - [INFO] - Waypoint 144/268 reached
2026-01-13 22:10:49 - DroneController - [INFO] - Sending waypoint: (28.424470, 77.527213, 3.00)
2026-01-13 22:10:50 - DroneController - [INFO] - Waypoint 145/268 reached
2026-01-13 22:10:50 - DroneController - [INFO] - Sending waypoint: (28.424454, 77.527207, 3.00)
2026-01-13 22:10:50 - DroneController - [INFO] - Telemetry: 29858 msgs | GPS: (28.424487, 77.527221, 3.00m) | Battery: 44% | Mode: GUIDED
2026-01-13 22:10:50 - DroneController - [INFO] - Waypoint 146/268 reached
2026-01-13 22:10:50 - DroneController - [INFO] - Sending waypoint: (28.424322, 77.527202, 3.00)
2026-01-13 22:10:54 - DroneController - [INFO] - Waypoint 147/268 reached
2026-01-13 22:10:54 - DroneController - [INFO] - Sending waypoint: (28.424304, 77.527198, 3.00)
2026-01-13 22:10:55 - DroneController - [INFO] - Waypoint 148/268 reached
2026-01-13 22:10:55 - DroneController - [INFO] - Sending waypoint: (28.424286, 77.527195, 3.00)
2026-01-13 22:10:56 - DroneController - [INFO] - Waypoint 149/268 reached
2026-01-13 22:10:56 - DroneController - [INFO] - Sending waypoint: (28.424269, 77.527193, 3.00)
2026-01-13 22:10:56 - DroneController - [INFO] - Waypoint 150/268 reached
2026-01-13 22:10:56 - DroneController - [INFO] - Sending waypoint: (28.424251, 77.527193, 3.00)
2026-01-13 22:10:57 - DroneController - [INFO] - Waypoint 151/268 reached
2026-01-13 22:10:57 - DroneController - [INFO] - Sending waypoint: (28.424233, 77.527195, 3.00)
2026-01-13 22:10:58 - DroneController - [INFO] - Waypoint 152/268 reached
2026-01-13 22:10:58 - DroneController - [INFO] - Sending waypoint: (28.424215, 77.527198, 3.00)
2026-01-13 22:10:59 - DroneController - [INFO] - Waypoint 153/268 reached
2026-01-13 22:10:59 - DroneController - [INFO] - Sending waypoint: (28.423988, 77.527244, 3.00)
2026-01-13 22:11:00 - DroneController - [INFO] - Telemetry: 31052 msgs | GPS: (28.424206, 77.527199, 3.00m) | Battery: 41% | Mode: GUIDED
2026-01-13 22:11:04 - DroneController - [INFO] - Waypoint 154/268 reached
2026-01-13 22:11:04 - DroneController - [INFO] - Sending waypoint: (28.423953, 77.527255, 3.00)
2026-01-13 22:11:05 - DroneController - [INFO] - Waypoint 155/268 reached
2026-01-13 22:11:05 - DroneController - [INFO] - Sending waypoint: (28.423940, 77.527269, 3.00)
2026-01-13 22:11:06 - DroneController - [INFO] - Waypoint 156/268 reached
2026-01-13 22:11:06 - DroneController - [INFO] - Sending waypoint: (28.423949, 77.527287, 3.00)
2026-01-13 22:11:06 - DroneController - [INFO] - Waypoint 157/268 reached
2026-01-13 22:11:06 - DroneController - [INFO] - Sending waypoint: (28.423981, 77.527309, 3.00)
2026-01-13 22:11:08 - DroneController - [INFO] - Waypoint 158/268 reached
2026-01-13 22:11:08 - DroneController - [INFO] - Sending waypoint: (28.424545, 77.527613, 3.00)
2026-01-13 22:11:10 - DroneController - [INFO] - Telemetry: 32245 msgs | GPS: (28.423994, 77.527318, 3.00m) | Battery: 39% | Mode: GUIDED
2026-01-13 22:11:19 - DroneController - [INFO] - Waypoint 159/268 reached
2026-01-13 22:11:19 - DroneController - [INFO] - Sending waypoint: (28.424581, 77.527628, 3.00)
2026-01-13 22:11:20 - DroneController - [INFO] - Waypoint 160/268 reached
2026-01-13 22:11:20 - DroneController - [INFO] - Sending waypoint: (28.424602, 77.527623, 3.00)
2026-01-13 22:11:20 - DroneController - [INFO] - Telemetry: 33438 msgs | GPS: (28.424556, 77.527618, 2.99m) | Battery: 36% | Mode: GUIDED
2026-01-13 22:11:21 - DroneController - [INFO] - Waypoint 161/268 reached
2026-01-13 22:11:21 - DroneController - [INFO] - Sending waypoint: (28.424607, 77.527600, 3.00)
2026-01-13 22:11:21 - DroneController - [INFO] - Waypoint 162/268 reached
2026-01-13 22:11:21 - DroneController - [INFO] - Sending waypoint: (28.424596, 77.527558, 3.00)
2026-01-13 22:11:23 - DroneController - [INFO] - Waypoint 163/268 reached
2026-01-13 22:11:23 - DroneController - [INFO] - Sending waypoint: (28.424502, 77.527303, 3.00)
2026-01-13 22:11:29 - DroneController - [INFO] - Waypoint 164/268 reached
2026-01-13 22:11:29 - DroneController - [INFO] - Sending waypoint: (28.424494, 77.527285, 3.00)
2026-01-13 22:11:30 - DroneController - [INFO] - Waypoint 165/268 reached
2026-01-13 22:11:30 - DroneController - [INFO] - Sending waypoint: (28.424484, 77.527270, 3.00)
2026-01-13 22:11:30 - DroneController - [INFO] - Telemetry: 34634 msgs | GPS: (28.424500, 77.527300, 2.99m) | Battery: 34% | Mode: GUIDED
2026-01-13 22:11:30 - DroneController - [INFO] - Waypoint 166/268 reached
2026-01-13 22:11:30 - DroneController - [INFO] - Sending waypoint: (28.424473, 77.527256, 3.00)
2026-01-13 22:11:31 - DroneController - [INFO] - Waypoint 167/268 reached
2026-01-13 22:11:31 - DroneController - [INFO] - Sending waypoint: (28.424459, 77.527246, 3.00)
2026-01-13 22:11:32 - DroneController - [INFO] - Waypoint 168/268 reached
2026-01-13 22:11:32 - DroneController - [INFO] - Sending waypoint: (28.424444, 77.527237, 3.00)
2026-01-13 22:11:32 - DroneController - [INFO] - Waypoint 169/268 reached
2026-01-13 22:11:32 - DroneController - [INFO] - Sending waypoint: (28.424428, 77.527231, 3.00)
2026-01-13 22:11:33 - DroneController - [INFO] - Waypoint 170/268 reached
2026-01-13 22:11:33 - DroneController - [INFO] - Sending waypoint: (28.424327, 77.527240, 3.00)
2026-01-13 22:11:36 - DroneController - [INFO] - Waypoint 171/268 reached
2026-01-13 22:11:36 - DroneController - [INFO] - Sending waypoint: (28.424312, 77.527237, 3.00)
2026-01-13 22:11:37 - DroneController - [INFO] - Waypoint 172/268 reached
2026-01-13 22:11:37 - DroneController - [INFO] - Sending waypoint: (28.424298, 77.527235, 3.00)
2026-01-13 22:11:38 - DroneController - [INFO] - Waypoint 173/268 reached
2026-01-13 22:11:38 - DroneController - [INFO] - Sending waypoint: (28.424283, 77.527235, 3.00)
2026-01-13 22:11:38 - DroneController - [INFO] - Waypoint 174/268 reached
2026-01-13 22:11:38 - DroneController - [INFO] - Sending waypoint: (28.424268, 77.527235, 3.00)
2026-01-13 22:11:39 - DroneController - [INFO] - Waypoint 175/268 reached
2026-01-13 22:11:39 - DroneController - [INFO] - Sending waypoint: (28.424253, 77.527236, 3.00)
2026-01-13 22:11:40 - DroneController - [INFO] - Waypoint 176/268 reached
2026-01-13 22:11:40 - DroneController - [INFO] - Sending waypoint: (28.424027, 77.527258, 3.00)
2026-01-13 22:11:40 - DroneController - [INFO] - Telemetry: 35827 msgs | GPS: (28.424270, 77.527235, 3.00m) | Battery: 32% | Mode: GUIDED
2026-01-13 22:11:45 - DroneController - [INFO] - Waypoint 177/268 reached
2026-01-13 22:11:45 - DroneController - [INFO] - Sending waypoint: (28.423987, 77.527268, 3.00)
2026-01-13 22:11:46 - DroneController - [INFO] - Waypoint 178/268 reached
2026-01-13 22:11:46 - DroneController - [INFO] - Sending waypoint: (28.423985, 77.527285, 3.00)
2026-01-13 22:11:47 - DroneController - [INFO] - Waypoint 179/268 reached
2026-01-13 22:11:47 - DroneController - [INFO] - Sending waypoint: (28.424019, 77.527310, 3.00)
2026-01-13 22:11:49 - DroneController - [INFO] - Waypoint 180/268 reached
2026-01-13 22:11:49 - DroneController - [INFO] - Sending waypoint: (28.424522, 77.527581, 3.00)
2026-01-13 22:11:50 - DroneController - [INFO] - Telemetry: 37020 msgs | GPS: (28.424018, 77.527309, 2.99m) | Battery: 29% | Mode: GUIDED
2026-01-13 22:11:58 - DroneController - [INFO] - Waypoint 181/268 reached
2026-01-13 22:11:58 - DroneController - [INFO] - Sending waypoint: (28.424554, 77.527595, 3.00)
2026-01-13 22:12:00 - DroneController - [INFO] - Waypoint 182/268 reached
2026-01-13 22:12:00 - DroneController - [INFO] - Sending waypoint: (28.424572, 77.527592, 3.00)
2026-01-13 22:12:00 - DroneController - [INFO] - Telemetry: 38213 msgs | GPS: (28.424539, 77.527589, 2.99m) | Battery: 27% | Mode: GUIDED
2026-01-13 22:12:00 - DroneController - [INFO] - Waypoint 183/268 reached
2026-01-13 22:12:00 - DroneController - [INFO] - Sending waypoint: (28.424574, 77.527571, 3.00)
2026-01-13 22:12:01 - DroneController - [INFO] - Waypoint 184/268 reached
2026-01-13 22:12:01 - DroneController - [INFO] - Sending waypoint: (28.424561, 77.527535, 3.00)
2026-01-13 22:12:03 - DroneController - [INFO] - Waypoint 185/268 reached
2026-01-13 22:12:03 - DroneController - [INFO] - Sending waypoint: (28.424455, 77.527301, 3.00)
2026-01-13 22:12:08 - DroneController - [INFO] - Waypoint 186/268 reached
2026-01-13 22:12:08 - DroneController - [INFO] - Sending waypoint: (28.424446, 77.527284, 3.00)
2026-01-13 22:12:09 - DroneController - [INFO] - Waypoint 187/268 reached
2026-01-13 22:12:09 - DroneController - [INFO] - Sending waypoint: (28.424433, 77.527271, 3.00)
2026-01-13 22:12:10 - DroneController - [INFO] - Waypoint 188/268 reached
2026-01-13 22:12:10 - DroneController - [INFO] - Sending waypoint: (28.424418, 77.527261, 3.00)
2026-01-13 22:12:10 - DroneController - [INFO] - Telemetry: 39412 msgs | GPS: (28.424442, 77.527281, 2.99m) | Battery: 24% | Mode: GUIDED
2026-01-13 22:12:10 - DroneController - [INFO] - Waypoint 189/268 reached
2026-01-13 22:12:10 - DroneController - [INFO] - Sending waypoint: (28.424401, 77.527255, 3.00)
2026-01-13 22:12:11 - DroneController - [INFO] - Waypoint 190/268 reached
2026-01-13 22:12:11 - DroneController - [INFO] - Sending waypoint: (28.424333, 77.527278, 3.00)
2026-01-13 22:12:14 - DroneController - [INFO] - Waypoint 191/268 reached
2026-01-13 22:12:14 - DroneController - [INFO] - Sending waypoint: (28.424319, 77.527277, 3.00)
2026-01-13 22:12:14 - DroneController - [INFO] - Waypoint 192/268 reached
2026-01-13 22:12:14 - DroneController - [INFO] - Sending waypoint: (28.424305, 77.527277, 3.00)
2026-01-13 22:12:15 - DroneController - [INFO] - Waypoint 193/268 reached
2026-01-13 22:12:15 - DroneController - [INFO] - Sending waypoint: (28.424291, 77.527276, 3.00)
2026-01-13 22:12:15 - DroneController - [INFO] - Waypoint 194/268 reached
2026-01-13 22:12:15 - DroneController - [INFO] - Sending waypoint: (28.424066, 77.527273, 3.00)
2026-01-13 22:12:20 - DroneController - [INFO] - Telemetry: 40602 msgs | GPS: (28.424116, 77.527274, 2.99m) | Battery: 22% | Mode: GUIDED
2026-01-13 22:12:21 - DroneController - [INFO] - Waypoint 195/268 reached
2026-01-13 22:12:21 - DroneController - [INFO] - Sending waypoint: (28.424023, 77.527282, 3.00)
2026-01-13 22:12:22 - DroneController - [INFO] - Waypoint 196/268 reached
2026-01-13 22:12:22 - DroneController - [INFO] - Sending waypoint: (28.424058, 77.527312, 3.00)
2026-01-13 22:12:24 - DroneController - [INFO] - Waypoint 197/268 reached
2026-01-13 22:12:24 - DroneController - [INFO] - Sending waypoint: (28.424498, 77.527549, 3.00)
2026-01-13 22:12:30 - DroneController - [INFO] - Telemetry: 41800 msgs | GPS: (28.424344, 77.527467, 3.01m) | Battery: 19% | Mode: GUIDED
2026-01-13 22:12:33 - DroneController - [INFO] - Waypoint 198/268 reached
2026-01-13 22:12:33 - DroneController - [INFO] - Sending waypoint: (28.424534, 77.527563, 3.00)
2026-01-13 22:12:34 - DroneController - [INFO] - Waypoint 199/268 reached
2026-01-13 22:12:34 - DroneController - [INFO] - Sending waypoint: (28.424543, 77.527550, 3.00)
2026-01-13 22:12:35 - DroneController - [INFO] - Waypoint 200/268 reached
2026-01-13 22:12:35 - DroneController - [INFO] - Sending waypoint: (28.424527, 77.527512, 3.00)
2026-01-13 22:12:37 - DroneController - [INFO] - Waypoint 201/268 reached
2026-01-13 22:12:37 - DroneController - [INFO] - Sending waypoint: (28.424407, 77.527301, 3.00)
2026-01-13 22:12:40 - DroneController - [INFO] - Telemetry: 42991 msgs | GPS: (28.424475, 77.527417, 3.01m) | Battery: 17% | Mode: GUIDED
2026-01-13 22:12:42 - DroneController - [INFO] - Waypoint 202/268 reached
2026-01-13 22:12:42 - DroneController - [INFO] - Sending waypoint: (28.424399, 77.527289, 3.00)
2026-01-13 22:12:43 - DroneController - [INFO] - Waypoint 203/268 reached
2026-01-13 22:12:43 - DroneController - [INFO] - Sending waypoint: (28.424388, 77.527282, 3.00)
2026-01-13 22:12:43 - DroneController - [INFO] - Waypoint 204/268 reached
2026-01-13 22:12:43 - DroneController - [INFO] - Sending waypoint: (28.424375, 77.527280, 3.00)
2026-01-13 22:12:44 - DroneController - [INFO] - Waypoint 205/268 reached
2026-01-13 22:12:44 - DroneController - [INFO] - Sending waypoint: (28.424334, 77.527306, 3.00)
2026-01-13 22:12:46 - DroneController - [INFO] - Waypoint 206/268 reached
2026-01-13 22:12:46 - DroneController - [INFO] - Sending waypoint: (28.424320, 77.527308, 3.00)
2026-01-13 22:12:46 - DroneController - [INFO] - Waypoint 207/268 reached
2026-01-13 22:12:46 - DroneController - [INFO] - Sending waypoint: (28.424104, 77.527285, 3.00)
2026-01-13 22:12:50 - DroneController - [INFO] - Telemetry: 44184 msgs | GPS: (28.424184, 77.527293, 3.00m) | Battery: 15% | Mode: GUIDED
2026-01-13 22:12:51 - DroneController - [INFO] - Waypoint 208/268 reached
2026-01-13 22:12:51 - DroneController - [INFO] - Sending waypoint: (28.424065, 77.527288, 3.00)
2026-01-13 22:12:53 - DroneController - [INFO] - Waypoint 209/268 reached
2026-01-13 22:12:53 - DroneController - [INFO] - Sending waypoint: (28.424097, 77.527313, 3.00)
2026-01-13 22:12:53 - DroneController - [INFO] - Waypoint 210/268 reached
2026-01-13 22:12:53 - DroneController - [INFO] - Sending waypoint: (28.424474, 77.527517, 3.00)
2026-01-13 22:13:00 - DroneController - [INFO] - Telemetry: 45377 msgs | GPS: (28.424337, 77.527442, 3.00m) | Battery: 12% | Mode: GUIDED
2026-01-13 22:13:02 - DroneController - [INFO] - Waypoint 211/268 reached
2026-01-13 22:13:02 - DroneController - [INFO] - Sending waypoint: (28.424511, 77.527528, 3.00)
2026-01-13 22:13:04 - DroneController - [INFO] - Waypoint 212/268 reached
2026-01-13 22:13:04 - DroneController - [INFO] - Sending waypoint: (28.424493, 77.527489, 3.00)
2026-01-13 22:13:06 - DroneController - [INFO] - Waypoint 213/268 reached
2026-01-13 22:13:06 - DroneController - [INFO] - Sending waypoint: (28.424358, 77.527304, 3.00)
2026-01-13 22:13:10 - DroneController - [INFO] - Telemetry: 46573 msgs | GPS: (28.424402, 77.527363, 2.99m) | Battery: 10% | Mode: GUIDED
2026-01-13 22:13:11 - DroneController - [INFO] - Waypoint 214/268 reached
2026-01-13 22:13:11 - DroneController - [INFO] - Sending waypoint: (28.424347, 77.527300, 3.00)
2026-01-13 22:13:11 - DroneController - [INFO] - Waypoint 215/268 reached
2026-01-13 22:13:11 - DroneController - [INFO] - Sending waypoint: (28.424327, 77.527309, 3.00)
2026-01-13 22:13:12 - DroneController - [INFO] - Waypoint 216/268 reached
2026-01-13 22:13:12 - DroneController - [INFO] - Sending waypoint: (28.424327, 77.527309, 3.00)
2026-01-13 22:13:12 - DroneController - [INFO] - Waypoint 217/268 reached
2026-01-13 22:13:12 - DroneController - [INFO] - Sending waypoint: (28.424137, 77.527288, 3.00)
2026-01-13 22:13:17 - DroneController - [INFO] - Waypoint 218/268 reached
2026-01-13 22:13:17 - DroneController - [INFO] - Sending waypoint: (28.424104, 77.527291, 3.00)
2026-01-13 22:13:18 - DroneController - [INFO] - Waypoint 219/268 reached
2026-01-13 22:13:18 - DroneController - [INFO] - Sending waypoint: (28.424131, 77.527313, 3.00)
2026-01-13 22:13:18 - DroneController - [INFO] - Waypoint 220/268 reached
2026-01-13 22:13:18 - DroneController - [INFO] - Sending waypoint: (28.424450, 77.527485, 3.00)
2026-01-13 22:13:20 - DroneController - [INFO] - Telemetry: 47766 msgs | GPS: (28.424109, 77.527293, 2.99m) | Battery: 7% | Mode: GUIDED
2026-01-13 22:13:27 - DroneController - [INFO] - Waypoint 221/268 reached
2026-01-13 22:13:27 - DroneController - [INFO] - Sending waypoint: (28.424482, 77.527495, 3.00)
2026-01-13 22:13:28 - DroneController - [INFO] - Waypoint 222/268 reached
2026-01-13 22:13:28 - DroneController - [INFO] - Sending waypoint: (28.424462, 77.527464, 3.00)
2026-01-13 22:13:28 - DroneController - [INFO] - Waypoint 223/268 reached
2026-01-13 22:13:28 - DroneController - [INFO] - Sending waypoint: (28.424327, 77.527309, 3.00)
2026-01-13 22:13:30 - DroneController - [INFO] - Telemetry: 48959 msgs | GPS: (28.424478, 77.527492, 2.99m) | Battery: 5% | Mode: GUIDED
2026-01-13 22:13:35 - DroneController - [INFO] - Waypoint 224/268 reached
2026-01-13 22:13:35 - DroneController - [INFO] - Sending waypoint: (28.424327, 77.527309, 3.00)
2026-01-13 22:13:35 - DroneController - [INFO] - Waypoint 225/268 reached
2026-01-13 22:13:35 - DroneController - [INFO] - Sending waypoint: (28.424327, 77.527309, 3.00)
2026-01-13 22:13:35 - DroneController - [INFO] - Waypoint 226/268 reached
2026-01-13 22:13:35 - DroneController - [INFO] - Sending waypoint: (28.424327, 77.527309, 3.00)
2026-01-13 22:13:35 - DroneController - [INFO] - Waypoint 227/268 reached
2026-01-13 22:13:35 - DroneController - [INFO] - Sending waypoint: (28.424171, 77.527292, 3.00)
2026-01-13 22:13:40 - DroneController - [INFO] - Waypoint 228/268 reached
2026-01-13 22:13:40 - DroneController - [INFO] - Sending waypoint: (28.424143, 77.527294, 3.00)
2026-01-13 22:13:40 - DroneController - [INFO] - Telemetry: 50155 msgs | GPS: (28.424185, 77.527292, 2.99m) | Battery: 2% | Mode: GUIDED
2026-01-13 22:13:41 - DroneController - [INFO] - Waypoint 229/268 reached
2026-01-13 22:13:41 - DroneController - [INFO] - Sending waypoint: (28.424166, 77.527312, 3.00)
2026-01-13 22:13:41 - DroneController - [INFO] - Waypoint 230/268 reached
2026-01-13 22:13:41 - DroneController - [INFO] - Sending waypoint: (28.424428, 77.527454, 3.00)
2026-01-13 22:13:48 - DroneController - [INFO] - Waypoint 231/268 reached
2026-01-13 22:13:48 - DroneController - [INFO] - Sending waypoint: (28.424455, 77.527463, 3.00)
2026-01-13 22:13:49 - DroneController - [INFO] - Waypoint 232/268 reached
2026-01-13 22:13:49 - DroneController - [INFO] - Sending waypoint: (28.424439, 77.527437, 3.00)
2026-01-13 22:13:49 - DroneController - [INFO] - Waypoint 233/268 reached
2026-01-13 22:13:49 - DroneController - [INFO] - Sending waypoint: (28.424327, 77.527309, 3.00)
2026-01-13 22:13:50 - DroneController - [INFO] - Telemetry: 51348 msgs | GPS: (28.424441, 77.527458, 2.99m) | Battery: 0% | Mode: GUIDED
2026-01-13 22:13:55 - DroneController - [INFO] - Waypoint 234/268 reached
2026-01-13 22:13:55 - DroneController - [INFO] - Sending waypoint: (28.424327, 77.527309, 3.00)
2026-01-13 22:13:55 - DroneController - [INFO] - Waypoint 235/268 reached
2026-01-13 22:13:55 - DroneController - [INFO] - Sending waypoint: (28.424327, 77.527309, 3.00)
2026-01-13 22:13:56 - DroneController - [INFO] - Waypoint 236/268 reached
2026-01-13 22:13:56 - DroneController - [INFO] - Sending waypoint: (28.424327, 77.527309, 3.00)
2026-01-13 22:13:56 - DroneController - [INFO] - Waypoint 237/268 reached
2026-01-13 22:13:56 - DroneController - [INFO] - Sending waypoint: (28.424204, 77.527296, 3.00)
2026-01-13 22:14:00 - DroneController - [INFO] - Waypoint 238/268 reached
2026-01-13 22:14:00 - DroneController - [INFO] - Sending waypoint: (28.424200, 77.527311, 3.00)
2026-01-13 22:14:00 - DroneController - [INFO] - Waypoint 239/268 reached
2026-01-13 22:14:00 - DroneController - [INFO] - Sending waypoint: (28.424407, 77.527423, 3.00)
2026-01-13 22:14:00 - DroneController - [INFO] - Telemetry: 52541 msgs | GPS: (28.424218, 77.527295, 2.99m) | Battery: 0% | Mode: GUIDED
2026-01-13 22:14:06 - DroneController - [INFO] - Waypoint 240/268 reached
2026-01-13 22:14:06 - DroneController - [INFO] - Sending waypoint: (28.424415, 77.527410, 3.00)
2026-01-13 22:14:07 - DroneController - [INFO] - Waypoint 241/268 reached
2026-01-13 22:14:07 - DroneController - [INFO] - Sending waypoint: (28.424327, 77.527309, 3.00)
2026-01-13 22:14:10 - DroneController - [INFO] - Telemetry: 53737 msgs | GPS: (28.424378, 77.527376, 3.00m) | Battery: 0% | Mode: GUIDED
2026-01-13 22:14:11 - DroneController - [INFO] - Waypoint 242/268 reached
2026-01-13 22:14:11 - DroneController - [INFO] - Sending waypoint: (28.424327, 77.527309, 3.00)
2026-01-13 22:14:11 - DroneController - [INFO] - Waypoint 243/268 reached
2026-01-13 22:14:11 - DroneController - [INFO] - Sending waypoint: (28.424327, 77.527309, 3.00)
2026-01-13 22:14:12 - DroneController - [INFO] - Waypoint 244/268 reached
2026-01-13 22:14:12 - DroneController - [INFO] - Sending waypoint: (28.424327, 77.527309, 3.00)
2026-01-13 22:14:12 - DroneController - [INFO] - Waypoint 245/268 reached
2026-01-13 22:14:12 - DroneController - [INFO] - Sending waypoint: (28.424238, 77.527299, 3.00)
2026-01-13 22:14:15 - DroneController - [INFO] - Waypoint 246/268 reached
2026-01-13 22:14:15 - DroneController - [INFO] - Sending waypoint: (28.424235, 77.527311, 3.00)
2026-01-13 22:14:15 - DroneController - [INFO] - Waypoint 247/268 reached
2026-01-13 22:14:15 - DroneController - [INFO] - Sending waypoint: (28.424385, 77.527392, 3.00)
2026-01-13 22:14:20 - DroneController - [INFO] - Telemetry: 54930 msgs | GPS: (28.424348, 77.527371, 2.99m) | Battery: 0% | Mode: GUIDED
2026-01-13 22:14:20 - DroneController - [INFO] - Waypoint 248/268 reached
2026-01-13 22:14:20 - DroneController - [INFO] - Sending waypoint: (28.424391, 77.527382, 3.00)
2026-01-13 22:14:21 - DroneController - [INFO] - Waypoint 249/268 reached
2026-01-13 22:14:21 - DroneController - [INFO] - Sending waypoint: (28.424327, 77.527309, 3.00)
2026-01-13 22:14:25 - DroneController - [INFO] - Waypoint 250/268 reached
2026-01-13 22:14:25 - DroneController - [INFO] - Sending waypoint: (28.424327, 77.527309, 3.00)
2026-01-13 22:14:25 - DroneController - [INFO] - Waypoint 251/268 reached
2026-01-13 22:14:25 - DroneController - [INFO] - Sending waypoint: (28.424327, 77.527309, 3.00)
2026-01-13 22:14:25 - DroneController - [INFO] - Waypoint 252/268 reached
2026-01-13 22:14:25 - DroneController - [INFO] - Sending waypoint: (28.424327, 77.527309, 3.00)
2026-01-13 22:14:25 - DroneController - [INFO] - Waypoint 253/268 reached
2026-01-13 22:14:25 - DroneController - [INFO] - Sending waypoint: (28.424271, 77.527303, 3.00)
2026-01-13 22:14:27 - DroneController - [INFO] - Waypoint 254/268 reached
2026-01-13 22:14:27 - DroneController - [INFO] - Sending waypoint: (28.424270, 77.527310, 3.00)
2026-01-13 22:14:27 - DroneController - [INFO] - Waypoint 255/268 reached
2026-01-13 22:14:27 - DroneController - [INFO] - Sending waypoint: (28.424364, 77.527361, 3.00)
2026-01-13 22:14:30 - DroneController - [INFO] - Telemetry: 56123 msgs | GPS: (28.424296, 77.527320, 3.00m) | Battery: 0% | Mode: GUIDED
2026-01-13 22:14:32 - DroneController - [INFO] - Waypoint 256/268 reached
2026-01-13 22:14:32 - DroneController - [INFO] - Sending waypoint: (28.424368, 77.527355, 3.00)
2026-01-13 22:14:32 - DroneController - [INFO] - Waypoint 257/268 reached
2026-01-13 22:14:32 - DroneController - [INFO] - Sending waypoint: (28.424327, 77.527309, 3.00)
2026-01-13 22:14:35 - DroneController - [INFO] - Waypoint 258/268 reached
2026-01-13 22:14:35 - DroneController - [INFO] - Sending waypoint: (28.424327, 77.527309, 3.00)
2026-01-13 22:14:35 - DroneController - [INFO] - Waypoint 259/268 reached
2026-01-13 22:14:35 - DroneController - [INFO] - Sending waypoint: (28.424327, 77.527309, 3.00)
2026-01-13 22:14:35 - DroneController - [INFO] - Waypoint 260/268 reached
2026-01-13 22:14:35 - DroneController - [INFO] - Sending waypoint: (28.424327, 77.527309, 3.00)
2026-01-13 22:14:35 - DroneController - [INFO] - Waypoint 261/268 reached
2026-01-13 22:14:35 - DroneController - [INFO] - Sending waypoint: (28.424305, 77.527306, 3.00)
2026-01-13 22:14:36 - DroneController - [INFO] - Waypoint 262/268 reached
2026-01-13 22:14:36 - DroneController - [INFO] - Sending waypoint: (28.424304, 77.527309, 3.00)
2026-01-13 22:14:36 - DroneController - [INFO] - Waypoint 263/268 reached
2026-01-13 22:14:36 - DroneController - [INFO] - Sending waypoint: (28.424342, 77.527330, 3.00)
2026-01-13 22:14:36 - DroneController - [INFO] - Waypoint 264/268 reached
2026-01-13 22:14:36 - DroneController - [INFO] - Sending waypoint: (28.424344, 77.527328, 3.00)
2026-01-13 22:14:36 - DroneController - [INFO] - Waypoint 265/268 reached
2026-01-13 22:14:36 - DroneController - [INFO] - Sending waypoint: (28.424327, 77.527309, 3.00)
2026-01-13 22:14:36 - DroneController - [INFO] - Waypoint 266/268 reached
2026-01-13 22:14:36 - DroneController - [INFO] - Sending waypoint: (28.424327, 77.527309, 3.00)
2026-01-13 22:14:36 - DroneController - [INFO] - Waypoint 267/268 reached
2026-01-13 22:14:36 - DroneController - [INFO] - Sending waypoint: (28.424327, 77.527309, 3.00)
2026-01-13 22:14:36 - DroneController - [INFO] - Waypoint 268/268 reached
2026-01-13 22:14:36 - DroneController - [INFO] - All waypoints reached, returning to home and landing
2026-01-13 22:14:36 - DroneController - [INFO] - Returning to home and landing
2026-01-13 22:14:36 - DroneController - [INFO] - Sending waypoint: (28.424320, 77.527280, 2.99)
2026-01-13 22:14:39 - DroneController - [INFO] - Reached home position, initiating landing
2026-01-13 22:14:40 - DroneController - [INFO] - Telemetry: 57319 msgs | GPS: (28.424320, 77.527279, 2.98m) | Battery: 0% | Mode: GUIDED
2026-01-13 22:14:41 - DroneController - [INFO] - State transition: MISSION_ACTIVE -> LANDING
2026-01-13 22:14:41 - DroneController - [INFO] - Setting mode to LAND (attempt 1)
2026-01-13 22:14:42 - DroneController - [INFO] - Mode changed to LAND
2026-01-13 22:14:42 - DroneController - [INFO] - Landing in progress
2026-01-13 22:14:42 - DroneController - [INFO] - Landing command sent
2026-01-13 22:14:50 - DroneController - [INFO] - Telemetry: 58484 msgs | GPS: (28.424320, 77.527280, -0.02m) | Battery: 0% | Mode: LAND
2026-01-13 22:15:00 - DroneController - [INFO] - Telemetry: 59637 msgs | GPS: (28.424320, 77.527280, -0.00m) | Battery: 0% | Mode: LAND
2026-01-13 22:15:10 - DroneController - [INFO] - Telemetry: 60790 msgs | GPS: (28.424320, 77.527280, -0.00m) | Battery: 0% | Mode: LAND
2026-01-13 22:15:20 - DroneController - [INFO] - Telemetry: 61944 msgs | GPS: (28.424320, 77.527280, -0.00m) | Battery: 0% | Mode: LAND
2026-01-13 22:15:30 - DroneController - [INFO] - Telemetry: 63097 msgs | GPS: (28.424320, 77.527280, -0.00m) | Battery: 0% | Mode: LAND
2026-01-13 22:15:40 - DroneController - [INFO] - Telemetry: 64250 msgs | GPS: (28.424320, 77.527280, -0.00m) | Battery: 0% | Mode: LAND
2026-01-13 22:15:50 - DroneController - [INFO] - Telemetry: 65404 msgs | GPS: (28.424320, 77.527280, -0.00m) | Battery: 0% | Mode: LAND
2026-01-13 22:16:00 - DroneController - [INFO] - Telemetry: 66557 msgs | GPS: (28.424320, 77.527280, -0.00m) | Battery: 0% | Mode: LAND
2026-01-13 22:16:10 - DroneController - [INFO] - Telemetry: 67713 msgs | GPS: (28.424320, 77.527280, -0.00m) | Battery: 0% | Mode: LAND
2026-01-13 22:16:20 - DroneController - [INFO] - Telemetry: 68863 msgs | GPS: (28.424320, 77.527280, -0.00m) | Battery: 0% | Mode: LAND
2026-01-13 22:32:15 - DroneController - [WARNING] - No messages received in 5 seconds
2026-01-13 22:32:15 - DroneController - [INFO] - Telemetry: 69785 msgs | GPS: (28.424320, 77.527280, -0.00m) | Battery: 0% | Mode: LAND
2026-01-13 22:40:20 - DroneController - [WARNING] - No messages received in 5 seconds
2026-01-13 22:40:20 - DroneController - [INFO] - Telemetry: 70354 msgs | GPS: (28.424320, 77.527280, -0.00m) | Battery: 0% | Mode: LAND
2026-01-13 22:40:20 - DroneController - [WARNING] - No heartbeat for 480.5s
2026-01-13 22:40:21 - DroneController - [INFO] - Heartbeat restored
2026-01-13 22:40:30 - DroneController - [INFO] - Telemetry: 71464 msgs | GPS: (28.424320, 77.527280, -0.00m) | Battery: 0% | Mode: LAND
2026-01-13 22:40:40 - DroneController - [INFO] - Telemetry: 72617 msgs | GPS: (28.424320, 77.527280, -0.00m) | Battery: 0% | Mode: LAND
2026-01-13 22:40:50 - DroneController - [INFO] - Telemetry: 73818 msgs | GPS: (28.424320, 77.527280, -0.00m) | Battery: 0% | Mode: LAND
2026-01-13 22:41:00 - DroneController - [INFO] - Telemetry: 74973 msgs | GPS: (28.424320, 77.527280, -0.00m) | Battery: 0% | Mode: LAND
2026-01-13 23:17:33 - DroneController - [WARNING] - No messages received in 5 seconds
2026-01-13 23:17:33 - DroneController - [INFO] - Telemetry: 75780 msgs | GPS: (28.424320, 77.527280, -0.00m) | Battery: 0% | Mode: LAND
2026-01-13 23:17:43 - DroneController - [INFO] - Telemetry: 76631 msgs | GPS: (28.424320, 77.527280, -0.00m) | Battery: 0% | Mode: LAND
2026-01-13 23:17:51 - DroneController - [INFO] - Stopping controller...
2026-01-13 23:17:51 - DroneController - [INFO] - Mission controller stopped
2026-01-13 23:17:51 - DroneController - [INFO] - Telemetry loop stopped. Total messages: 77581
2026-01-13 23:17:51 - DroneController - [INFO] - Message type distribution: {'AHRS': 2580, 'AHRS2': 2899, 'ATTITUDE': 2899, 'BATTERY_STATUS': 2580, 'COMMAND_ACK': 28, 'EKF_STATUS_REPORT': 2580, 'ESC_TELEMETRY_1_TO_4': 2899, 'ESC_TELEMETRY_5_TO_8': 2899, 'EXTENDED_SYS_STATE': 649, 'GLOBAL_POSITION_INT': 2577, 'GPS_GLOBAL_ORIGIN': 1, 'GPS_RAW_INT': 2534, 'HEARTBEAT': 651, 'HOME_POSITION': 650, 'LOCAL_POSITION_NED': 2577, 'MEMINFO': 2534, 'MISSION_CURRENT': 2534, 'NAV_CONTROLLER_OUTPUT': 2534, 'PARAM_VALUE': 56, 'POSITION_TARGET_GLOBAL_INT': 1834, 'POWER_STATUS': 2534, 'RAW_IMU': 2527, 'RC_CHANNELS': 2530, 'SCALED_IMU2': 2527, 'SCALED_IMU3': 2527, 'SCALED_PRESSURE': 2527, 'SCALED_PRESSURE2': 2527, 'SERVO_OUTPUT_RAW': 2530, 'SIMSTATE': 2899, 'STATUSTEXT': 6, 'SYSTEM_TIME': 2580, 'SYS_STATUS': 2534, 'TERRAIN_REPORT': 2580, 'TIMESYNC': 65, 'UNKNOWN_437': 130, 'VFR_HUD': 2904, 'VIBRATION': 2579, 'WIND': 2580}
2026-01-13 23:17:51 - DroneController - [INFO] - Heartbeat monitor stopped
2026-01-13 23:17:51 - DroneController - [INFO] - Command processor stopped
2026-01-13 23:17:51 - DroneController - [INFO] - Controller stopped
2026-01-13 23:17:51 - DroneController - [INFO] - Stopping controller...
2026-01-13 23:17:51 - DroneController - [INFO] - Controller stopped
2026-01-13 23:19:54 - DroneController - [ERROR] - Failed to load KML file: Placemark 'Field' not found. Available placemarks: ['Center', 'MultiGeometry', 'Untitled placemark']
2026-01-13 23:19:54 - DroneController - [INFO] - DroneController initialized
2026-01-13 23:19:54 - DroneController - [INFO] - Geofence mode: polygon
2026-01-13 23:19:54 - DroneController - [INFO] - Connecting to 127.0.0.1:14551
2026-01-13 23:19:54 - DroneController - [INFO] - Connection attempt 1/3...
2026-01-13 23:19:54 - DroneController - [INFO] - Waiting for heartbeat...
2026-01-13 23:19:54 - DroneController - [INFO] - Heartbeat from system 1, component 0
2026-01-13 23:19:54 - DroneController - [INFO] - Requesting data streams...
2026-01-13 23:19:54 - DroneController - [INFO] - Verifying data stream...
2026-01-13 23:19:54 - DroneController - [INFO] - Verifying data stream reception...
2026-01-13 23:19:55 - DroneController - [INFO] - ✓ All critical data streams verified
2026-01-13 23:19:55 - DroneController - [INFO] - Waiting for data streams to initialize...
2026-01-13 23:19:58 - DroneController - [INFO] - State transition: DISCONNECTED -> CONNECTED
2026-01-13 23:19:58 - DroneController - [INFO] - Telemetry log initialized: telemetry/telemetry_20260113_231958.csv
2026-01-13 23:19:58 - DroneController - [INFO] - ✓ Connection established and verified
2026-01-13 23:19:58 - DroneController - [INFO] - Telemetry loop started
2026-01-13 23:19:58 - DroneController - [INFO] - Heartbeat monitor started
2026-01-13 23:19:58 - DroneController - [INFO] - Command processor started
2026-01-13 23:19:58 - DroneController - [INFO] - Mission controller started
2026-01-13 23:19:58 - DroneController - [INFO] - ✓ First telemetry message received
2026-01-13 23:19:58 - DroneController - [INFO] - All threads started
2026-01-13 23:19:58 - DroneController - [INFO] - State transition: CONNECTED -> IDLE
2026-01-13 23:20:03 - DroneController - [INFO] - Starting arm and takeoff to 3.0m
2026-01-13 23:20:03 - DroneController - [INFO] - Using polygon geofence from KML
2026-01-13 23:20:03 - DroneController - [INFO] - Setting mode to GUIDED (attempt 1)
2026-01-13 23:20:04 - DroneController - [INFO] - Mode changed to GUIDED
2026-01-13 23:20:04 - DroneController - [INFO] - State transition: IDLE -> ARMING
2026-01-13 23:20:04 - DroneController - [INFO] - Waiting for drone to become armable...
2026-01-13 23:20:04 - DroneController - [INFO] - ✓ Drone is armable
2026-01-13 23:20:04 - DroneController - [INFO] - Arming attempt 1/3
2026-01-13 23:20:04 - DroneController - [INFO] - Armed successfully
2026-01-13 23:20:04 - DroneController - [INFO] - State transition: ARMING -> ARMED
2026-01-13 23:20:06 - DroneController - [INFO] - State transition: ARMED -> TAKING_OFF
2026-01-13 23:20:06 - DroneController - [INFO] - Takeoff attempt 1/3
2026-01-13 23:20:06 - DroneController - [INFO] - Takeoff command accepted
2026-01-13 23:20:08 - DroneController - [INFO] - Telemetry: 2088 msgs | GPS: (28.424320, 77.527280, 0.08m) | Battery: 99% | Mode: GUIDED
2026-01-13 23:20:11 - DroneController - [INFO] - Target altitude reached: 2.83m
2026-01-13 23:20:11 - DroneController - [INFO] - Arm and takeoff complete
2026-01-13 23:20:11 - DroneController - [INFO] - State transition: TAKING_OFF -> ARMED
2026-01-13 23:20:18 - DroneController - [INFO] - Telemetry: 3443 msgs | GPS: (28.424320, 77.527280, 3.00m) | Battery: 97% | Mode: GUIDED
2026-01-13 23:20:28 - DroneController - [INFO] - Telemetry: 4603 msgs | GPS: (28.424320, 77.527280, 3.00m) | Battery: 95% | Mode: GUIDED
2026-01-13 23:20:38 - DroneController - [INFO] - Telemetry: 5788 msgs | GPS: (28.424320, 77.527280, 2.96m) | Battery: 92% | Mode: LAND
2026-01-13 23:20:47 - DroneController - [INFO] - Stopping controller...
2026-01-13 23:20:47 - DroneController - [INFO] - Mission controller stopped
2026-01-13 23:20:47 - DroneController - [INFO] - Telemetry loop stopped. Total messages: 6775
2026-01-13 23:20:47 - DroneController - [INFO] - Message type distribution: {'AHRS': 192, 'AHRS2': 326, 'ATTITUDE': 326, 'BATTERY_STATUS': 191, 'COMMAND_ACK': 8, 'EKF_STATUS_REPORT': 191, 'ESC_TELEMETRY_1_TO_4': 326, 'ESC_TELEMETRY_5_TO_8': 326, 'EXTENDED_SYS_STATE': 52, 'GLOBAL_POSITION_INT': 223, 'GPS_GLOBAL_ORIGIN': 1, 'GPS_RAW_INT': 218, 'HEARTBEAT': 54, 'HOME_POSITION': 53, 'LOCAL_POSITION_NED': 223, 'MEMINFO': 218, 'MISSION_CURRENT': 218, 'NAV_CONTROLLER_OUTPUT': 218, 'PARAM_VALUE': 9, 'POSITION_TARGET_GLOBAL_INT': 21, 'POWER_STATUS': 218, 'RAW_IMU': 208, 'RC_CHANNELS': 227, 'SCALED_IMU2': 208, 'SCALED_IMU3': 208, 'SCALED_PRESSURE': 208, 'SCALED_PRESSURE2': 208, 'SERVO_OUTPUT_RAW': 227, 'SIMSTATE': 326, 'STATUSTEXT': 6, 'SYSTEM_TIME': 191, 'SYS_STATUS': 218, 'TERRAIN_REPORT': 191, 'TERRAIN_REQUEST': 17, 'TIMESYNC': 5, 'UNKNOWN_437': 11, 'VFR_HUD': 322, 'VIBRATION': 191, 'WIND': 191}
2026-01-13 23:20:47 - DroneController - [INFO] - Command processor stopped
2026-01-13 23:20:47 - DroneController - [INFO] - Heartbeat monitor stopped
2026-01-13 23:20:47 - DroneController - [INFO] - Controller stopped
2026-01-13 23:20:47 - DroneController - [INFO] - Stopping controller...
2026-01-13 23:20:47 - DroneController - [INFO] - Controller stopped
2026-01-13 23:27:30 - DroneController - [ERROR] - Failed to load KML file: Placemark 'Field' not found. Available placemarks: ['Center', 'MultiGeometry', 'Untitled placemark']
2026-01-13 23:27:30 - DroneController - [INFO] - DroneController initialized
2026-01-13 23:27:30 - DroneController - [INFO] - Geofence mode: polygon
2026-01-13 23:27:30 - DroneController - [INFO] - Connecting to 127.0.0.1:14551
2026-01-13 23:27:30 - DroneController - [INFO] - Connection attempt 1/3...
2026-01-13 23:27:30 - DroneController - [INFO] - Waiting for heartbeat...
2026-01-13 23:27:30 - DroneController - [INFO] - Heartbeat from system 1, component 0
2026-01-13 23:27:30 - DroneController - [INFO] - Requesting data streams...
2026-01-13 23:27:30 - DroneController - [INFO] - Verifying data stream...
2026-01-13 23:27:30 - DroneController - [INFO] - Verifying data stream reception...
2026-01-13 23:27:31 - DroneController - [INFO] - ✓ All critical data streams verified
2026-01-13 23:27:31 - DroneController - [INFO] - Waiting for data streams to initialize...
2026-01-13 23:27:34 - DroneController - [INFO] - State transition: DISCONNECTED -> CONNECTED
2026-01-13 23:27:34 - DroneController - [INFO] - Telemetry log initialized: telemetry/telemetry_20260113_232734.csv
2026-01-13 23:27:34 - DroneController - [INFO] - ✓ Connection established and verified
2026-01-13 23:27:34 - DroneController - [INFO] - Telemetry loop started
2026-01-13 23:27:34 - DroneController - [INFO] - Heartbeat monitor started
2026-01-13 23:27:34 - DroneController - [INFO] - ✓ First telemetry message received
2026-01-13 23:27:34 - DroneController - [INFO] - Command processor started
2026-01-13 23:27:34 - DroneController - [INFO] - Mission controller started
2026-01-13 23:27:34 - DroneController - [INFO] - All threads started
2026-01-13 23:27:34 - DroneController - [INFO] - State transition: CONNECTED -> IDLE
2026-01-13 23:27:39 - DroneController - [INFO] - Starting arm and takeoff to 3.0m
2026-01-13 23:27:39 - DroneController - [INFO] - Using polygon geofence from KML
2026-01-13 23:27:39 - DroneController - [INFO] - Setting mode to GUIDED (attempt 1)
2026-01-13 23:27:40 - DroneController - [INFO] - Mode changed to GUIDED
2026-01-13 23:27:40 - DroneController - [INFO] - State transition: IDLE -> ARMING
2026-01-13 23:27:40 - DroneController - [INFO] - Waiting for drone to become armable...
2026-01-13 23:27:40 - DroneController - [INFO] - ✓ Drone is armable
2026-01-13 23:27:40 - DroneController - [INFO] - Arming attempt 1/3
2026-01-13 23:27:40 - DroneController - [INFO] - Armed successfully
2026-01-13 23:27:40 - DroneController - [INFO] - State transition: ARMING -> ARMED
2026-01-13 23:27:42 - DroneController - [INFO] - State transition: ARMED -> TAKING_OFF
2026-01-13 23:27:42 - DroneController - [INFO] - Takeoff attempt 1/3
2026-01-13 23:27:42 - DroneController - [INFO] - Takeoff command accepted
2026-01-13 23:27:44 - DroneController - [INFO] - Telemetry: 1506 msgs | GPS: (28.424320, 77.527280, 0.07m) | Battery: 91% | Mode: GUIDED
2026-01-13 23:27:46 - DroneController - [INFO] - Target altitude reached: 2.52m
2026-01-13 23:27:46 - DroneController - [INFO] - Arm and takeoff complete
2026-01-13 23:27:46 - DroneController - [INFO] - State transition: TAKING_OFF -> ARMED
2026-01-13 23:27:54 - DroneController - [INFO] - Telemetry: 2661 msgs | GPS: (28.424320, 77.527280, 3.00m) | Battery: 88% | Mode: GUIDED
2026-01-13 23:28:04 - DroneController - [INFO] - Telemetry: 3819 msgs | GPS: (28.424320, 77.527280, 3.00m) | Battery: 86% | Mode: GUIDED
2026-01-13 23:28:10 - DroneController - [INFO] - Stopping controller...
2026-01-13 23:28:10 - DroneController - [INFO] - Telemetry loop stopped. Total messages: 4453
2026-01-13 23:28:10 - DroneController - [INFO] - Message type distribution: {'AHRS': 155, 'AHRS2': 154, 'ATTITUDE': 154, 'BATTERY_STATUS': 154, 'COMMAND_ACK': 2, 'EKF_STATUS_REPORT': 154, 'ESC_TELEMETRY_1_TO_4': 154, 'ESC_TELEMETRY_5_TO_8': 154, 'EXTENDED_SYS_STATE': 39, 'GLOBAL_POSITION_INT': 154, 'GPS_GLOBAL_ORIGIN': 1, 'GPS_RAW_INT': 154, 'HEARTBEAT': 39, 'HOME_POSITION': 40, 'LOCAL_POSITION_NED': 154, 'MEMINFO': 154, 'MISSION_CURRENT': 154, 'NAV_CONTROLLER_OUTPUT': 154, 'PARAM_VALUE': 4, 'POWER_STATUS': 154, 'RAW_IMU': 154, 'RC_CHANNELS': 154, 'SCALED_IMU2': 154, 'SCALED_IMU3': 154, 'SCALED_PRESSURE': 154, 'SCALED_PRESSURE2': 154, 'SERVO_OUTPUT_RAW': 154, 'SIMSTATE': 154, 'STATUSTEXT': 4, 'SYSTEM_TIME': 154, 'SYS_STATUS': 154, 'TERRAIN_REPORT': 154, 'TIMESYNC': 4, 'UNKNOWN_437': 7, 'VFR_HUD': 154, 'VIBRATION': 154, 'WIND': 154}
2026-01-13 23:28:10 - DroneController - [INFO] - Mission controller stopped
2026-01-13 23:28:10 - DroneController - [INFO] - Command processor stopped
2026-01-13 23:28:10 - DroneController - [INFO] - Heartbeat monitor stopped
2026-01-13 23:28:10 - DroneController - [INFO] - Controller stopped
2026-01-13 23:28:10 - DroneController - [INFO] - Stopping controller...
2026-01-13 23:28:10 - DroneController - [INFO] - Controller stopped
2026-01-13 23:33:04 - DroneController - [INFO] - Mission planner initialized with KML: /Users/trishit_debsharma/Documents/Code/NIDAR/NIDAR/scan_drone/data/GBUhalf2.kml
2026-01-13 23:33:04 - DroneController - [INFO] - DroneController initialized
2026-01-13 23:33:04 - DroneController - [INFO] - Geofence mode: polygon
2026-01-13 23:33:04 - DroneController - [INFO] - Connecting to 127.0.0.1:14551
2026-01-13 23:33:04 - DroneController - [INFO] - Connection attempt 1/3...
2026-01-13 23:33:04 - DroneController - [INFO] - Waiting for heartbeat...
2026-01-13 23:33:04 - DroneController - [INFO] - Heartbeat from system 1, component 0
2026-01-13 23:33:04 - DroneController - [INFO] - Requesting data streams...
2026-01-13 23:33:04 - DroneController - [INFO] - Verifying data stream...
2026-01-13 23:33:04 - DroneController - [INFO] - Verifying data stream reception...
2026-01-13 23:33:05 - DroneController - [INFO] - ✓ All critical data streams verified
2026-01-13 23:33:05 - DroneController - [INFO] - Waiting for data streams to initialize...
2026-01-13 23:33:08 - DroneController - [INFO] - State transition: DISCONNECTED -> CONNECTED
2026-01-13 23:33:08 - DroneController - [INFO] - Telemetry log initialized: telemetry/telemetry_20260113_233308.csv
2026-01-13 23:33:08 - DroneController - [INFO] - ✓ Connection established and verified
2026-01-13 23:33:08 - DroneController - [INFO] - Telemetry loop started
2026-01-13 23:33:08 - DroneController - [INFO] - Heartbeat monitor started
2026-01-13 23:33:08 - DroneController - [INFO] - Command processor started
2026-01-13 23:33:08 - DroneController - [INFO] - ✓ First telemetry message received
2026-01-13 23:33:08 - DroneController - [INFO] - Mission controller started
2026-01-13 23:33:08 - DroneController - [INFO] - All threads started
2026-01-13 23:33:08 - DroneController - [INFO] - State transition: CONNECTED -> IDLE
2026-01-13 23:33:13 - DroneController - [INFO] - Loading mission with 30 points
2026-01-13 23:33:13 - DroneController - [INFO] - Starting and home position: lat=28.424320, lon=77.527280
2026-01-13 23:33:13 - DroneController - [INFO] - Mission validated: 30 waypoints
2026-01-13 23:33:13 - DroneController - [INFO] - Starting arm and takeoff to 3.0m
2026-01-13 23:33:13 - DroneController - [INFO] - Using polygon geofence from KML
2026-01-13 23:33:13 - DroneController - [INFO] - Setting mode to GUIDED (attempt 1)
2026-01-13 23:33:14 - DroneController - [INFO] - Mode changed to GUIDED
2026-01-13 23:33:14 - DroneController - [INFO] - State transition: IDLE -> ARMING
2026-01-13 23:33:14 - DroneController - [INFO] - Waiting for drone to become armable...
2026-01-13 23:33:14 - DroneController - [INFO] - ✓ Drone is armable
2026-01-13 23:33:14 - DroneController - [INFO] - Arming attempt 1/3
2026-01-13 23:33:15 - DroneController - [INFO] - Armed successfully
2026-01-13 23:33:15 - DroneController - [INFO] - State transition: ARMING -> ARMED
2026-01-13 23:33:17 - DroneController - [INFO] - State transition: ARMED -> TAKING_OFF
2026-01-13 23:33:17 - DroneController - [INFO] - Takeoff attempt 1/3
2026-01-13 23:33:17 - DroneController - [INFO] - Takeoff command accepted
2026-01-13 23:33:18 - DroneController - [INFO] - Telemetry: 6351 msgs | GPS: (28.424320, 77.527280, 0.08m) | Battery: 82% | Mode: GUIDED
2026-01-13 23:33:21 - DroneController - [INFO] - Target altitude reached: 2.58m
2026-01-13 23:33:21 - DroneController - [INFO] - Arm and takeoff complete
2026-01-13 23:33:21 - DroneController - [INFO] - State transition: TAKING_OFF -> ARMED
2026-01-13 23:33:21 - DroneController - [INFO] - Starting mission with 30 waypoints
2026-01-13 23:33:21 - DroneController - [INFO] - State transition: ARMED -> MISSION_ACTIVE
2026-01-13 23:33:21 - DroneController - [INFO] - Sending waypoint: (28.424364, 77.527028, 3.00)
2026-01-13 23:33:26 - DroneController - [INFO] - Waypoint 1/30 reached
2026-01-13 23:33:26 - DroneController - [INFO] - Sending waypoint: (28.424132, 77.527028, 3.00)
2026-01-13 23:33:28 - DroneController - [INFO] - Telemetry: 7537 msgs | GPS: (28.424343, 77.527021, 3.01m) | Battery: 79% | Mode: GUIDED
2026-01-13 23:33:33 - DroneController - [INFO] - Waypoint 2/30 reached
2026-01-13 23:33:33 - DroneController - [INFO] - Sending waypoint: (28.423986, 77.527080, 3.00)
2026-01-13 23:33:37 - DroneController - [INFO] - Waypoint 3/30 reached
2026-01-13 23:33:37 - DroneController - [INFO] - Sending waypoint: (28.424510, 77.527080, 3.00)
2026-01-13 23:33:39 - DroneController - [INFO] - Telemetry: 8736 msgs | GPS: (28.423988, 77.527080, 3.01m) | Battery: 77% | Mode: GUIDED
2026-01-13 23:33:47 - DroneController - [INFO] - Waypoint 4/30 reached
2026-01-13 23:33:47 - DroneController - [INFO] - Sending waypoint: (28.424594, 77.527131, 3.00)
2026-01-13 23:33:49 - DroneController - [INFO] - Telemetry: 9929 msgs | GPS: (28.424515, 77.527082, 3.01m) | Battery: 75% | Mode: GUIDED
2026-01-13 23:33:50 - DroneController - [INFO] - Waypoint 5/30 reached
2026-01-13 23:33:50 - DroneController - [INFO] - Sending waypoint: (28.423902, 77.527131, 3.00)
2026-01-13 23:33:59 - DroneController - [INFO] - Telemetry: 11122 msgs | GPS: (28.424190, 77.527132, 3.02m) | Battery: 72% | Mode: GUIDED
2026-01-13 23:34:03 - DroneController - [INFO] - Waypoint 6/30 reached
2026-01-13 23:34:03 - DroneController - [INFO] - Sending waypoint: (28.423838, 77.527182, 3.00)
2026-01-13 23:34:05 - DroneController - [INFO] - Waypoint 7/30 reached
2026-01-13 23:34:05 - DroneController - [INFO] - Sending waypoint: (28.424658, 77.527182, 3.00)
2026-01-13 23:34:09 - DroneController - [INFO] - Telemetry: 12318 msgs | GPS: (28.423885, 77.527184, 3.00m) | Battery: 70% | Mode: GUIDED
2026-01-13 23:34:19 - DroneController - [INFO] - Telemetry: 13514 msgs | GPS: (28.424626, 77.527182, 2.99m) | Battery: 67% | Mode: GUIDED
2026-01-13 23:34:19 - DroneController - [INFO] - Waypoint 8/30 reached
2026-01-13 23:34:19 - DroneController - [INFO] - Sending waypoint: (28.424707, 77.527233, 3.00)
2026-01-13 23:34:21 - DroneController - [INFO] - Waypoint 9/30 reached
2026-01-13 23:34:21 - DroneController - [INFO] - Sending waypoint: (28.423789, 77.527233, 3.00)
2026-01-13 23:34:29 - DroneController - [INFO] - Telemetry: 14704 msgs | GPS: (28.424360, 77.527234, 3.01m) | Battery: 65% | Mode: GUIDED
2026-01-13 23:34:36 - DroneController - [INFO] - Waypoint 10/30 reached
2026-01-13 23:34:36 - DroneController - [INFO] - Sending waypoint: (28.423748, 77.527284, 3.00)
2026-01-13 23:34:38 - DroneController - [INFO] - Waypoint 11/30 reached
2026-01-13 23:34:38 - DroneController - [INFO] - Sending waypoint: (28.424748, 77.527284, 3.00)
2026-01-13 23:34:39 - DroneController - [INFO] - Telemetry: 15908 msgs | GPS: (28.423752, 77.527271, 2.99m) | Battery: 62% | Mode: GUIDED
2026-01-13 23:34:49 - DroneController - [INFO] - Telemetry: 17094 msgs | GPS: (28.424367, 77.527285, 3.01m) | Battery: 60% | Mode: GUIDED
2026-01-13 23:34:54 - DroneController - [INFO] - Waypoint 12/30 reached
2026-01-13 23:34:54 - DroneController - [INFO] - Sending waypoint: (28.424782, 77.527335, 3.00)
2026-01-13 23:34:56 - DroneController - [INFO] - Waypoint 13/30 reached
2026-01-13 23:34:56 - DroneController - [INFO] - Sending waypoint: (28.423714, 77.527335, 3.00)
2026-01-13 23:34:59 - DroneController - [INFO] - Telemetry: 18286 msgs | GPS: (28.424757, 77.527335, 2.99m) | Battery: 57% | Mode: GUIDED
2026-01-13 23:35:09 - DroneController - [INFO] - Telemetry: 19482 msgs | GPS: (28.423960, 77.527335, 3.01m) | Battery: 55% | Mode: GUIDED
2026-01-13 23:35:12 - DroneController - [INFO] - Waypoint 14/30 reached
2026-01-13 23:35:12 - DroneController - [INFO] - Sending waypoint: (28.423686, 77.527386, 3.00)
2026-01-13 23:35:14 - DroneController - [INFO] - Waypoint 15/30 reached
2026-01-13 23:35:14 - DroneController - [INFO] - Sending waypoint: (28.424810, 77.527386, 3.00)
2026-01-13 23:35:19 - DroneController - [INFO] - Telemetry: 20675 msgs | GPS: (28.423789, 77.527389, 3.00m) | Battery: 52% | Mode: GUIDED
2026-01-13 23:35:29 - DroneController - [INFO] - Telemetry: 21868 msgs | GPS: (28.424636, 77.527386, 3.00m) | Battery: 50% | Mode: GUIDED
2026-01-13 23:35:31 - DroneController - [INFO] - Waypoint 16/30 reached
2026-01-13 23:35:31 - DroneController - [INFO] - Sending waypoint: (28.424834, 77.527437, 3.00)
2026-01-13 23:35:33 - DroneController - [INFO] - Waypoint 17/30 reached
2026-01-13 23:35:33 - DroneController - [INFO] - Sending waypoint: (28.423662, 77.527437, 3.00)
2026-01-13 23:35:39 - DroneController - [INFO] - Telemetry: 23066 msgs | GPS: (28.424655, 77.527440, 3.00m) | Battery: 47% | Mode: GUIDED
2026-01-13 23:35:49 - DroneController - [INFO] - Telemetry: 24257 msgs | GPS: (28.423802, 77.527437, 3.00m) | Battery: 45% | Mode: GUIDED
2026-01-13 23:35:51 - DroneController - [INFO] - Waypoint 18/30 reached
2026-01-13 23:35:51 - DroneController - [INFO] - Sending waypoint: (28.423643, 77.527488, 3.00)
2026-01-13 23:35:53 - DroneController - [INFO] - Waypoint 19/30 reached
2026-01-13 23:35:53 - DroneController - [INFO] - Sending waypoint: (28.424853, 77.527488, 3.00)
2026-01-13 23:35:59 - DroneController - [INFO] - Telemetry: 25450 msgs | GPS: (28.423868, 77.527491, 3.01m) | Battery: 42% | Mode: GUIDED
2026-01-13 23:36:09 - DroneController - [INFO] - Telemetry: 26646 msgs | GPS: (28.424721, 77.527489, 2.99m) | Battery: 40% | Mode: GUIDED
2026-01-13 23:36:11 - DroneController - [INFO] - Waypoint 20/30 reached
2026-01-13 23:36:11 - DroneController - [INFO] - Sending waypoint: (28.424869, 77.527539, 3.00)
2026-01-13 23:36:13 - DroneController - [INFO] - Waypoint 21/30 reached
2026-01-13 23:36:13 - DroneController - [INFO] - Sending waypoint: (28.423627, 77.527539, 3.00)
2026-01-13 23:36:19 - DroneController - [INFO] - Telemetry: 27839 msgs | GPS: (28.424619, 77.527542, 3.00m) | Battery: 37% | Mode: GUIDED
2026-01-13 23:36:29 - DroneController - [INFO] - Telemetry: 29032 msgs | GPS: (28.423762, 77.527540, 3.00m) | Battery: 35% | Mode: GUIDED
2026-01-13 23:36:31 - DroneController - [INFO] - Waypoint 22/30 reached
2026-01-13 23:36:31 - DroneController - [INFO] - Sending waypoint: (28.423615, 77.527590, 3.00)
2026-01-13 23:36:32 - DroneController - [INFO] - Waypoint 23/30 reached
2026-01-13 23:36:32 - DroneController - [INFO] - Sending waypoint: (28.424881, 77.527590, 3.00)
2026-01-13 23:36:39 - DroneController - [INFO] - Telemetry: 30228 msgs | GPS: (28.423875, 77.527592, 3.01m) | Battery: 32% | Mode: GUIDED
2026-01-13 23:36:49 - DroneController - [INFO] - Telemetry: 31424 msgs | GPS: (28.424752, 77.527590, 2.99m) | Battery: 30% | Mode: GUIDED
2026-01-13 23:36:51 - DroneController - [INFO] - Waypoint 24/30 reached
2026-01-13 23:36:51 - DroneController - [INFO] - Sending waypoint: (28.424889, 77.527641, 3.00)
2026-01-13 23:36:53 - DroneController - [INFO] - Waypoint 25/30 reached
2026-01-13 23:36:53 - DroneController - [INFO] - Sending waypoint: (28.423607, 77.527641, 3.00)
2026-01-13 23:36:59 - DroneController - [INFO] - Telemetry: 32614 msgs | GPS: (28.424637, 77.527642, 3.00m) | Battery: 27% | Mode: GUIDED
2026-01-13 23:37:09 - DroneController - [INFO] - Telemetry: 33810 msgs | GPS: (28.423770, 77.527641, 3.00m) | Battery: 25% | Mode: GUIDED
2026-01-13 23:37:11 - DroneController - [INFO] - Waypoint 26/30 reached
2026-01-13 23:37:11 - DroneController - [INFO] - Sending waypoint: (28.423601, 77.527692, 3.00)
2026-01-13 23:37:13 - DroneController - [INFO] - Waypoint 27/30 reached
2026-01-13 23:37:13 - DroneController - [INFO] - Sending waypoint: (28.424895, 77.527692, 3.00)
2026-01-13 23:37:19 - DroneController - [INFO] - Telemetry: 35003 msgs | GPS: (28.423821, 77.527696, 3.00m) | Battery: 22% | Mode: GUIDED
2026-01-13 23:37:29 - DroneController - [INFO] - Telemetry: 36196 msgs | GPS: (28.424694, 77.527693, 3.01m) | Battery: 20% | Mode: GUIDED
2026-01-13 23:37:32 - DroneController - [INFO] - Waypoint 28/30 reached
2026-01-13 23:37:32 - DroneController - [INFO] - Sending waypoint: (28.424746, 77.527744, 3.00)
2026-01-13 23:37:37 - DroneController - [INFO] - Waypoint 29/30 reached
2026-01-13 23:37:37 - DroneController - [INFO] - Sending waypoint: (28.423599, 77.527744, 3.00)
2026-01-13 23:37:39 - DroneController - [INFO] - Telemetry: 37392 msgs | GPS: (28.424736, 77.527743, 2.98m) | Battery: 17% | Mode: GUIDED
2026-01-13 23:37:49 - DroneController - [INFO] - Telemetry: 38585 msgs | GPS: (28.423923, 77.527744, 3.01m) | Battery: 15% | Mode: GUIDED
2026-01-13 23:37:53 - DroneController - [INFO] - Waypoint 30/30 reached
2026-01-13 23:37:53 - DroneController - [INFO] - All waypoints reached, returning to home and landing
2026-01-13 23:37:53 - DroneController - [INFO] - Returning to home and landing
2026-01-13 23:37:53 - DroneController - [INFO] - Sending waypoint: (28.424320, 77.527280, 2.98)
2026-01-13 23:37:59 - DroneController - [INFO] - Telemetry: 39781 msgs | GPS: (28.423756, 77.527640, 2.98m) | Battery: 12% | Mode: GUIDED
2026-01-13 23:38:08 - DroneController - [INFO] - Reached home position, initiating landing
2026-01-13 23:38:09 - DroneController - [INFO] - Telemetry: 40977 msgs | GPS: (28.424325, 77.527277, 2.97m) | Battery: 10% | Mode: GUIDED
2026-01-13 23:38:10 - DroneController - [INFO] - State transition: MISSION_ACTIVE -> LANDING
2026-01-13 23:38:10 - DroneController - [INFO] - Setting mode to LAND (attempt 1)
2026-01-13 23:38:11 - DroneController - [INFO] - Mode changed to LAND
2026-01-13 23:38:11 - DroneController - [INFO] - Landing in progress
2026-01-13 23:38:11 - DroneController - [INFO] - Landing command sent
2026-01-13 23:38:19 - DroneController - [INFO] - Telemetry: 42139 msgs | GPS: (28.424321, 77.527280, 0.00m) | Battery: 8% | Mode: LAND
2026-01-13 23:38:29 - DroneController - [INFO] - Telemetry: 43294 msgs | GPS: (28.424321, 77.527280, 0.01m) | Battery: 8% | Mode: LAND
2026-01-13 23:38:39 - DroneController - [INFO] - Telemetry: 44447 msgs | GPS: (28.424321, 77.527280, 0.01m) | Battery: 8% | Mode: LAND
2026-01-13 23:38:49 - DroneController - [INFO] - Telemetry: 45600 msgs | GPS: (28.424321, 77.527280, 0.01m) | Battery: 8% | Mode: LAND
2026-01-13 23:38:59 - DroneController - [INFO] - Telemetry: 46754 msgs | GPS: (28.424321, 77.527280, 0.01m) | Battery: 8% | Mode: LAND
2026-01-13 23:39:09 - DroneController - [INFO] - Telemetry: 47909 msgs | GPS: (28.424321, 77.527280, 0.01m) | Battery: 8% | Mode: LAND
2026-01-13 23:39:19 - DroneController - [INFO] - Telemetry: 49060 msgs | GPS: (28.424321, 77.527280, 0.01m) | Battery: 8% | Mode: LAND
2026-01-13 23:39:23 - DroneController - [WARNING] - No messages received in 5 seconds
2026-01-13 23:39:27 - DroneController - [WARNING] - No heartbeat for 5.1s
2026-01-13 23:39:28 - DroneController - [WARNING] - No heartbeat for 6.1s
2026-01-13 23:39:28 - DroneController - [WARNING] - No messages received in 5 seconds
2026-01-13 23:39:29 - DroneController - [WARNING] - No heartbeat for 7.1s
2026-01-13 23:39:30 - DroneController - [WARNING] - No heartbeat for 8.1s
2026-01-13 23:39:31 - DroneController - [WARNING] - No heartbeat for 9.1s
2026-01-13 23:39:32 - DroneController - [WARNING] - No heartbeat for 10.1s
2026-01-13 23:39:33 - DroneController - [WARNING] - No heartbeat for 11.1s
2026-01-13 23:39:33 - DroneController - [WARNING] - No messages received in 5 seconds
2026-01-13 23:39:34 - DroneController - [WARNING] - No heartbeat for 12.1s
2026-01-13 23:39:35 - DroneController - [WARNING] - No heartbeat for 13.1s
2026-01-13 23:39:36 - DroneController - [WARNING] - No heartbeat for 14.1s
2026-01-13 23:39:37 - DroneController - [WARNING] - No heartbeat for 15.1s
2026-01-13 23:39:38 - DroneController - [WARNING] - No heartbeat for 16.2s
2026-01-13 23:39:38 - DroneController - [WARNING] - No messages received in 5 seconds
2026-01-13 23:39:39 - DroneController - [WARNING] - No heartbeat for 17.2s
2026-01-13 23:39:40 - DroneController - [WARNING] - No heartbeat for 18.2s
2026-01-13 23:39:41 - DroneController - [WARNING] - No heartbeat for 19.2s
2026-01-13 23:39:42 - DroneController - [WARNING] - No heartbeat for 20.2s
2026-01-13 23:39:43 - DroneController - [WARNING] - No heartbeat for 21.2s
2026-01-13 23:39:43 - DroneController - [WARNING] - No messages received in 5 seconds
2026-01-13 23:39:44 - DroneController - [WARNING] - No heartbeat for 22.2s
2026-01-13 23:39:45 - DroneController - [WARNING] - No heartbeat for 23.2s
2026-01-13 23:39:46 - DroneController - [WARNING] - No heartbeat for 24.2s
2026-01-13 23:39:47 - DroneController - [WARNING] - No heartbeat for 25.2s
2026-01-13 23:39:48 - DroneController - [WARNING] - No heartbeat for 26.2s
2026-01-13 23:39:48 - DroneController - [WARNING] - No messages received in 5 seconds
2026-01-13 23:39:49 - DroneController - [WARNING] - No heartbeat for 27.2s
2026-01-13 23:39:50 - DroneController - [WARNING] - No heartbeat for 28.2s
2026-01-13 23:39:51 - DroneController - [WARNING] - No heartbeat for 29.2s
2026-01-13 23:39:52 - DroneController - [WARNING] - No heartbeat for 30.2s
2026-01-13 23:39:53 - DroneController - [WARNING] - No heartbeat for 31.2s
2026-01-13 23:39:53 - DroneController - [WARNING] - No messages received in 5 seconds
2026-01-13 23:39:54 - DroneController - [WARNING] - No heartbeat for 32.2s
2026-01-13 23:39:55 - DroneController - [WARNING] - No heartbeat for 33.2s
2026-01-13 23:39:56 - DroneController - [WARNING] - No heartbeat for 34.2s
2026-01-13 23:39:57 - DroneController - [WARNING] - No heartbeat for 35.2s
2026-01-13 23:39:58 - DroneController - [WARNING] - No heartbeat for 36.2s
2026-01-13 23:39:58 - DroneController - [WARNING] - No messages received in 5 seconds
2026-01-13 23:39:59 - DroneController - [WARNING] - No heartbeat for 37.2s
2026-01-13 23:40:00 - DroneController - [WARNING] - No heartbeat for 38.2s
2026-01-13 23:40:01 - DroneController - [WARNING] - No heartbeat for 39.2s
2026-01-13 23:40:02 - DroneController - [WARNING] - No heartbeat for 40.2s
2026-01-13 23:40:03 - DroneController - [WARNING] - No heartbeat for 41.2s
2026-01-13 23:40:03 - DroneController - [WARNING] - No messages received in 5 seconds
2026-01-13 23:40:04 - DroneController - [WARNING] - No heartbeat for 42.3s
2026-01-13 23:40:05 - DroneController - [WARNING] - No heartbeat for 43.3s
2026-01-13 23:40:06 - DroneController - [WARNING] - No heartbeat for 44.3s
2026-01-13 23:40:07 - DroneController - [WARNING] - No heartbeat for 45.3s
2026-01-13 23:40:08 - DroneController - [WARNING] - No heartbeat for 46.3s
2026-01-13 23:40:09 - DroneController - [WARNING] - No messages received in 5 seconds
2026-01-13 23:40:09 - DroneController - [WARNING] - No heartbeat for 47.3s
2026-01-13 23:40:10 - DroneController - [WARNING] - No heartbeat for 48.3s
2026-01-13 23:40:11 - DroneController - [WARNING] - No heartbeat for 49.3s
2026-01-13 23:40:12 - DroneController - [WARNING] - No heartbeat for 50.3s
2026-01-13 23:40:13 - DroneController - [WARNING] - No heartbeat for 51.3s
2026-01-13 23:40:14 - DroneController - [WARNING] - No messages received in 5 seconds
2026-01-13 23:40:14 - DroneController - [WARNING] - No heartbeat for 52.3s
2026-01-13 23:40:15 - DroneController - [WARNING] - No heartbeat for 53.3s
2026-01-13 23:40:16 - DroneController - [WARNING] - No heartbeat for 54.3s
2026-01-13 23:40:17 - DroneController - [WARNING] - No heartbeat for 55.3s
2026-01-13 23:40:18 - DroneController - [WARNING] - No heartbeat for 56.3s
2026-01-13 23:40:19 - DroneController - [WARNING] - No messages received in 5 seconds
2026-01-13 23:40:19 - DroneController - [WARNING] - No heartbeat for 57.3s
2026-01-13 23:40:20 - DroneController - [WARNING] - No heartbeat for 58.3s
2026-01-13 23:40:21 - DroneController - [WARNING] - No heartbeat for 59.3s
2026-01-13 23:40:22 - DroneController - [WARNING] - No heartbeat for 60.3s
2026-01-13 23:40:23 - DroneController - [WARNING] - No heartbeat for 61.3s
2026-01-13 23:40:24 - DroneController - [WARNING] - No messages received in 5 seconds
2026-01-13 23:40:24 - DroneController - [WARNING] - No heartbeat for 62.3s
2026-01-13 23:40:25 - DroneController - [WARNING] - No heartbeat for 63.3s
2026-01-13 23:40:26 - DroneController - [WARNING] - No heartbeat for 64.3s
2026-01-13 23:40:27 - DroneController - [WARNING] - No heartbeat for 65.3s
2026-01-13 23:40:28 - DroneController - [WARNING] - No heartbeat for 66.3s
2026-01-13 23:40:29 - DroneController - [WARNING] - No messages received in 5 seconds
2026-01-13 23:40:29 - DroneController - [WARNING] - No heartbeat for 67.3s
2026-01-13 23:40:30 - DroneController - [WARNING] - No heartbeat for 68.3s
2026-01-13 23:40:31 - DroneController - [WARNING] - No heartbeat for 69.3s
2026-01-13 23:40:32 - DroneController - [WARNING] - No heartbeat for 70.3s
2026-01-13 23:40:33 - DroneController - [WARNING] - No heartbeat for 71.4s
2026-01-13 23:40:34 - DroneController - [WARNING] - No messages received in 5 seconds
2026-01-13 23:40:34 - DroneController - [WARNING] - No heartbeat for 72.4s
2026-01-13 23:40:35 - DroneController - [WARNING] - No heartbeat for 73.4s
2026-01-13 23:40:36 - DroneController - [WARNING] - No heartbeat for 74.4s
2026-01-13 23:40:37 - DroneController - [WARNING] - No heartbeat for 75.4s
2026-01-13 23:40:38 - DroneController - [WARNING] - No heartbeat for 76.4s
2026-01-13 23:40:39 - DroneController - [WARNING] - No messages received in 5 seconds
2026-01-13 23:40:39 - DroneController - [WARNING] - No heartbeat for 77.4s
2026-01-13 23:40:40 - DroneController - [WARNING] - No heartbeat for 78.4s
2026-01-13 23:40:41 - DroneController - [WARNING] - No heartbeat for 79.4s
2026-01-13 23:40:42 - DroneController - [WARNING] - No heartbeat for 80.4s
2026-01-13 23:40:43 - DroneController - [WARNING] - No heartbeat for 81.4s
2026-01-13 23:40:44 - DroneController - [WARNING] - No messages received in 5 seconds
2026-01-13 23:40:44 - DroneController - [WARNING] - No heartbeat for 82.4s
2026-01-13 23:40:45 - DroneController - [WARNING] - No heartbeat for 83.4s
2026-01-13 23:40:46 - DroneController - [WARNING] - No heartbeat for 84.4s
2026-01-13 23:40:47 - DroneController - [WARNING] - No heartbeat for 85.4s
2026-01-13 23:40:48 - DroneController - [WARNING] - No heartbeat for 86.4s
2026-01-13 23:40:49 - DroneController - [WARNING] - No messages received in 5 seconds
2026-01-13 23:40:49 - DroneController - [WARNING] - No heartbeat for 87.5s
2026-01-13 23:40:50 - DroneController - [WARNING] - No heartbeat for 88.5s
2026-01-13 23:40:51 - DroneController - [WARNING] - No heartbeat for 89.5s
2026-01-13 23:40:52 - DroneController - [WARNING] - No heartbeat for 90.5s
2026-01-13 23:40:53 - DroneController - [WARNING] - No heartbeat for 91.5s
2026-01-13 23:40:54 - DroneController - [WARNING] - No messages received in 5 seconds
2026-01-13 23:40:54 - DroneController - [WARNING] - No heartbeat for 92.5s
2026-01-13 23:40:55 - DroneController - [WARNING] - No heartbeat for 93.5s
2026-01-13 23:40:56 - DroneController - [WARNING] - No heartbeat for 94.5s
2026-01-13 23:40:57 - DroneController - [WARNING] - No heartbeat for 95.5s
2026-01-13 23:40:58 - DroneController - [WARNING] - No heartbeat for 96.5s
2026-01-13 23:40:59 - DroneController - [WARNING] - No messages received in 5 seconds
2026-01-13 23:40:59 - DroneController - [WARNING] - No heartbeat for 97.5s
2026-01-13 23:41:00 - DroneController - [WARNING] - No heartbeat for 98.6s
2026-01-13 23:41:01 - DroneController - [WARNING] - No heartbeat for 99.6s
2026-01-13 23:41:02 - DroneController - [WARNING] - No heartbeat for 100.6s
2026-01-13 23:41:03 - DroneController - [WARNING] - No heartbeat for 101.6s
2026-01-13 23:41:04 - DroneController - [WARNING] - No messages received in 5 seconds
2026-01-13 23:41:04 - DroneController - [WARNING] - No heartbeat for 102.6s
2026-01-13 23:41:05 - DroneController - [WARNING] - No heartbeat for 103.6s
2026-01-13 23:41:06 - DroneController - [WARNING] - No heartbeat for 104.6s
2026-01-13 23:41:07 - DroneController - [WARNING] - No heartbeat for 105.6s
2026-01-13 23:41:08 - DroneController - [WARNING] - No heartbeat for 106.6s
2026-01-13 23:41:09 - DroneController - [WARNING] - No messages received in 5 seconds
2026-01-13 23:41:09 - DroneController - [WARNING] - No heartbeat for 107.6s
2026-01-13 23:41:10 - DroneController - [WARNING] - No heartbeat for 108.6s
2026-01-13 23:41:11 - DroneController - [WARNING] - No heartbeat for 109.6s
2026-01-13 23:41:12 - DroneController - [WARNING] - No heartbeat for 110.6s
2026-01-13 23:41:13 - DroneController - [WARNING] - No heartbeat for 111.6s
2026-01-13 23:41:14 - DroneController - [WARNING] - No messages received in 5 seconds
2026-01-13 23:41:14 - DroneController - [WARNING] - No heartbeat for 112.6s
2026-01-13 23:41:15 - DroneController - [WARNING] - No heartbeat for 113.6s
2026-01-13 23:41:16 - DroneController - [WARNING] - No heartbeat for 114.6s
2026-01-13 23:41:17 - DroneController - [WARNING] - No heartbeat for 115.6s
2026-01-13 23:41:18 - DroneController - [WARNING] - No heartbeat for 116.6s
2026-01-13 23:41:19 - DroneController - [WARNING] - No messages received in 5 seconds
2026-01-13 23:41:19 - DroneController - [WARNING] - No heartbeat for 117.6s
2026-01-13 23:41:20 - DroneController - [WARNING] - No heartbeat for 118.6s
2026-01-13 23:41:21 - DroneController - [WARNING] - No heartbeat for 119.6s
2026-01-13 23:41:22 - DroneController - [WARNING] - No heartbeat for 120.6s
2026-01-13 23:41:23 - DroneController - [WARNING] - No heartbeat for 121.6s
2026-01-13 23:41:24 - DroneController - [WARNING] - No messages received in 5 seconds
2026-01-13 23:41:24 - DroneController - [WARNING] - No heartbeat for 122.6s
2026-01-13 23:41:25 - DroneController - [WARNING] - No heartbeat for 123.6s
2026-01-13 23:41:26 - DroneController - [WARNING] - No heartbeat for 124.6s
2026-01-13 23:41:27 - DroneController - [WARNING] - No heartbeat for 125.6s
2026-01-13 23:41:28 - DroneController - [WARNING] - No heartbeat for 126.6s
2026-01-13 23:41:29 - DroneController - [WARNING] - No messages received in 5 seconds
2026-01-13 23:41:29 - DroneController - [WARNING] - No heartbeat for 127.7s
2026-01-13 23:41:30 - DroneController - [WARNING] - No heartbeat for 128.7s
2026-01-13 23:41:31 - DroneController - [WARNING] - No heartbeat for 129.7s
2026-01-13 23:41:32 - DroneController - [WARNING] - No heartbeat for 130.7s
2026-01-13 23:41:33 - DroneController - [WARNING] - No heartbeat for 131.7s
2026-01-13 23:41:34 - DroneController - [WARNING] - No messages received in 5 seconds
2026-01-13 23:41:34 - DroneController - [WARNING] - No heartbeat for 132.7s
2026-01-13 23:41:35 - DroneController - [WARNING] - No heartbeat for 133.7s
2026-01-13 23:41:36 - DroneController - [WARNING] - No heartbeat for 134.7s
2026-01-13 23:41:37 - DroneController - [WARNING] - No heartbeat for 135.7s
2026-01-13 23:41:38 - DroneController - [WARNING] - No heartbeat for 136.7s
2026-01-13 23:41:39 - DroneController - [WARNING] - No messages received in 5 seconds
2026-01-13 23:41:39 - DroneController - [WARNING] - No heartbeat for 137.7s
2026-01-13 23:41:40 - DroneController - [WARNING] - No heartbeat for 138.7s
2026-01-13 23:41:41 - DroneController - [WARNING] - No heartbeat for 139.7s
2026-01-13 23:41:42 - DroneController - [WARNING] - No heartbeat for 140.7s
2026-01-13 23:41:43 - DroneController - [WARNING] - No heartbeat for 141.7s
2026-01-13 23:41:44 - DroneController - [WARNING] - No messages received in 5 seconds
2026-01-13 23:41:44 - DroneController - [WARNING] - No heartbeat for 142.7s
2026-01-13 23:41:45 - DroneController - [WARNING] - No heartbeat for 143.7s
2026-01-13 23:41:46 - DroneController - [WARNING] - No heartbeat for 144.7s
2026-01-13 23:41:47 - DroneController - [WARNING] - No heartbeat for 145.7s
2026-01-13 23:41:48 - DroneController - [WARNING] - No heartbeat for 146.7s
2026-01-13 23:41:49 - DroneController - [WARNING] - No messages received in 5 seconds
2026-01-13 23:41:49 - DroneController - [WARNING] - No heartbeat for 147.7s
2026-01-13 23:41:50 - DroneController - [WARNING] - No heartbeat for 148.7s
2026-01-13 23:41:51 - DroneController - [WARNING] - No heartbeat for 149.8s
2026-01-13 23:41:52 - DroneController - [WARNING] - No heartbeat for 150.8s
2026-01-13 23:41:53 - DroneController - [WARNING] - No heartbeat for 151.8s
2026-01-13 23:41:54 - DroneController - [WARNING] - No messages received in 5 seconds
2026-01-13 23:41:54 - DroneController - [WARNING] - No heartbeat for 152.8s
2026-01-13 23:41:55 - DroneController - [WARNING] - No heartbeat for 153.8s
2026-01-13 23:41:56 - DroneController - [WARNING] - No heartbeat for 154.8s
2026-01-13 23:41:57 - DroneController - [WARNING] - No heartbeat for 155.8s
2026-01-13 23:41:58 - DroneController - [WARNING] - No heartbeat for 156.8s
2026-01-13 23:41:59 - DroneController - [WARNING] - No messages received in 5 seconds
2026-01-13 23:41:59 - DroneController - [WARNING] - No heartbeat for 157.8s
2026-01-13 23:42:00 - DroneController - [WARNING] - No heartbeat for 158.8s
2026-01-13 23:42:01 - DroneController - [WARNING] - No heartbeat for 159.8s
2026-01-13 23:42:02 - DroneController - [WARNING] - No heartbeat for 160.8s
2026-01-13 23:42:03 - DroneController - [WARNING] - No heartbeat for 161.8s
2026-01-13 23:42:04 - DroneController - [WARNING] - No messages received in 5 seconds
2026-01-13 23:42:04 - DroneController - [WARNING] - No heartbeat for 162.8s
2026-01-13 23:42:05 - DroneController - [WARNING] - No heartbeat for 163.8s
2026-01-13 23:42:06 - DroneController - [WARNING] - No heartbeat for 164.8s
2026-01-13 23:42:07 - DroneController - [WARNING] - No heartbeat for 165.8s
2026-01-13 23:42:08 - DroneController - [WARNING] - No heartbeat for 166.8s
2026-01-13 23:42:09 - DroneController - [WARNING] - No messages received in 5 seconds
2026-01-13 23:42:09 - DroneController - [WARNING] - No heartbeat for 167.8s
2026-01-13 23:42:10 - DroneController - [WARNING] - No heartbeat for 168.8s
2026-01-13 23:42:11 - DroneController - [WARNING] - No heartbeat for 169.8s
2026-01-13 23:42:12 - DroneController - [WARNING] - No heartbeat for 170.8s
2026-01-13 23:42:13 - DroneController - [WARNING] - No heartbeat for 171.8s
2026-01-13 23:42:14 - DroneController - [WARNING] - No messages received in 5 seconds
2026-01-13 23:42:14 - DroneController - [WARNING] - No heartbeat for 172.8s
2026-01-13 23:42:15 - DroneController - [WARNING] - No heartbeat for 173.8s
2026-01-13 23:42:16 - DroneController - [WARNING] - No heartbeat for 174.8s
2026-01-13 23:42:17 - DroneController - [WARNING] - No heartbeat for 175.8s
2026-01-13 23:42:18 - DroneController - [WARNING] - No heartbeat for 176.8s
2026-01-13 23:42:19 - DroneController - [WARNING] - No messages received in 5 seconds
2026-01-13 23:42:19 - DroneController - [WARNING] - No heartbeat for 177.9s
2026-01-13 23:42:20 - DroneController - [WARNING] - No heartbeat for 178.9s
2026-01-13 23:42:21 - DroneController - [WARNING] - No heartbeat for 179.9s
2026-01-13 23:42:22 - DroneController - [WARNING] - No heartbeat for 180.9s
2026-01-13 23:42:23 - DroneController - [WARNING] - No heartbeat for 181.9s
2026-01-13 23:42:24 - DroneController - [WARNING] - No heartbeat for 182.9s
2026-01-13 23:42:24 - DroneController - [WARNING] - No messages received in 5 seconds
2026-01-13 23:42:25 - DroneController - [WARNING] - No heartbeat for 183.9s
2026-01-13 23:42:26 - DroneController - [WARNING] - No heartbeat for 184.9s
2026-01-13 23:42:27 - DroneController - [WARNING] - No heartbeat for 185.9s
2026-01-13 23:42:28 - DroneController - [WARNING] - No heartbeat for 186.9s
2026-01-13 23:42:29 - DroneController - [WARNING] - No heartbeat for 187.9s
2026-01-13 23:42:30 - DroneController - [WARNING] - No messages received in 5 seconds
2026-01-13 23:42:30 - DroneController - [WARNING] - No heartbeat for 188.9s
2026-01-13 23:42:32 - DroneController - [WARNING] - No heartbeat for 189.9s
2026-01-13 23:42:33 - DroneController - [WARNING] - No heartbeat for 190.9s
2026-01-13 23:42:34 - DroneController - [WARNING] - No heartbeat for 191.9s
2026-01-13 23:42:35 - DroneController - [WARNING] - No heartbeat for 192.9s
2026-01-13 23:42:35 - DroneController - [WARNING] - No messages received in 5 seconds
2026-01-13 23:42:36 - DroneController - [WARNING] - No heartbeat for 193.9s
2026-01-13 23:42:37 - DroneController - [WARNING] - No heartbeat for 194.9s
2026-01-13 23:42:38 - DroneController - [WARNING] - No heartbeat for 195.9s
2026-01-13 23:42:39 - DroneController - [WARNING] - No heartbeat for 196.9s
2026-01-13 23:42:40 - DroneController - [WARNING] - No heartbeat for 197.9s
2026-01-13 23:42:40 - DroneController - [WARNING] - No messages received in 5 seconds
2026-01-13 23:42:41 - DroneController - [WARNING] - No heartbeat for 198.9s
2026-01-13 23:42:42 - DroneController - [WARNING] - No heartbeat for 199.9s
2026-01-13 23:42:43 - DroneController - [WARNING] - No heartbeat for 201.0s
2026-01-13 23:42:44 - DroneController - [WARNING] - No heartbeat for 202.0s
2026-01-13 23:42:45 - DroneController - [WARNING] - No heartbeat for 203.0s
2026-01-13 23:42:45 - DroneController - [WARNING] - No messages received in 5 seconds
2026-01-13 23:42:46 - DroneController - [WARNING] - No heartbeat for 204.0s
2026-01-13 23:42:47 - DroneController - [WARNING] - No heartbeat for 205.0s
2026-01-13 23:42:48 - DroneController - [WARNING] - No heartbeat for 206.0s
2026-01-13 23:42:49 - DroneController - [WARNING] - No heartbeat for 207.0s
2026-01-13 23:42:50 - DroneController - [WARNING] - No heartbeat for 208.0s
2026-01-13 23:42:50 - DroneController - [WARNING] - No messages received in 5 seconds
2026-01-13 23:42:51 - DroneController - [WARNING] - No heartbeat for 209.0s
2026-01-13 23:42:52 - DroneController - [WARNING] - No heartbeat for 210.0s
2026-01-13 23:42:53 - DroneController - [WARNING] - No heartbeat for 211.0s
2026-01-13 23:42:54 - DroneController - [WARNING] - No heartbeat for 212.0s
2026-01-13 23:42:55 - DroneController - [WARNING] - No heartbeat for 213.0s
2026-01-13 23:42:55 - DroneController - [WARNING] - No messages received in 5 seconds
2026-01-13 23:42:56 - DroneController - [WARNING] - No heartbeat for 214.4s
2026-01-13 23:42:57 - DroneController - [WARNING] - No heartbeat for 215.4s
2026-01-13 23:42:58 - DroneController - [WARNING] - No heartbeat for 216.5s
2026-01-13 23:42:59 - DroneController - [WARNING] - No heartbeat for 217.5s
2026-01-13 23:43:00 - DroneController - [WARNING] - No heartbeat for 218.5s
2026-01-13 23:43:00 - DroneController - [WARNING] - No messages received in 5 seconds
2026-01-13 23:43:01 - DroneController - [WARNING] - No heartbeat for 219.5s
2026-01-13 23:43:02 - DroneController - [WARNING] - No heartbeat for 220.5s
2026-01-13 23:43:03 - DroneController - [WARNING] - No heartbeat for 221.5s
2026-01-13 23:43:04 - DroneController - [WARNING] - No heartbeat for 222.5s
2026-01-13 23:43:05 - DroneController - [WARNING] - No heartbeat for 223.5s
2026-01-13 23:43:06 - DroneController - [WARNING] - No messages received in 5 seconds
2026-01-13 23:43:06 - DroneController - [WARNING] - No heartbeat for 224.5s
2026-01-13 23:43:07 - DroneController - [WARNING] - No heartbeat for 225.5s
2026-01-13 23:43:08 - DroneController - [WARNING] - No heartbeat for 226.5s
2026-01-13 23:43:09 - DroneController - [WARNING] - No heartbeat for 227.5s
2026-01-13 23:43:10 - DroneController - [WARNING] - No heartbeat for 228.5s
2026-01-13 23:43:11 - DroneController - [WARNING] - No messages received in 5 seconds
2026-01-13 23:43:11 - DroneController - [WARNING] - No heartbeat for 229.5s
2026-01-13 23:43:12 - DroneController - [WARNING] - No heartbeat for 230.5s
2026-01-13 23:43:13 - DroneController - [WARNING] - No heartbeat for 231.5s
2026-01-13 23:43:14 - DroneController - [WARNING] - No heartbeat for 232.5s
2026-01-13 23:43:15 - DroneController - [WARNING] - No heartbeat for 233.5s
2026-01-13 23:43:16 - DroneController - [WARNING] - No messages received in 5 seconds
2026-01-13 23:43:16 - DroneController - [WARNING] - No heartbeat for 234.5s
2026-01-13 23:43:17 - DroneController - [WARNING] - No heartbeat for 235.5s
2026-01-13 23:43:18 - DroneController - [WARNING] - No heartbeat for 236.5s
2026-01-13 23:43:19 - DroneController - [WARNING] - No heartbeat for 237.5s
2026-01-13 23:43:20 - DroneController - [WARNING] - No heartbeat for 238.5s
2026-01-13 23:43:21 - DroneController - [WARNING] - No messages received in 5 seconds
2026-01-13 23:43:21 - DroneController - [WARNING] - No heartbeat for 239.6s
2026-01-13 23:43:22 - DroneController - [WARNING] - No heartbeat for 240.6s
2026-01-13 23:43:23 - DroneController - [WARNING] - No heartbeat for 241.6s
2026-01-13 23:43:24 - DroneController - [WARNING] - No heartbeat for 242.6s
2026-01-13 23:43:25 - DroneController - [WARNING] - No heartbeat for 243.6s
2026-01-13 23:43:26 - DroneController - [WARNING] - No messages received in 5 seconds
2026-01-13 23:43:26 - DroneController - [WARNING] - No heartbeat for 244.6s
2026-01-13 23:43:27 - DroneController - [WARNING] - No heartbeat for 245.6s
2026-01-13 23:43:28 - DroneController - [WARNING] - No heartbeat for 246.6s
2026-01-13 23:43:29 - DroneController - [WARNING] - No heartbeat for 247.6s
2026-01-13 23:43:30 - DroneController - [WARNING] - No heartbeat for 248.6s
2026-01-13 23:43:31 - DroneController - [WARNING] - No messages received in 5 seconds
2026-01-13 23:43:31 - DroneController - [WARNING] - No heartbeat for 249.6s
2026-01-13 23:43:32 - DroneController - [WARNING] - No heartbeat for 250.6s
2026-01-13 23:43:33 - DroneController - [WARNING] - No heartbeat for 251.6s
2026-01-13 23:43:34 - DroneController - [WARNING] - No heartbeat for 252.6s
2026-01-13 23:43:35 - DroneController - [WARNING] - No heartbeat for 253.6s
2026-01-13 23:43:36 - DroneController - [WARNING] - No messages received in 5 seconds
2026-01-13 23:43:36 - DroneController - [WARNING] - No heartbeat for 254.6s
2026-01-13 23:43:37 - DroneController - [WARNING] - No heartbeat for 255.6s
2026-01-13 23:43:38 - DroneController - [WARNING] - No heartbeat for 256.6s
2026-01-13 23:43:39 - DroneController - [WARNING] - No heartbeat for 257.6s
2026-01-13 23:43:40 - DroneController - [WARNING] - No heartbeat for 258.6s
2026-01-13 23:43:41 - DroneController - [WARNING] - No messages received in 5 seconds
2026-01-13 23:43:41 - DroneController - [WARNING] - No heartbeat for 259.6s
2026-01-13 23:43:42 - DroneController - [WARNING] - No heartbeat for 260.7s
2026-01-13 23:43:43 - DroneController - [WARNING] - No heartbeat for 261.7s
2026-01-13 23:43:44 - DroneController - [WARNING] - No heartbeat for 262.7s
2026-01-13 23:43:45 - DroneController - [WARNING] - No heartbeat for 263.7s
2026-01-13 23:43:46 - DroneController - [WARNING] - No messages received in 5 seconds
2026-01-13 23:43:46 - DroneController - [WARNING] - No heartbeat for 264.7s
2026-01-13 23:43:47 - DroneController - [WARNING] - No heartbeat for 265.7s
2026-01-13 23:43:48 - DroneController - [WARNING] - No heartbeat for 266.7s
2026-01-13 23:43:49 - DroneController - [WARNING] - No heartbeat for 267.7s
2026-01-13 23:43:50 - DroneController - [WARNING] - No heartbeat for 268.7s
2026-01-13 23:43:51 - DroneController - [WARNING] - No messages received in 5 seconds
2026-01-13 23:43:51 - DroneController - [WARNING] - No heartbeat for 269.7s
2026-01-13 23:43:52 - DroneController - [WARNING] - No heartbeat for 270.7s
2026-01-13 23:43:53 - DroneController - [WARNING] - No heartbeat for 271.7s
2026-01-13 23:43:54 - DroneController - [WARNING] - No heartbeat for 272.7s
2026-01-13 23:43:55 - DroneController - [WARNING] - No heartbeat for 273.7s
2026-01-13 23:43:56 - DroneController - [WARNING] - No messages received in 5 seconds
2026-01-13 23:43:56 - DroneController - [WARNING] - No heartbeat for 274.7s
2026-01-13 23:43:57 - DroneController - [WARNING] - No heartbeat for 275.7s
2026-01-13 23:43:58 - DroneController - [WARNING] - No heartbeat for 276.7s
2026-01-13 23:43:59 - DroneController - [WARNING] - No heartbeat for 277.7s
2026-01-13 23:44:00 - DroneController - [WARNING] - No heartbeat for 278.7s
2026-01-13 23:44:01 - DroneController - [WARNING] - No messages received in 5 seconds
2026-01-13 23:44:01 - DroneController - [WARNING] - No heartbeat for 279.7s
2026-01-13 23:44:02 - DroneController - [WARNING] - No heartbeat for 280.7s
2026-01-13 23:44:03 - DroneController - [WARNING] - No heartbeat for 281.7s
2026-01-13 23:44:04 - DroneController - [WARNING] - No heartbeat for 282.7s
2026-01-13 23:44:05 - DroneController - [WARNING] - No heartbeat for 283.7s
2026-01-13 23:44:06 - DroneController - [WARNING] - No messages received in 5 seconds
2026-01-13 23:44:06 - DroneController - [WARNING] - No heartbeat for 284.8s
2026-01-13 23:44:07 - DroneController - [WARNING] - No heartbeat for 285.8s
2026-01-13 23:44:08 - DroneController - [WARNING] - No heartbeat for 286.8s
2026-01-13 23:44:09 - DroneController - [WARNING] - No heartbeat for 287.8s
2026-01-13 23:44:10 - DroneController - [WARNING] - No heartbeat for 288.8s
2026-01-13 23:44:11 - DroneController - [WARNING] - No messages received in 5 seconds
2026-01-13 23:44:11 - DroneController - [WARNING] - No heartbeat for 289.8s
2026-01-13 23:44:12 - DroneController - [WARNING] - No heartbeat for 290.8s
2026-01-13 23:44:13 - DroneController - [INFO] - Stopping controller...
2026-01-13 23:44:13 - DroneController - [INFO] - Mission controller stopped
2026-01-13 23:44:13 - DroneController - [INFO] - Stopping controller...
2026-01-13 23:44:13 - DroneController - [INFO] - Telemetry loop stopped. Total messages: 49491
2026-01-13 23:44:13 - DroneController - [INFO] - Message type distribution: {'AHRS': 1680, 'AHRS2': 1680, 'ATTITUDE': 1680, 'BATTERY_STATUS': 1680, 'COMMAND_ACK': 2, 'EKF_STATUS_REPORT': 1680, 'ESC_TELEMETRY_1_TO_4': 1680, 'ESC_TELEMETRY_5_TO_8': 1680, 'EXTENDED_SYS_STATE': 377, 'GLOBAL_POSITION_INT': 1680, 'GPS_GLOBAL_ORIGIN': 1, 'GPS_RAW_INT': 1680, 'HEARTBEAT': 378, 'HOME_POSITION': 378, 'LOCAL_POSITION_NED': 1680, 'MEMINFO': 1680, 'MISSION_CURRENT': 1680, 'NAV_CONTROLLER_OUTPUT': 1680, 'PARAM_VALUE': 37, 'POSITION_TARGET_GLOBAL_INT': 1158, 'POWER_STATUS': 1680, 'RAW_IMU': 1680, 'RC_CHANNELS': 1680, 'SCALED_IMU2': 1680, 'SCALED_IMU3': 1680, 'SCALED_PRESSURE': 1680, 'SCALED_PRESSURE2': 1680, 'SERVO_OUTPUT_RAW': 1680, 'SIMSTATE': 1680, 'STATUSTEXT': 6, 'SYSTEM_TIME': 1680, 'SYS_STATUS': 1680, 'TERRAIN_REPORT': 1680, 'TIMESYNC': 38, 'UNKNOWN_437': 76, 'VFR_HUD': 1680, 'VIBRATION': 1680, 'WIND': 1680}
2026-01-13 23:44:13 - DroneController - [INFO] - Command processor stopped
2026-01-13 23:44:13 - DroneController - [INFO] - Heartbeat monitor stopped
2026-01-13 23:44:13 - DroneController - [INFO] - Controller stopped
2026-01-13 23:44:13 - DroneController - [INFO] - Stopping controller...
2026-01-13 23:44:13 - DroneController - [INFO] - Controller stopped
2026-01-13 23:45:13 - DroneController - [INFO] - Mission planner initialized with KML: /Users/trishit_debsharma/Documents/Code/NIDAR/NIDAR/scan_drone/data/GBULcircle.kml
2026-01-13 23:45:13 - DroneController - [INFO] - DroneController initialized
2026-01-13 23:45:13 - DroneController - [INFO] - Geofence mode: polygon
2026-01-13 23:45:13 - DroneController - [INFO] - Connecting to 127.0.0.1:14551
2026-01-13 23:45:13 - DroneController - [INFO] - Connection attempt 1/3...
2026-01-13 23:45:13 - DroneController - [INFO] - Waiting for heartbeat...
2026-01-13 23:45:13 - DroneController - [INFO] - Heartbeat from system 1, component 0
2026-01-13 23:45:13 - DroneController - [INFO] - Requesting data streams...
2026-01-13 23:45:13 - DroneController - [INFO] - Verifying data stream...
2026-01-13 23:45:13 - DroneController - [INFO] - Verifying data stream reception...
2026-01-13 23:45:14 - DroneController - [INFO] - ✓ All critical data streams verified
2026-01-13 23:45:14 - DroneController - [INFO] - Waiting for data streams to initialize...
2026-01-13 23:45:17 - DroneController - [INFO] - State transition: DISCONNECTED -> CONNECTED
2026-01-13 23:45:17 - DroneController - [INFO] - Telemetry log initialized: telemetry/telemetry_20260113_234517.csv
2026-01-13 23:45:17 - DroneController - [INFO] - ✓ Connection established and verified
2026-01-13 23:45:17 - DroneController - [INFO] - Telemetry loop started
2026-01-13 23:45:17 - DroneController - [INFO] - Heartbeat monitor started
2026-01-13 23:45:17 - DroneController - [INFO] - ✓ First telemetry message received
2026-01-13 23:45:17 - DroneController - [INFO] - Command processor started
2026-01-13 23:45:17 - DroneController - [INFO] - Mission controller started
2026-01-13 23:45:17 - DroneController - [INFO] - All threads started
2026-01-13 23:45:17 - DroneController - [INFO] - State transition: CONNECTED -> IDLE
2026-01-13 23:45:23 - DroneController - [INFO] - Loading mission with 30 points
2026-01-13 23:45:23 - DroneController - [INFO] - Starting and home position: lat=28.423520, lon=77.527510
2026-01-13 23:45:23 - DroneController - [INFO] - Mission validated: 30 waypoints
2026-01-13 23:45:23 - DroneController - [INFO] - Starting arm and takeoff to 3.0m
2026-01-13 23:45:23 - DroneController - [INFO] - Using polygon geofence from KML
2026-01-13 23:45:23 - DroneController - [INFO] - Setting mode to GUIDED (attempt 1)
2026-01-13 23:45:24 - DroneController - [INFO] - Mode changed to GUIDED
2026-01-13 23:45:24 - DroneController - [INFO] - State transition: IDLE -> ARMING
2026-01-13 23:45:24 - DroneController - [INFO] - Waiting for drone to become armable...
2026-01-13 23:45:24 - DroneController - [INFO] - ✓ Drone is armable
2026-01-13 23:45:24 - DroneController - [INFO] - Arming attempt 1/3
2026-01-13 23:45:24 - DroneController - [INFO] - Armed successfully
2026-01-13 23:45:24 - DroneController - [INFO] - State transition: ARMING -> ARMED
2026-01-13 23:45:26 - DroneController - [INFO] - State transition: ARMED -> TAKING_OFF
2026-01-13 23:45:26 - DroneController - [INFO] - Takeoff attempt 1/3
2026-01-13 23:45:26 - DroneController - [INFO] - Takeoff command accepted
2026-01-13 23:45:28 - DroneController - [INFO] - Telemetry: 2041 msgs | GPS: (28.423520, 77.527510, 0.07m) | Battery: 99% | Mode: GUIDED
2026-01-13 23:45:30 - DroneController - [INFO] - Target altitude reached: 2.52m
2026-01-13 23:45:30 - DroneController - [INFO] - Arm and takeoff complete
2026-01-13 23:45:30 - DroneController - [INFO] - State transition: TAKING_OFF -> ARMED
2026-01-13 23:45:30 - DroneController - [INFO] - Starting mission with 30 waypoints
2026-01-13 23:45:30 - DroneController - [INFO] - State transition: ARMED -> MISSION_ACTIVE
2026-01-13 23:45:30 - DroneController - [INFO] - Sending waypoint: (28.423599, 77.527744, 3.00)
2026-01-13 23:45:30 - DroneController - [ERROR] - Geofence violation: Outside polygon boundary: (28.423520, 77.527510)
2026-01-13 23:45:30 - DroneController - [CRITICAL] - Emergency RTL triggered
2026-01-13 23:45:30 - DroneController - [INFO] - State transition: MISSION_ACTIVE -> RETURNING_HOME
2026-01-13 23:45:30 - DroneController - [INFO] - Setting mode to RTL (attempt 1)
2026-01-13 23:45:31 - DroneController - [INFO] - Mode changed to RTL
2026-01-13 23:45:31 - DroneController - [INFO] - RTL in progress
2026-01-13 23:45:38 - DroneController - [INFO] - Telemetry: 3236 msgs | GPS: (28.423520, 77.527510, 2.64m) | Battery: 97% | Mode: RTL
2026-01-13 23:45:48 - DroneController - [INFO] - Telemetry: 4407 msgs | GPS: (28.423520, 77.527510, -0.02m) | Battery: 95% | Mode: RTL
2026-01-13 23:45:58 - DroneController - [INFO] - Telemetry: 5562 msgs | GPS: (28.423520, 77.527509, 0.01m) | Battery: 95% | Mode: RTL
2026-01-13 23:46:08 - DroneController - [INFO] - Telemetry: 6715 msgs | GPS: (28.423520, 77.527509, 0.01m) | Battery: 95% | Mode: RTL
2026-01-13 23:46:18 - DroneController - [INFO] - Telemetry: 7869 msgs | GPS: (28.423520, 77.527509, 0.01m) | Battery: 95% | Mode: RTL
2026-01-13 23:46:21 - DroneController - [INFO] - Stopping controller...
2026-01-13 23:46:21 - DroneController - [INFO] - Mission controller stopped
2026-01-13 23:46:21 - DroneController - [INFO] - Telemetry loop stopped. Total messages: 8273
2026-01-13 23:46:21 - DroneController - [INFO] - Message type distribution: {'AHRS': 272, 'AHRS2': 327, 'ATTITUDE': 327, 'BATTERY_STATUS': 271, 'COMMAND_ACK': 6, 'EKF_STATUS_REPORT': 271, 'ESC_TELEMETRY_1_TO_4': 327, 'ESC_TELEMETRY_5_TO_8': 327, 'EXTENDED_SYS_STATE': 67, 'GLOBAL_POSITION_INT': 255, 'GPS_GLOBAL_ORIGIN': 1, 'GPS_RAW_INT': 279, 'HEARTBEAT': 68, 'HOME_POSITION': 68, 'LOCAL_POSITION_NED': 255, 'MEMINFO': 279, 'MISSION_CURRENT': 279, 'NAV_CONTROLLER_OUTPUT': 279, 'PARAM_VALUE': 7, 'POSITION_TARGET_GLOBAL_INT': 38, 'POWER_STATUS': 279, 'RAW_IMU': 270, 'RC_CHANNELS': 289, 'SCALED_IMU2': 270, 'SCALED_IMU3': 270, 'SCALED_PRESSURE': 270, 'SCALED_PRESSURE2': 270, 'SERVO_OUTPUT_RAW': 289, 'SIMSTATE': 327, 'STATUSTEXT': 5, 'SYSTEM_TIME': 271, 'SYS_STATUS': 279, 'TERRAIN_REPORT': 271, 'TERRAIN_REQUEST': 18, 'TIMESYNC': 6, 'UNKNOWN_437': 13, 'VFR_HUD': 331, 'VIBRATION': 271, 'WIND': 271}
2026-01-13 23:46:21 - DroneController - [INFO] - Command processor stopped
2026-01-13 23:46:22 - DroneController - [INFO] - Stopping controller...
2026-01-13 23:46:22 - DroneController - [INFO] - Heartbeat monitor stopped
2026-01-13 23:46:22 - DroneController - [INFO] - Controller stopped
2026-01-13 23:46:22 - DroneController - [INFO] - Stopping controller...
2026-01-13 23:46:22 - DroneController - [INFO] - Controller stopped
2026-01-13 23:50:43 - DroneController - [INFO] - Mission planner initialized with KML: /Users/trishit_debsharma/Documents/Code/NIDAR/NIDAR/scan_drone/data/GBULcircle.kml
2026-01-13 23:50:43 - DroneController - [INFO] - DroneController initialized
2026-01-13 23:50:43 - DroneController - [INFO] - Geofence mode: polygon
2026-01-13 23:50:43 - DroneController - [INFO] - Connecting to 127.0.0.1:14551
2026-01-13 23:50:43 - DroneController - [INFO] - Connection attempt 1/3...
2026-01-13 23:50:43 - DroneController - [INFO] - Waiting for heartbeat...
2026-01-13 23:50:44 - DroneController - [INFO] - Heartbeat from system 1, component 0
2026-01-13 23:50:44 - DroneController - [INFO] - Requesting data streams...
2026-01-13 23:50:44 - DroneController - [INFO] - Verifying data stream...
2026-01-13 23:50:44 - DroneController - [INFO] - Verifying data stream reception...
2026-01-13 23:50:45 - DroneController - [INFO] - ✓ All critical data streams verified
2026-01-13 23:50:45 - DroneController - [INFO] - Waiting for data streams to initialize...
2026-01-13 23:50:48 - DroneController - [INFO] - State transition: DISCONNECTED -> CONNECTED
2026-01-13 23:50:48 - DroneController - [INFO] - Telemetry log initialized: telemetry/telemetry_20260113_235048.csv
2026-01-13 23:50:48 - DroneController - [INFO] - ✓ Connection established and verified
2026-01-13 23:50:48 - DroneController - [INFO] - Telemetry loop started
2026-01-13 23:50:48 - DroneController - [INFO] - Heartbeat monitor started
2026-01-13 23:50:48 - DroneController - [INFO] - Command processor started
2026-01-13 23:50:48 - DroneController - [INFO] - Mission controller started
2026-01-13 23:50:48 - DroneController - [INFO] - ✓ First telemetry message received
2026-01-13 23:50:48 - DroneController - [INFO] - All threads started
2026-01-13 23:50:48 - DroneController - [INFO] - State transition: CONNECTED -> IDLE
2026-01-13 23:50:53 - DroneController - [INFO] - Loading mission with 30 points
2026-01-13 23:50:53 - DroneController - [INFO] - Starting and home position: lat=28.424320, lon=77.527280
2026-01-13 23:50:53 - DroneController - [INFO] - Mission validated: 30 waypoints
2026-01-13 23:50:53 - DroneController - [INFO] - Starting arm and takeoff to 3.0m
2026-01-13 23:50:53 - DroneController - [INFO] - Using polygon geofence from KML
2026-01-13 23:50:53 - DroneController - [INFO] - Setting mode to GUIDED (attempt 1)
2026-01-13 23:50:54 - DroneController - [INFO] - Mode changed to GUIDED
2026-01-13 23:50:54 - DroneController - [INFO] - State transition: IDLE -> ARMING
2026-01-13 23:50:54 - DroneController - [INFO] - Waiting for drone to become armable...
2026-01-13 23:50:54 - DroneController - [INFO] - ✓ Drone is armable
2026-01-13 23:50:54 - DroneController - [INFO] - Arming attempt 1/3
2026-01-13 23:50:54 - DroneController - [INFO] - Armed successfully
2026-01-13 23:50:54 - DroneController - [INFO] - State transition: ARMING -> ARMED
2026-01-13 23:50:56 - DroneController - [INFO] - State transition: ARMED -> TAKING_OFF
2026-01-13 23:50:56 - DroneController - [INFO] - Takeoff attempt 1/3
2026-01-13 23:50:56 - DroneController - [INFO] - Takeoff command accepted
2026-01-13 23:50:58 - DroneController - [INFO] - Telemetry: 1958 msgs | GPS: (28.424320, 77.527280, 0.08m) | Battery: 99% | Mode: GUIDED
2026-01-13 23:51:00 - DroneController - [INFO] - Target altitude reached: 2.56m
2026-01-13 23:51:00 - DroneController - [INFO] - Arm and takeoff complete
2026-01-13 23:51:00 - DroneController - [INFO] - State transition: TAKING_OFF -> ARMED
2026-01-13 23:51:00 - DroneController - [INFO] - Starting mission with 30 waypoints
2026-01-13 23:51:00 - DroneController - [INFO] - State transition: ARMED -> MISSION_ACTIVE
2026-01-13 23:51:00 - DroneController - [INFO] - Sending waypoint: (28.424364, 77.527028, 3.00)
2026-01-13 23:51:06 - DroneController - [INFO] - Waypoint 1/30 reached
2026-01-13 23:51:06 - DroneController - [INFO] - Sending waypoint: (28.424132, 77.527028, 3.00)
2026-01-13 23:51:08 - DroneController - [INFO] - Telemetry: 3155 msgs | GPS: (28.424343, 77.527021, 3.01m) | Battery: 97% | Mode: GUIDED
2026-01-13 23:51:12 - DroneController - [INFO] - Waypoint 2/30 reached
2026-01-13 23:51:12 - DroneController - [INFO] - Sending waypoint: (28.423986, 77.527080, 3.00)
2026-01-13 23:51:16 - DroneController - [INFO] - Waypoint 3/30 reached
2026-01-13 23:51:16 - DroneController - [INFO] - Sending waypoint: (28.424510, 77.527080, 3.00)
2026-01-13 23:51:18 - DroneController - [INFO] - Telemetry: 4353 msgs | GPS: (28.423991, 77.527080, 3.01m) | Battery: 94% | Mode: GUIDED
2026-01-13 23:51:27 - DroneController - [INFO] - Waypoint 4/30 reached
2026-01-13 23:51:27 - DroneController - [INFO] - Sending waypoint: (28.424594, 77.527131, 3.00)
2026-01-13 23:51:28 - DroneController - [INFO] - Telemetry: 5552 msgs | GPS: (28.424521, 77.527086, 3.01m) | Battery: 92% | Mode: GUIDED
2026-01-13 23:51:30 - DroneController - [INFO] - Waypoint 5/30 reached
2026-01-13 23:51:30 - DroneController - [INFO] - Sending waypoint: (28.423902, 77.527131, 3.00)
2026-01-13 23:51:38 - DroneController - [INFO] - Telemetry: 6749 msgs | GPS: (28.424164, 77.527132, 3.02m) | Battery: 89% | Mode: GUIDED
2026-01-13 23:51:42 - DroneController - [INFO] - Waypoint 6/30 reached
2026-01-13 23:51:42 - DroneController - [INFO] - Sending waypoint: (28.423838, 77.527182, 3.00)
2026-01-13 23:51:45 - DroneController - [INFO] - Waypoint 7/30 reached
2026-01-13 23:51:45 - DroneController - [INFO] - Sending waypoint: (28.424658, 77.527182, 3.00)
2026-01-13 23:51:48 - DroneController - [INFO] - Telemetry: 7941 msgs | GPS: (28.423896, 77.527184, 3.00m) | Battery: 87% | Mode: GUIDED
2026-01-13 23:51:58 - DroneController - [INFO] - Telemetry: 9134 msgs | GPS: (28.424626, 77.527182, 2.99m) | Battery: 85% | Mode: GUIDED
2026-01-13 23:51:58 - DroneController - [INFO] - Waypoint 8/30 reached
2026-01-13 23:51:58 - DroneController - [INFO] - Sending waypoint: (28.424707, 77.527233, 3.00)
2026-01-13 23:52:01 - DroneController - [INFO] - Waypoint 9/30 reached
2026-01-13 23:52:01 - DroneController - [INFO] - Sending waypoint: (28.423789, 77.527233, 3.00)
2026-01-13 23:52:08 - DroneController - [INFO] - Telemetry: 10330 msgs | GPS: (28.424338, 77.527235, 3.01m) | Battery: 82% | Mode: GUIDED
2026-01-13 23:52:15 - DroneController - [INFO] - Waypoint 10/30 reached
2026-01-13 23:52:15 - DroneController - [INFO] - Sending waypoint: (28.423748, 77.527284, 3.00)
2026-01-13 23:52:17 - DroneController - [INFO] - Waypoint 11/30 reached
2026-01-13 23:52:17 - DroneController - [INFO] - Sending waypoint: (28.424748, 77.527284, 3.00)
2026-01-13 23:52:18 - DroneController - [INFO] - Telemetry: 11523 msgs | GPS: (28.423752, 77.527271, 2.99m) | Battery: 80% | Mode: GUIDED
2026-01-13 23:52:28 - DroneController - [INFO] - Telemetry: 12717 msgs | GPS: (28.424398, 77.527285, 3.01m) | Battery: 77% | Mode: GUIDED
2026-01-13 23:52:33 - DroneController - [INFO] - Waypoint 12/30 reached
2026-01-13 23:52:33 - DroneController - [INFO] - Sending waypoint: (28.424782, 77.527335, 3.00)
2026-01-13 23:52:35 - DroneController - [INFO] - Waypoint 13/30 reached
2026-01-13 23:52:35 - DroneController - [INFO] - Sending waypoint: (28.423714, 77.527335, 3.00)
2026-01-13 23:52:38 - DroneController - [INFO] - Telemetry: 13910 msgs | GPS: (28.424742, 77.527337, 3.00m) | Battery: 75% | Mode: GUIDED
2026-01-13 23:52:48 - DroneController - [INFO] - Telemetry: 15108 msgs | GPS: (28.423921, 77.527335, 3.01m) | Battery: 72% | Mode: GUIDED
2026-01-13 23:52:52 - DroneController - [INFO] - Waypoint 14/30 reached
2026-01-13 23:52:52 - DroneController - [INFO] - Sending waypoint: (28.423686, 77.527386, 3.00)
2026-01-13 23:52:54 - DroneController - [INFO] - Waypoint 15/30 reached
2026-01-13 23:52:54 - DroneController - [INFO] - Sending waypoint: (28.424810, 77.527386, 3.00)
2026-01-13 23:52:58 - DroneController - [INFO] - Telemetry: 16301 msgs | GPS: (28.423821, 77.527389, 3.00m) | Battery: 70% | Mode: GUIDED
2026-01-13 23:53:08 - DroneController - [INFO] - Telemetry: 17495 msgs | GPS: (28.424673, 77.527386, 3.00m) | Battery: 67% | Mode: GUIDED
2026-01-13 23:53:11 - DroneController - [INFO] - Waypoint 16/30 reached
2026-01-13 23:53:11 - DroneController - [INFO] - Sending waypoint: (28.424834, 77.527437, 3.00)
2026-01-13 23:53:12 - DroneController - [INFO] - Waypoint 17/30 reached
2026-01-13 23:53:12 - DroneController - [INFO] - Sending waypoint: (28.423662, 77.527437, 3.00)
2026-01-13 23:53:18 - DroneController - [INFO] - Telemetry: 18690 msgs | GPS: (28.424612, 77.527440, 3.01m) | Battery: 65% | Mode: GUIDED
2026-01-13 23:53:28 - DroneController - [INFO] - Telemetry: 19885 msgs | GPS: (28.423765, 77.527437, 2.99m) | Battery: 62% | Mode: GUIDED
2026-01-13 23:53:30 - DroneController - [INFO] - Waypoint 18/30 reached
2026-01-13 23:53:30 - DroneController - [INFO] - Sending waypoint: (28.423643, 77.527488, 3.00)
2026-01-13 23:53:32 - DroneController - [INFO] - Waypoint 19/30 reached
2026-01-13 23:53:32 - DroneController - [INFO] - Sending waypoint: (28.424853, 77.527488, 3.00)
2026-01-13 23:53:38 - DroneController - [INFO] - Telemetry: 21076 msgs | GPS: (28.423929, 77.527490, 3.00m) | Battery: 60% | Mode: GUIDED
2026-01-13 23:53:48 - DroneController - [INFO] - Telemetry: 22272 msgs | GPS: (28.424769, 77.527488, 2.99m) | Battery: 57% | Mode: GUIDED
2026-01-13 23:53:50 - DroneController - [INFO] - Waypoint 20/30 reached
2026-01-13 23:53:50 - DroneController - [INFO] - Sending waypoint: (28.424869, 77.527539, 3.00)
2026-01-13 23:53:52 - DroneController - [INFO] - Waypoint 21/30 reached
2026-01-13 23:53:52 - DroneController - [INFO] - Sending waypoint: (28.423627, 77.527539, 3.00)
2026-01-13 23:53:58 - DroneController - [INFO] - Telemetry: 23466 msgs | GPS: (28.424553, 77.527542, 3.01m) | Battery: 55% | Mode: GUIDED
2026-01-13 23:54:08 - DroneController - [INFO] - Telemetry: 24658 msgs | GPS: (28.423713, 77.527539, 2.99m) | Battery: 52% | Mode: GUIDED
2026-01-13 23:54:10 - DroneController - [INFO] - Waypoint 22/30 reached
2026-01-13 23:54:10 - DroneController - [INFO] - Sending waypoint: (28.423615, 77.527590, 3.00)
2026-01-13 23:54:11 - DroneController - [INFO] - Waypoint 23/30 reached
2026-01-13 23:54:11 - DroneController - [INFO] - Sending waypoint: (28.424881, 77.527590, 3.00)
2026-01-13 23:54:18 - DroneController - [INFO] - Telemetry: 25854 msgs | GPS: (28.423949, 77.527591, 3.00m) | Battery: 50% | Mode: GUIDED
2026-01-13 23:54:28 - DroneController - [INFO] - Telemetry: 27047 msgs | GPS: (28.424792, 77.527590, 2.99m) | Battery: 47% | Mode: GUIDED
2026-01-13 23:54:30 - DroneController - [INFO] - Waypoint 24/30 reached
2026-01-13 23:54:30 - DroneController - [INFO] - Sending waypoint: (28.424889, 77.527641, 3.00)
2026-01-13 23:54:32 - DroneController - [INFO] - Waypoint 25/30 reached
2026-01-13 23:54:32 - DroneController - [INFO] - Sending waypoint: (28.423607, 77.527641, 3.00)
2026-01-13 23:54:38 - DroneController - [INFO] - Telemetry: 28240 msgs | GPS: (28.424562, 77.527644, 3.00m) | Battery: 45% | Mode: GUIDED
2026-01-13 23:54:48 - DroneController - [INFO] - Telemetry: 29436 msgs | GPS: (28.423711, 77.527641, 2.99m) | Battery: 42% | Mode: GUIDED
2026-01-13 23:54:50 - DroneController - [INFO] - Waypoint 26/30 reached
2026-01-13 23:54:50 - DroneController - [INFO] - Sending waypoint: (28.423601, 77.527692, 3.00)
2026-01-13 23:54:52 - DroneController - [INFO] - Waypoint 27/30 reached
2026-01-13 23:54:52 - DroneController - [INFO] - Sending waypoint: (28.424895, 77.527692, 3.00)
2026-01-13 23:54:58 - DroneController - [INFO] - Telemetry: 30629 msgs | GPS: (28.423910, 77.527695, 3.00m) | Battery: 40% | Mode: GUIDED
2026-01-13 23:55:08 - DroneController - [INFO] - Telemetry: 31822 msgs | GPS: (28.424773, 77.527693, 3.00m) | Battery: 37% | Mode: GUIDED
2026-01-13 23:55:10 - DroneController - [INFO] - Waypoint 28/30 reached
2026-01-13 23:55:10 - DroneController - [INFO] - Sending waypoint: (28.424746, 77.527744, 3.00)
2026-01-13 23:55:16 - DroneController - [INFO] - Waypoint 29/30 reached
2026-01-13 23:55:16 - DroneController - [INFO] - Sending waypoint: (28.423599, 77.527744, 3.00)
2026-01-13 23:55:18 - DroneController - [INFO] - Telemetry: 33018 msgs | GPS: (28.424693, 77.527745, 3.00m) | Battery: 35% | Mode: GUIDED
2026-01-13 23:55:28 - DroneController - [INFO] - Telemetry: 34212 msgs | GPS: (28.423844, 77.527744, 3.01m) | Battery: 32% | Mode: GUIDED
2026-01-13 23:55:32 - DroneController - [INFO] - Waypoint 30/30 reached
2026-01-13 23:55:32 - DroneController - [INFO] - All waypoints reached, returning to home and landing
2026-01-13 23:55:32 - DroneController - [INFO] - Returning to home and landing
2026-01-13 23:55:32 - DroneController - [INFO] - Sending waypoint: (28.424320, 77.527280, 2.98)
2026-01-13 23:55:38 - DroneController - [INFO] - Telemetry: 35404 msgs | GPS: (28.423799, 77.527612, 2.98m) | Battery: 30% | Mode: GUIDED
2026-01-13 23:55:47 - DroneController - [INFO] - Reached home position, initiating landing
2026-01-13 23:55:48 - DroneController - [INFO] - Telemetry: 36600 msgs | GPS: (28.424326, 77.527276, 2.97m) | Battery: 27% | Mode: GUIDED
2026-01-13 23:55:49 - DroneController - [INFO] - State transition: MISSION_ACTIVE -> LANDING
2026-01-13 23:55:49 - DroneController - [INFO] - Setting mode to LAND (attempt 1)
2026-01-13 23:55:50 - DroneController - [INFO] - Mode changed to LAND
2026-01-13 23:55:50 - DroneController - [INFO] - Landing in progress
2026-01-13 23:55:50 - DroneController - [INFO] - Landing command sent
2026-01-13 23:55:58 - DroneController - [INFO] - Telemetry: 37764 msgs | GPS: (28.424321, 77.527280, 0.01m) | Battery: 25% | Mode: LAND
2026-01-13 23:56:08 - DroneController - [INFO] - Telemetry: 38917 msgs | GPS: (28.424321, 77.527280, 0.01m) | Battery: 25% | Mode: LAND
2026-01-13 23:56:18 - DroneController - [INFO] - Telemetry: 40070 msgs | GPS: (28.424321, 77.527280, 0.00m) | Battery: 25% | Mode: LAND
2026-01-13 23:56:20 - DroneController - [INFO] - Stopping controller...
2026-01-13 23:56:20 - DroneController - [INFO] - Heartbeat monitor stopped
2026-01-13 23:56:20 - DroneController - [INFO] - Mission controller stopped
2026-01-13 23:56:20 - DroneController - [INFO] - Telemetry loop stopped. Total messages: 40270
2026-01-13 23:56:20 - DroneController - [INFO] - Message type distribution: {'AHRS': 1365, 'AHRS2': 1383, 'ATTITUDE': 1383, 'BATTERY_STATUS': 1364, 'COMMAND_ACK': 6, 'EKF_STATUS_REPORT': 1364, 'ESC_TELEMETRY_1_TO_4': 1383, 'ESC_TELEMETRY_5_TO_8': 1383, 'EXTENDED_SYS_STATE': 335, 'GLOBAL_POSITION_INT': 1339, 'GPS_GLOBAL_ORIGIN': 1, 'GPS_RAW_INT': 1326, 'HEARTBEAT': 336, 'HOME_POSITION': 336, 'LOCAL_POSITION_NED': 1325, 'MEMINFO': 1326, 'MISSION_CURRENT': 1326, 'NAV_CONTROLLER_OUTPUT': 1326, 'PARAM_VALUE': 35, 'POSITION_TARGET_GLOBAL_INT': 1155, 'POWER_STATUS': 1326, 'RAW_IMU': 1370, 'RC_CHANNELS': 1326, 'SCALED_IMU2': 1370, 'SCALED_IMU3': 1370, 'SCALED_PRESSURE': 1370, 'SCALED_PRESSURE2': 1370, 'SERVO_OUTPUT_RAW': 1326, 'SIMSTATE': 1383, 'STATUSTEXT': 7, 'SYSTEM_TIME': 1364, 'SYS_STATUS': 1326, 'TERRAIN_REPORT': 1364, 'TERRAIN_REQUEST': 22, 'TIMESYNC': 34, 'UNKNOWN_437': 67, 'VFR_HUD': 1389, 'VIBRATION': 1364, 'WIND': 1325}
2026-01-13 23:56:20 - DroneController - [INFO] - Command processor stopped
2026-01-13 23:56:20 - DroneController - [INFO] - Controller stopped
2026-01-13 23:56:20 - DroneController - [INFO] - Stopping controller...
2026-01-13 23:56:20 - DroneController - [INFO] - Controller stopped
2026-01-14 00:01:28 - DroneController - [INFO] - Mission planner initialized with KML: /Users/trishit_debsharma/Documents/Code/NIDAR/NIDAR/scan_drone/data/GBULcircle.kml
2026-01-14 00:01:28 - DroneController - [INFO] - DroneController initialized
2026-01-14 00:01:28 - DroneController - [INFO] - Geofence mode: polygon
2026-01-14 00:01:28 - DroneController - [INFO] - Connecting to 127.0.0.1:14551
2026-01-14 00:01:28 - DroneController - [INFO] - Connection attempt 1/3...
2026-01-14 00:01:28 - DroneController - [INFO] - Waiting for heartbeat...
2026-01-14 00:01:29 - DroneController - [INFO] - Heartbeat from system 1, component 0
2026-01-14 00:01:29 - DroneController - [INFO] - Requesting data streams...
2026-01-14 00:01:29 - DroneController - [INFO] - Verifying data stream...
2026-01-14 00:01:29 - DroneController - [INFO] - Verifying data stream reception...
2026-01-14 00:01:30 - DroneController - [INFO] - ✓ All critical data streams verified
2026-01-14 00:01:30 - DroneController - [INFO] - Waiting for data streams to initialize...
2026-01-14 00:01:33 - DroneController - [INFO] - State transition: DISCONNECTED -> CONNECTED
2026-01-14 00:01:33 - DroneController - [INFO] - Telemetry log initialized: telemetry/telemetry_20260114_000133.csv
2026-01-14 00:01:33 - DroneController - [INFO] - ✓ Connection established and verified
2026-01-14 00:01:33 - DroneController - [INFO] - Telemetry loop started
2026-01-14 00:01:33 - DroneController - [INFO] - Heartbeat monitor started
2026-01-14 00:01:33 - DroneController - [INFO] - Command processor started
2026-01-14 00:01:33 - DroneController - [INFO] - ✓ First telemetry message received
2026-01-14 00:01:33 - DroneController - [INFO] - Mission controller started
2026-01-14 00:01:33 - DroneController - [INFO] - All threads started
2026-01-14 00:01:33 - DroneController - [INFO] - State transition: CONNECTED -> IDLE
2026-01-14 00:01:38 - DroneController - [INFO] - Loading mission with 30 points
2026-01-14 00:01:38 - DroneController - [INFO] - Starting and home position: lat=28.423520, lon=77.527510
2026-01-14 00:01:38 - DroneController - [INFO] - Mission validated: 30 waypoints
2026-01-14 00:01:38 - DroneController - [INFO] - Starting arm and takeoff to 3.0m
2026-01-14 00:01:38 - DroneController - [INFO] - Home set: 28.423520, 77.527510
2026-01-14 00:01:38 - DroneController - [INFO] - Using polygon geofence from KML (with home exception)
2026-01-14 00:01:38 - DroneController - [INFO] - Setting mode to GUIDED (attempt 1)
2026-01-14 00:01:39 - DroneController - [INFO] - Mode changed to GUIDED
2026-01-14 00:01:39 - DroneController - [INFO] - State transition: IDLE -> ARMING
2026-01-14 00:01:39 - DroneController - [INFO] - Waiting for drone to become armable...
2026-01-14 00:01:39 - DroneController - [INFO] - ✓ Drone is armable
2026-01-14 00:01:39 - DroneController - [INFO] - Arming attempt 1/3
2026-01-14 00:01:39 - DroneController - [INFO] - Armed successfully
2026-01-14 00:01:39 - DroneController - [INFO] - State transition: ARMING -> ARMED
2026-01-14 00:01:41 - DroneController - [INFO] - State transition: ARMED -> TAKING_OFF
2026-01-14 00:01:41 - DroneController - [INFO] - Takeoff attempt 1/3
2026-01-14 00:01:41 - DroneController - [INFO] - Takeoff command accepted
2026-01-14 00:01:43 - DroneController - [INFO] - Telemetry: 1808 msgs | GPS: (28.423520, 77.527510, 0.06m) | Battery: 99% | Mode: GUIDED
2026-01-14 00:01:45 - DroneController - [INFO] - Target altitude reached: 2.82m
2026-01-14 00:01:45 - DroneController - [INFO] - Arm and takeoff complete
2026-01-14 00:01:45 - DroneController - [INFO] - State transition: TAKING_OFF -> ARMED
2026-01-14 00:01:45 - DroneController - [INFO] - Starting mission with 30 waypoints
2026-01-14 00:01:45 - DroneController - [INFO] - State transition: ARMED -> MISSION_ACTIVE
2026-01-14 00:01:45 - DroneController - [INFO] - Sending waypoint: (28.423599, 77.527744, 3.00)
2026-01-14 00:01:51 - DroneController - [INFO] - Waypoint 1/30 reached
2026-01-14 00:01:51 - DroneController - [INFO] - Sending waypoint: (28.424746, 77.527744, 3.00)
2026-01-14 00:01:53 - DroneController - [INFO] - Telemetry: 2997 msgs | GPS: (28.423614, 77.527748, 3.00m) | Battery: 97% | Mode: GUIDED
2026-01-14 00:02:03 - DroneController - [INFO] - Telemetry: 4189 msgs | GPS: (28.424411, 77.527745, 3.01m) | Battery: 94% | Mode: GUIDED
2026-01-14 00:02:08 - DroneController - [INFO] - Waypoint 2/30 reached
2026-01-14 00:02:08 - DroneController - [INFO] - Sending waypoint: (28.424895, 77.527692, 3.00)
2026-01-14 00:02:12 - DroneController - [INFO] - Waypoint 3/30 reached
2026-01-14 00:02:12 - DroneController - [INFO] - Sending waypoint: (28.423601, 77.527692, 3.00)
2026-01-14 00:02:13 - DroneController - [INFO] - Telemetry: 5386 msgs | GPS: (28.424891, 77.527694, 2.99m) | Battery: 92% | Mode: GUIDED
2026-01-14 00:02:23 - DroneController - [INFO] - Telemetry: 6579 msgs | GPS: (28.424240, 77.527691, 3.01m) | Battery: 89% | Mode: GUIDED
2026-01-14 00:02:31 - DroneController - [INFO] - Waypoint 4/30 reached
2026-01-14 00:02:31 - DroneController - [INFO] - Sending waypoint: (28.423607, 77.527641, 3.00)
2026-01-14 00:02:33 - DroneController - [INFO] - Telemetry: 7773 msgs | GPS: (28.423593, 77.527675, 3.00m) | Battery: 87% | Mode: GUIDED
2026-01-14 00:02:33 - DroneController - [INFO] - Waypoint 5/30 reached
2026-01-14 00:02:33 - DroneController - [INFO] - Sending waypoint: (28.424889, 77.527641, 3.00)
2026-01-14 00:02:43 - DroneController - [INFO] - Telemetry: 8968 msgs | GPS: (28.424233, 77.527640, 3.01m) | Battery: 84% | Mode: GUIDED
2026-01-14 00:02:51 - DroneController - [INFO] - Waypoint 6/30 reached
2026-01-14 00:02:51 - DroneController - [INFO] - Sending waypoint: (28.424881, 77.527590, 3.00)
2026-01-14 00:02:53 - DroneController - [INFO] - Telemetry: 10161 msgs | GPS: (28.424896, 77.527629, 3.00m) | Battery: 82% | Mode: GUIDED
2026-01-14 00:02:53 - DroneController - [INFO] - Waypoint 7/30 reached
2026-01-14 00:02:53 - DroneController - [INFO] - Sending waypoint: (28.423615, 77.527590, 3.00)
2026-01-14 00:03:03 - DroneController - [INFO] - Telemetry: 11354 msgs | GPS: (28.424277, 77.527588, 3.00m) | Battery: 79% | Mode: GUIDED
2026-01-14 00:03:11 - DroneController - [INFO] - Waypoint 8/30 reached
2026-01-14 00:03:11 - DroneController - [INFO] - Sending waypoint: (28.423627, 77.527539, 3.00)
2026-01-14 00:03:13 - DroneController - [INFO] - Telemetry: 12550 msgs | GPS: (28.423610, 77.527577, 3.00m) | Battery: 77% | Mode: GUIDED
2026-01-14 00:03:13 - DroneController - [INFO] - Waypoint 9/30 reached
2026-01-14 00:03:13 - DroneController - [INFO] - Sending waypoint: (28.424869, 77.527539, 3.00)
2026-01-14 00:03:23 - DroneController - [INFO] - Telemetry: 13743 msgs | GPS: (28.424240, 77.527538, 3.00m) | Battery: 74% | Mode: GUIDED
2026-01-14 00:03:31 - DroneController - [INFO] - Waypoint 10/30 reached
2026-01-14 00:03:31 - DroneController - [INFO] - Sending waypoint: (28.424853, 77.527488, 3.00)
2026-01-14 00:03:33 - DroneController - [INFO] - Telemetry: 14936 msgs | GPS: (28.424875, 77.527524, 3.00m) | Battery: 72% | Mode: GUIDED
2026-01-14 00:03:33 - DroneController - [INFO] - Waypoint 11/30 reached
2026-01-14 00:03:33 - DroneController - [INFO] - Sending waypoint: (28.423643, 77.527488, 3.00)
2026-01-14 00:03:43 - DroneController - [INFO] - Telemetry: 16132 msgs | GPS: (28.424239, 77.527486, 3.00m) | Battery: 69% | Mode: GUIDED
2026-01-14 00:03:50 - DroneController - [INFO] - Waypoint 12/30 reached
2026-01-14 00:03:50 - DroneController - [INFO] - Sending waypoint: (28.423662, 77.527437, 3.00)
2026-01-14 00:03:53 - DroneController - [INFO] - Telemetry: 17325 msgs | GPS: (28.423641, 77.527462, 3.00m) | Battery: 67% | Mode: GUIDED
2026-01-14 00:03:53 - DroneController - [INFO] - Waypoint 13/30 reached
2026-01-14 00:03:53 - DroneController - [INFO] - Sending waypoint: (28.424834, 77.527437, 3.00)
2026-01-14 00:04:03 - DroneController - [INFO] - Telemetry: 18518 msgs | GPS: (28.424327, 77.527436, 3.00m) | Battery: 64% | Mode: GUIDED
2026-01-14 00:04:09 - DroneController - [INFO] - Waypoint 14/30 reached
2026-01-14 00:04:09 - DroneController - [INFO] - Sending waypoint: (28.424810, 77.527386, 3.00)
2026-01-14 00:04:12 - DroneController - [INFO] - Waypoint 15/30 reached
2026-01-14 00:04:12 - DroneController - [INFO] - Sending waypoint: (28.423686, 77.527386, 3.00)
2026-01-14 00:04:13 - DroneController - [INFO] - Telemetry: 19714 msgs | GPS: (28.424821, 77.527395, 2.99m) | Battery: 62% | Mode: GUIDED
2026-01-14 00:04:23 - DroneController - [INFO] - Telemetry: 20907 msgs | GPS: (28.424070, 77.527385, 3.01m) | Battery: 59% | Mode: GUIDED
2026-01-14 00:04:28 - DroneController - [INFO] - Waypoint 16/30 reached
2026-01-14 00:04:28 - DroneController - [INFO] - Sending waypoint: (28.423714, 77.527335, 3.00)
2026-01-14 00:04:31 - DroneController - [INFO] - Waypoint 17/30 reached
2026-01-14 00:04:31 - DroneController - [INFO] - Sending waypoint: (28.424782, 77.527335, 3.00)
2026-01-14 00:04:33 - DroneController - [INFO] - Telemetry: 22102 msgs | GPS: (28.423736, 77.527335, 3.00m) | Battery: 57% | Mode: GUIDED
2026-01-14 00:04:43 - DroneController - [INFO] - Telemetry: 23298 msgs | GPS: (28.424556, 77.527334, 3.01m) | Battery: 54% | Mode: GUIDED
2026-01-14 00:04:46 - DroneController - [INFO] - Waypoint 18/30 reached
2026-01-14 00:04:46 - DroneController - [INFO] - Sending waypoint: (28.424748, 77.527284, 3.00)
2026-01-14 00:04:49 - DroneController - [INFO] - Waypoint 19/30 reached
2026-01-14 00:04:49 - DroneController - [INFO] - Sending waypoint: (28.423748, 77.527284, 3.00)
2026-01-14 00:04:53 - DroneController - [INFO] - Telemetry: 24491 msgs | GPS: (28.424640, 77.527280, 3.00m) | Battery: 52% | Mode: GUIDED
2026-01-14 00:05:03 - DroneController - [INFO] - Telemetry: 25684 msgs | GPS: (28.423826, 77.527283, 2.99m) | Battery: 49% | Mode: GUIDED
2026-01-14 00:05:04 - DroneController - [INFO] - Waypoint 20/30 reached
2026-01-14 00:05:04 - DroneController - [INFO] - Sending waypoint: (28.423789, 77.527233, 3.00)
2026-01-14 00:05:07 - DroneController - [INFO] - Waypoint 21/30 reached
2026-01-14 00:05:07 - DroneController - [INFO] - Sending waypoint: (28.424707, 77.527233, 3.00)
2026-01-14 00:05:13 - DroneController - [INFO] - Telemetry: 26880 msgs | GPS: (28.424080, 77.527230, 3.00m) | Battery: 47% | Mode: GUIDED
2026-01-14 00:05:21 - DroneController - [INFO] - Waypoint 22/30 reached
2026-01-14 00:05:21 - DroneController - [INFO] - Sending waypoint: (28.424658, 77.527182, 3.00)
2026-01-14 00:05:23 - DroneController - [INFO] - Telemetry: 28073 msgs | GPS: (28.424707, 77.527227, 2.99m) | Battery: 44% | Mode: GUIDED
2026-01-14 00:05:24 - DroneController - [INFO] - Waypoint 23/30 reached
2026-01-14 00:05:24 - DroneController - [INFO] - Sending waypoint: (28.423838, 77.527182, 3.00)
2026-01-14 00:05:33 - DroneController - [INFO] - Telemetry: 29266 msgs | GPS: (28.424116, 77.527181, 3.01m) | Battery: 42% | Mode: GUIDED
2026-01-14 00:05:37 - DroneController - [INFO] - Waypoint 24/30 reached
2026-01-14 00:05:37 - DroneController - [INFO] - Sending waypoint: (28.423902, 77.527131, 3.00)
2026-01-14 00:05:41 - DroneController - [INFO] - Waypoint 25/30 reached
2026-01-14 00:05:41 - DroneController - [INFO] - Sending waypoint: (28.424594, 77.527131, 3.00)
2026-01-14 00:05:43 - DroneController - [INFO] - Telemetry: 30466 msgs | GPS: (28.423952, 77.527129, 3.00m) | Battery: 40% | Mode: GUIDED
2026-01-14 00:05:52 - DroneController - [INFO] - Waypoint 26/30 reached
2026-01-14 00:05:52 - DroneController - [INFO] - Sending waypoint: (28.424510, 77.527080, 3.00)
2026-01-14 00:05:53 - DroneController - [INFO] - Telemetry: 31655 msgs | GPS: (28.424591, 77.527131, 2.98m) | Battery: 37% | Mode: GUIDED
2026-01-14 00:05:56 - DroneController - [INFO] - Waypoint 27/30 reached
2026-01-14 00:05:56 - DroneController - [INFO] - Sending waypoint: (28.423986, 77.527080, 3.00)
2026-01-14 00:06:03 - DroneController - [INFO] - Telemetry: 32848 msgs | GPS: (28.424119, 77.527079, 3.00m) | Battery: 35% | Mode: GUIDED
2026-01-14 00:06:05 - DroneController - [INFO] - Waypoint 28/30 reached
2026-01-14 00:06:05 - DroneController - [INFO] - Sending waypoint: (28.424132, 77.527028, 3.00)
2026-01-14 00:06:11 - DroneController - [INFO] - Waypoint 29/30 reached
2026-01-14 00:06:11 - DroneController - [INFO] - Sending waypoint: (28.424364, 77.527028, 3.00)
2026-01-14 00:06:13 - DroneController - [INFO] - Telemetry: 34045 msgs | GPS: (28.424186, 77.527027, 3.00m) | Battery: 32% | Mode: GUIDED
2026-01-14 00:06:16 - DroneController - [INFO] - Waypoint 30/30 reached
2026-01-14 00:06:16 - DroneController - [INFO] - All waypoints reached, returning to home and landing
2026-01-14 00:06:16 - DroneController - [INFO] - Returning to home and landing
2026-01-14 00:06:16 - DroneController - [INFO] - Sending waypoint: (28.423520, 77.527510, 2.99)
2026-01-14 00:06:23 - DroneController - [INFO] - Telemetry: 35237 msgs | GPS: (28.424096, 77.527184, 2.98m) | Battery: 30% | Mode: GUIDED
2026-01-14 00:06:32 - DroneController - [INFO] - Reached home position, initiating landing
2026-01-14 00:06:33 - DroneController - [INFO] - Telemetry: 36430 msgs | GPS: (28.423514, 77.527513, 2.98m) | Battery: 27% | Mode: GUIDED
2026-01-14 00:06:34 - DroneController - [INFO] - State transition: MISSION_ACTIVE -> LANDING
2026-01-14 00:06:34 - DroneController - [INFO] - Setting mode to LAND (attempt 1)
2026-01-14 00:06:35 - DroneController - [INFO] - Mode changed to LAND
2026-01-14 00:06:35 - DroneController - [INFO] - Landing in progress
2026-01-14 00:06:35 - DroneController - [INFO] - Landing command sent
2026-01-14 00:06:43 - DroneController - [INFO] - Telemetry: 37596 msgs | GPS: (28.423519, 77.527511, 0.01m) | Battery: 25% | Mode: LAND
2026-01-14 00:06:53 - DroneController - [INFO] - Telemetry: 38749 msgs | GPS: (28.423519, 77.527511, 0.01m) | Battery: 25% | Mode: LAND
2026-01-14 00:07:03 - DroneController - [INFO] - Telemetry: 39901 msgs | GPS: (28.423519, 77.527511, 0.01m) | Battery: 25% | Mode: LAND
2026-01-14 00:07:04 - DroneController - [INFO] - Stopping controller...
2026-01-14 00:07:04 - DroneController - [INFO] - Mission controller stopped
2026-01-14 00:07:04 - DroneController - [INFO] - Telemetry loop stopped. Total messages: 40045
2026-01-14 00:07:04 - DroneController - [INFO] - Message type distribution: {'AHRS': 1334, 'AHRS2': 1361, 'ATTITUDE': 1361, 'BATTERY_STATUS': 1333, 'COMMAND_ACK': 6, 'EKF_STATUS_REPORT': 1333, 'ESC_TELEMETRY_1_TO_4': 1361, 'ESC_TELEMETRY_5_TO_8': 1361, 'EXTENDED_SYS_STATE': 335, 'GLOBAL_POSITION_INT': 1367, 'GPS_GLOBAL_ORIGIN': 1, 'GPS_RAW_INT': 1348, 'HEARTBEAT': 336, 'HOME_POSITION': 336, 'LOCAL_POSITION_NED': 1367, 'MEMINFO': 1348, 'MISSION_CURRENT': 1348, 'NAV_CONTROLLER_OUTPUT': 1348, 'PARAM_VALUE': 33, 'POSITION_TARGET_GLOBAL_INT': 1154, 'POWER_STATUS': 1348, 'RAW_IMU': 1339, 'RC_CHANNELS': 1357, 'SCALED_IMU2': 1339, 'SCALED_IMU3': 1339, 'SCALED_PRESSURE': 1339, 'SCALED_PRESSURE2': 1339, 'SERVO_OUTPUT_RAW': 1357, 'SIMSTATE': 1361, 'STATUSTEXT': 5, 'SYSTEM_TIME': 1333, 'SYS_STATUS': 1348, 'TERRAIN_REPORT': 1333, 'TERRAIN_REQUEST': 9, 'TIMESYNC': 34, 'UNKNOWN_437': 67, 'VFR_HUD': 1361, 'VIBRATION': 1333, 'WIND': 1333}
2026-01-14 00:07:05 - DroneController - [INFO] - Command processor stopped
2026-01-14 00:07:05 - DroneController - [INFO] - Heartbeat monitor stopped
2026-01-14 00:07:05 - DroneController - [INFO] - Controller stopped
2026-01-14 00:07:05 - DroneController - [INFO] - Stopping controller...
2026-01-14 00:07:05 - DroneController - [INFO] - Controller stopped
2026-01-14 14:12:16 - DroneController - [ERROR] - Failed to load KML file: list index out of range
2026-01-14 14:12:16 - DroneController - [INFO] - DroneController initialized
2026-01-14 14:12:16 - DroneController - [INFO] - Geofence mode: polygon
2026-01-14 14:12:16 - DroneController - [INFO] - Connecting to 127.0.0.1:14551
2026-01-14 14:12:16 - DroneController - [INFO] - Connection attempt 1/3...
2026-01-14 14:12:16 - DroneController - [INFO] - Waiting for heartbeat...
2026-01-14 14:12:17 - DroneController - [INFO] - Heartbeat from system 1, component 0
2026-01-14 14:12:17 - DroneController - [INFO] - Requesting data streams...
2026-01-14 14:12:17 - DroneController - [INFO] - Verifying data stream...
2026-01-14 14:12:17 - DroneController - [INFO] - Verifying data stream reception...
2026-01-14 14:12:18 - DroneController - [INFO] - ✓ All critical data streams verified
2026-01-14 14:12:18 - DroneController - [INFO] - Waiting for data streams to initialize...
2026-01-14 14:12:21 - DroneController - [INFO] - State transition: DISCONNECTED -> CONNECTED
2026-01-14 14:12:21 - DroneController - [INFO] - Telemetry log initialized: telemetry/telemetry_20260114_141221.csv
2026-01-14 14:12:21 - DroneController - [INFO] - ✓ Connection established and verified
2026-01-14 14:12:21 - DroneController - [INFO] - Telemetry loop started
2026-01-14 14:12:21 - DroneController - [INFO] - Heartbeat monitor started
2026-01-14 14:12:21 - DroneController - [INFO] - ✓ First telemetry message received
2026-01-14 14:12:21 - DroneController - [INFO] - Command processor started
2026-01-14 14:12:21 - DroneController - [INFO] - Mission controller started
2026-01-14 14:12:21 - DroneController - [INFO] - All threads started
2026-01-14 14:12:21 - DroneController - [INFO] - State transition: CONNECTED -> IDLE
2026-01-14 14:12:26 - DroneController - [INFO] - Starting arm and takeoff to 3.0m
2026-01-14 14:12:26 - DroneController - [INFO] - Home set: 28.422710, 77.526376
2026-01-14 14:12:26 - DroneController - [INFO] - Using polygon geofence from KML (with home exception)
2026-01-14 14:12:26 - DroneController - [INFO] - Setting mode to GUIDED (attempt 1)
2026-01-14 14:12:27 - DroneController - [INFO] - Mode changed to GUIDED
2026-01-14 14:12:27 - DroneController - [INFO] - State transition: IDLE -> ARMING
2026-01-14 14:12:27 - DroneController - [INFO] - Waiting for drone to become armable...
2026-01-14 14:12:27 - DroneController - [INFO] - ✓ Drone is armable
2026-01-14 14:12:27 - DroneController - [INFO] - Arming attempt 1/3
2026-01-14 14:12:27 - DroneController - [INFO] - Armed successfully
2026-01-14 14:12:27 - DroneController - [INFO] - State transition: ARMING -> ARMED
2026-01-14 14:12:29 - DroneController - [INFO] - State transition: ARMED -> TAKING_OFF
2026-01-14 14:12:29 - DroneController - [INFO] - Takeoff attempt 1/3
2026-01-14 14:12:29 - DroneController - [INFO] - Takeoff command accepted
2026-01-14 14:12:31 - DroneController - [INFO] - Telemetry: 2859 msgs | GPS: (28.422710, 77.526376, 0.08m) | Battery: 99% | Mode: GUIDED
2026-01-14 14:12:33 - DroneController - [INFO] - Target altitude reached: 2.55m
2026-01-14 14:12:33 - DroneController - [INFO] - Arm and takeoff complete
2026-01-14 14:12:33 - DroneController - [INFO] - State transition: TAKING_OFF -> ARMED
2026-01-14 14:12:41 - DroneController - [INFO] - Telemetry: 4017 msgs | GPS: (28.422710, 77.526376, 3.00m) | Battery: 97% | Mode: GUIDED
2026-01-14 14:12:51 - DroneController - [INFO] - Telemetry: 5170 msgs | GPS: (28.422710, 77.526376, 3.00m) | Battery: 95% | Mode: GUIDED
2026-01-14 14:12:54 - DroneController - [INFO] - Stopping controller...
2026-01-14 14:12:54 - DroneController - [INFO] - Mission controller stopped
2026-01-14 14:12:54 - DroneController - [INFO] - Telemetry loop stopped. Total messages: 5519
2026-01-14 14:12:54 - DroneController - [INFO] - Message type distribution: {'AHRS': 192, 'AHRS2': 192, 'ATTITUDE': 192, 'BATTERY_STATUS': 192, 'COMMAND_ACK': 4, 'EKF_STATUS_REPORT': 192, 'ESC_TELEMETRY_1_TO_4': 192, 'ESC_TELEMETRY_5_TO_8': 192, 'EXTENDED_SYS_STATE': 36, 'GLOBAL_POSITION_INT': 192, 'GPS_GLOBAL_ORIGIN': 1, 'GPS_RAW_INT': 192, 'HEARTBEAT': 37, 'HOME_POSITION': 37, 'LOCAL_POSITION_NED': 192, 'MEMINFO': 192, 'MISSION_CURRENT': 192, 'NAV_CONTROLLER_OUTPUT': 192, 'PARAM_VALUE': 5, 'POWER_STATUS': 192, 'RAW_IMU': 192, 'RC_CHANNELS': 192, 'SCALED_IMU2': 192, 'SCALED_IMU3': 192, 'SCALED_PRESSURE': 192, 'SCALED_PRESSURE2': 192, 'SERVO_OUTPUT_RAW': 192, 'SIMSTATE': 192, 'STATUSTEXT': 3, 'SYSTEM_TIME': 192, 'SYS_STATUS': 192, 'TERRAIN_REPORT': 192, 'TERRAIN_REQUEST': 8, 'TIMESYNC': 4, 'UNKNOWN_437': 8, 'VFR_HUD': 192, 'VIBRATION': 192, 'WIND': 192}
2026-01-14 14:12:54 - DroneController - [INFO] - Heartbeat monitor stopped
2026-01-14 14:12:54 - DroneController - [INFO] - Command processor stopped
2026-01-14 14:12:54 - DroneController - [INFO] - Controller stopped
2026-01-14 14:12:54 - DroneController - [INFO] - Stopping controller...
2026-01-14 14:12:54 - DroneController - [INFO] - Controller stopped
2026-01-14 14:13:34 - DroneController - [ERROR] - Failed to load KML file: list index out of range
2026-01-14 14:13:34 - DroneController - [INFO] - DroneController initialized
2026-01-14 14:13:34 - DroneController - [INFO] - Geofence mode: polygon
2026-01-14 14:13:34 - DroneController - [INFO] - Connecting to 127.0.0.1:14551
2026-01-14 14:13:34 - DroneController - [INFO] - Connection attempt 1/3...
2026-01-14 14:13:34 - DroneController - [INFO] - Waiting for heartbeat...
2026-01-14 14:13:35 - DroneController - [INFO] - Heartbeat from system 1, component 0
2026-01-14 14:13:35 - DroneController - [INFO] - Requesting data streams...
2026-01-14 14:13:35 - DroneController - [INFO] - Verifying data stream...
2026-01-14 14:13:35 - DroneController - [INFO] - Verifying data stream reception...
2026-01-14 14:13:36 - DroneController - [INFO] - ✓ All critical data streams verified
2026-01-14 14:13:36 - DroneController - [INFO] - Waiting for data streams to initialize...
2026-01-14 14:13:39 - DroneController - [INFO] - State transition: DISCONNECTED -> CONNECTED
2026-01-14 14:13:39 - DroneController - [INFO] - Telemetry log initialized: telemetry/telemetry_20260114_141339.csv
2026-01-14 14:13:39 - DroneController - [INFO] - ✓ Connection established and verified
2026-01-14 14:13:39 - DroneController - [INFO] - Telemetry loop started
2026-01-14 14:13:39 - DroneController - [INFO] - Heartbeat monitor started
2026-01-14 14:13:39 - DroneController - [INFO] - Command processor started
2026-01-14 14:13:39 - DroneController - [INFO] - Mission controller started
2026-01-14 14:13:39 - DroneController - [INFO] - ✓ First telemetry message received
2026-01-14 14:13:39 - DroneController - [INFO] - All threads started
2026-01-14 14:13:39 - DroneController - [INFO] - State transition: CONNECTED -> IDLE
2026-01-14 14:13:44 - DroneController - [INFO] - Starting arm and takeoff to 3.0m
2026-01-14 14:13:44 - DroneController - [INFO] - Home set: 28.422710, 77.526376
2026-01-14 14:13:44 - DroneController - [INFO] - Using polygon geofence from KML (with home exception)
2026-01-14 14:13:44 - DroneController - [INFO] - Setting mode to GUIDED (attempt 1)
2026-01-14 14:13:45 - DroneController - [INFO] - Mode changed to GUIDED
2026-01-14 14:13:45 - DroneController - [INFO] - State transition: IDLE -> ARMING
2026-01-14 14:13:45 - DroneController - [INFO] - Waiting for drone to become armable...
2026-01-14 14:13:45 - DroneController - [INFO] - ✓ Drone is armable
2026-01-14 14:13:45 - DroneController - [INFO] - Arming attempt 1/3
2026-01-14 14:13:45 - DroneController - [INFO] - Armed successfully
2026-01-14 14:13:45 - DroneController - [INFO] - State transition: ARMING -> ARMED
2026-01-14 14:13:47 - DroneController - [INFO] - State transition: ARMED -> TAKING_OFF
2026-01-14 14:13:47 - DroneController - [INFO] - Takeoff attempt 1/3
2026-01-14 14:13:47 - DroneController - [INFO] - Takeoff command accepted
2026-01-14 14:13:49 - DroneController - [INFO] - Telemetry: 1506 msgs | GPS: (28.422710, 77.526376, 0.08m) | Battery: 89% | Mode: GUIDED
2026-01-14 14:13:51 - DroneController - [INFO] - Target altitude reached: 2.55m
2026-01-14 14:13:51 - DroneController - [INFO] - Arm and takeoff complete
2026-01-14 14:13:51 - DroneController - [INFO] - State transition: TAKING_OFF -> ARMED
2026-01-14 14:13:59 - DroneController - [INFO] - Telemetry: 2661 msgs | GPS: (28.422710, 77.526376, 3.00m) | Battery: 87% | Mode: GUIDED
2026-01-14 14:14:06 - DroneController - [INFO] - Stopping controller...
2026-01-14 14:14:06 - DroneController - [INFO] - Command processor stopped
2026-01-14 14:14:06 - DroneController - [INFO] - Mission controller stopped
2026-01-14 14:14:06 - DroneController - [INFO] - Telemetry loop stopped. Total messages: 3499
2026-01-14 14:14:06 - DroneController - [INFO] - Message type distribution: {'AHRS': 122, 'AHRS2': 121, 'ATTITUDE': 121, 'BATTERY_STATUS': 121, 'COMMAND_ACK': 2, 'EKF_STATUS_REPORT': 121, 'ESC_TELEMETRY_1_TO_4': 121, 'ESC_TELEMETRY_5_TO_8': 121, 'EXTENDED_SYS_STATE': 31, 'GLOBAL_POSITION_INT': 121, 'GPS_GLOBAL_ORIGIN': 1, 'GPS_RAW_INT': 121, 'HEARTBEAT': 31, 'HOME_POSITION': 32, 'LOCAL_POSITION_NED': 121, 'MEMINFO': 121, 'MISSION_CURRENT': 121, 'NAV_CONTROLLER_OUTPUT': 121, 'PARAM_VALUE': 1, 'POWER_STATUS': 121, 'RAW_IMU': 121, 'RC_CHANNELS': 121, 'SCALED_IMU2': 121, 'SCALED_IMU3': 121, 'SCALED_PRESSURE': 121, 'SCALED_PRESSURE2': 121, 'SERVO_OUTPUT_RAW': 121, 'SIMSTATE': 121, 'STATUSTEXT': 3, 'SYSTEM_TIME': 121, 'SYS_STATUS': 121, 'TERRAIN_REPORT': 121, 'TIMESYNC': 3, 'UNKNOWN_437': 6, 'VFR_HUD': 121, 'VIBRATION': 121, 'WIND': 121}
2026-01-14 14:14:07 - DroneController - [INFO] - Heartbeat monitor stopped
2026-01-14 14:14:07 - DroneController - [INFO] - Controller stopped
2026-01-14 14:14:07 - DroneController - [INFO] - Stopping controller...
2026-01-14 14:14:07 - DroneController - [INFO] - Controller stopped
2026-01-14 14:20:40 - DroneController - [INFO] - Mission planner initialized with KML: /Users/trishit_debsharma/Documents/Code/NIDAR/NIDAR/scan_drone/data/GBUsoccerxs.kml
2026-01-14 14:20:40 - DroneController - [INFO] - DroneController initialized
2026-01-14 14:20:40 - DroneController - [INFO] - Geofence mode: polygon
2026-01-14 14:20:40 - DroneController - [INFO] - Connecting to 127.0.0.1:14551
2026-01-14 14:20:40 - DroneController - [INFO] - Connection attempt 1/3...
2026-01-14 14:20:40 - DroneController - [INFO] - Waiting for heartbeat...
2026-01-14 14:20:40 - DroneController - [INFO] - Heartbeat from system 1, component 0
2026-01-14 14:20:40 - DroneController - [INFO] - Requesting data streams...
2026-01-14 14:20:40 - DroneController - [INFO] - Verifying data stream...
2026-01-14 14:20:40 - DroneController - [INFO] - Verifying data stream reception...
2026-01-14 14:20:41 - DroneController - [INFO] - ✓ All critical data streams verified
2026-01-14 14:20:41 - DroneController - [INFO] - Waiting for data streams to initialize...
2026-01-14 14:20:44 - DroneController - [INFO] - State transition: DISCONNECTED -> CONNECTED
2026-01-14 14:20:44 - DroneController - [INFO] - Telemetry log initialized: telemetry/telemetry_20260114_142044.csv
2026-01-14 14:20:44 - DroneController - [INFO] - ✓ Connection established and verified
2026-01-14 14:20:44 - DroneController - [INFO] - Telemetry loop started
2026-01-14 14:20:44 - DroneController - [INFO] - Heartbeat monitor started
2026-01-14 14:20:44 - DroneController - [INFO] - Command processor started
2026-01-14 14:20:44 - DroneController - [INFO] - Mission controller started
2026-01-14 14:20:44 - DroneController - [INFO] - ✓ First telemetry message received
2026-01-14 14:20:44 - DroneController - [INFO] - All threads started
2026-01-14 14:20:44 - DroneController - [INFO] - State transition: CONNECTED -> IDLE
2026-01-14 14:20:49 - DroneController - [INFO] - Loading mission with 14 points
2026-01-14 14:20:49 - DroneController - [INFO] - Starting and home position: lat=28.422710, lon=77.526376
2026-01-14 14:20:49 - DroneController - [INFO] - Mission validated: 14 waypoints
2026-01-14 14:20:49 - DroneController - [INFO] - Starting arm and takeoff to 3.0m
2026-01-14 14:20:49 - DroneController - [INFO] - Home set: 28.422710, 77.526376
2026-01-14 14:20:49 - DroneController - [INFO] - Using polygon geofence from KML (with home exception)
2026-01-14 14:20:49 - DroneController - [INFO] - Setting mode to GUIDED (attempt 1)
2026-01-14 14:20:50 - DroneController - [INFO] - Mode changed to GUIDED
2026-01-14 14:20:50 - DroneController - [INFO] - State transition: IDLE -> ARMING
2026-01-14 14:20:50 - DroneController - [INFO] - Waiting for drone to become armable...
2026-01-14 14:20:54 - DroneController - [INFO] - Telemetry: 6009 msgs | GPS: (28.422710, 77.526376, 3.00m) | Battery: 0% | Mode: GUIDED
2026-01-14 14:20:55 - DroneController - [INFO] - Still waiting for armable... (5s, status=4)
2026-01-14 14:20:56 - DroneController - [INFO] - Still waiting for armable... (5s, status=4)
2026-01-14 14:21:00 - DroneController - [INFO] - Still waiting for armable... (10s, status=4)
2026-01-14 14:21:01 - DroneController - [INFO] - Stopping controller...
2026-01-14 14:21:01 - DroneController - [INFO] - Mission controller stopped
2026-01-14 14:21:01 - DroneController - [INFO] - Telemetry loop stopped. Total messages: 6760
2026-01-14 14:21:01 - DroneController - [INFO] - Message type distribution: {'AHRS': 240, 'AHRS2': 239, 'ATTITUDE': 239, 'BATTERY_STATUS': 239, 'EKF_STATUS_REPORT': 239, 'ESC_TELEMETRY_1_TO_4': 239, 'ESC_TELEMETRY_5_TO_8': 239, 'EXTENDED_SYS_STATE': 20, 'GLOBAL_POSITION_INT': 239, 'GPS_RAW_INT': 239, 'HEARTBEAT': 19, 'HOME_POSITION': 20, 'LOCAL_POSITION_NED': 239, 'MEMINFO': 239, 'MISSION_CURRENT': 239, 'NAV_CONTROLLER_OUTPUT': 239, 'PARAM_VALUE': 2, 'POWER_STATUS': 239, 'RAW_IMU': 239, 'RC_CHANNELS': 239, 'SCALED_IMU2': 239, 'SCALED_IMU3': 239, 'SCALED_PRESSURE': 239, 'SCALED_PRESSURE2': 239, 'SERVO_OUTPUT_RAW': 239, 'SIMSTATE': 239, 'SYSTEM_TIME': 239, 'SYS_STATUS': 239, 'TERRAIN_REPORT': 239, 'TIMESYNC': 2, 'UNKNOWN_437': 4, 'VFR_HUD': 239, 'VIBRATION': 239, 'WIND': 239}
2026-01-14 14:21:01 - DroneController - [INFO] - Still waiting for armable... (10s, status=4)
2026-01-14 14:21:01 - DroneController - [INFO] - Heartbeat monitor stopped
2026-01-14 14:21:03 - DroneController - [INFO] - Controller stopped
2026-01-14 14:21:03 - DroneController - [INFO] - Stopping controller...
2026-01-14 14:21:05 - DroneController - [INFO] - Controller stopped
2026-01-14 14:21:15 - DroneController - [INFO] - Mission planner initialized with KML: /Users/trishit_debsharma/Documents/Code/NIDAR/NIDAR/scan_drone/data/GBUsoccerxs.kml
2026-01-14 14:21:15 - DroneController - [INFO] - DroneController initialized
2026-01-14 14:21:15 - DroneController - [INFO] - Geofence mode: polygon
2026-01-14 14:21:15 - DroneController - [INFO] - Connecting to 127.0.0.1:14551
2026-01-14 14:21:15 - DroneController - [INFO] - Connection attempt 1/3...
2026-01-14 14:21:15 - DroneController - [INFO] - Waiting for heartbeat...
2026-01-14 14:21:15 - DroneController - [INFO] - Heartbeat from system 1, component 0
2026-01-14 14:21:15 - DroneController - [INFO] - Requesting data streams...
2026-01-14 14:21:15 - DroneController - [INFO] - Verifying data stream...
2026-01-14 14:21:15 - DroneController - [INFO] - Verifying data stream reception...
2026-01-14 14:21:16 - DroneController - [INFO] - ✓ All critical data streams verified
2026-01-14 14:21:16 - DroneController - [INFO] - Waiting for data streams to initialize...
2026-01-14 14:21:19 - DroneController - [INFO] - State transition: DISCONNECTED -> CONNECTED
2026-01-14 14:21:19 - DroneController - [INFO] - Telemetry log initialized: telemetry/telemetry_20260114_142119.csv
2026-01-14 14:21:19 - DroneController - [INFO] - ✓ Connection established and verified
2026-01-14 14:21:19 - DroneController - [INFO] - Telemetry loop started
2026-01-14 14:21:19 - DroneController - [INFO] - Heartbeat monitor started
2026-01-14 14:21:19 - DroneController - [INFO] - ✓ First telemetry message received
2026-01-14 14:21:19 - DroneController - [INFO] - Command processor started
2026-01-14 14:21:19 - DroneController - [INFO] - Mission controller started
2026-01-14 14:21:19 - DroneController - [INFO] - All threads started
2026-01-14 14:21:19 - DroneController - [INFO] - State transition: CONNECTED -> IDLE
2026-01-14 14:21:24 - DroneController - [INFO] - Loading mission with 14 points
2026-01-14 14:21:24 - DroneController - [INFO] - Starting and home position: lat=28.422710, lon=77.526376
2026-01-14 14:21:24 - DroneController - [INFO] - Mission validated: 14 waypoints
2026-01-14 14:21:24 - DroneController - [INFO] - Starting arm and takeoff to 3.0m
2026-01-14 14:21:24 - DroneController - [INFO] - Home set: 28.422710, 77.526376
2026-01-14 14:21:24 - DroneController - [INFO] - Using polygon geofence from KML (with home exception)
2026-01-14 14:21:24 - DroneController - [INFO] - Setting mode to GUIDED (attempt 1)
2026-01-14 14:21:25 - DroneController - [INFO] - Mode changed to GUIDED
2026-01-14 14:21:25 - DroneController - [INFO] - State transition: IDLE -> ARMING
2026-01-14 14:21:25 - DroneController - [INFO] - Waiting for drone to become armable...
2026-01-14 14:21:25 - DroneController - [INFO] - ✓ Drone is armable
2026-01-14 14:21:25 - DroneController - [INFO] - Arming attempt 1/3
2026-01-14 14:21:25 - DroneController - [INFO] - Armed successfully
2026-01-14 14:21:25 - DroneController - [INFO] - State transition: ARMING -> ARMED
2026-01-14 14:21:27 - DroneController - [INFO] - State transition: ARMED -> TAKING_OFF
2026-01-14 14:21:27 - DroneController - [INFO] - Takeoff attempt 1/3
2026-01-14 14:21:27 - DroneController - [INFO] - Takeoff command accepted
2026-01-14 14:21:29 - DroneController - [INFO] - Telemetry: 3773 msgs | GPS: (28.422710, 77.526376, 0.09m) | Battery: 0% | Mode: GUIDED
2026-01-14 14:21:32 - DroneController - [INFO] - Target altitude reached: 2.88m
2026-01-14 14:21:32 - DroneController - [INFO] - Arm and takeoff complete
2026-01-14 14:21:32 - DroneController - [INFO] - State transition: TAKING_OFF -> ARMED
2026-01-14 14:21:32 - DroneController - [INFO] - Starting mission with 14 waypoints
2026-01-14 14:21:32 - DroneController - [INFO] - State transition: ARMED -> MISSION_ACTIVE
2026-01-14 14:21:32 - DroneController - [INFO] - Sending waypoint: (28.422516, 77.526234, 3.00)
2026-01-14 14:21:38 - DroneController - [INFO] - Waypoint 1/14 reached
2026-01-14 14:21:38 - DroneController - [INFO] - Sending waypoint: (28.422417, 77.526214, 3.00)
2026-01-14 14:21:39 - DroneController - [INFO] - Telemetry: 4957 msgs | GPS: (28.422496, 77.526230, 3.01m) | Battery: 0% | Mode: GUIDED
2026-01-14 14:21:41 - DroneController - [INFO] - Waypoint 2/14 reached
2026-01-14 14:21:41 - DroneController - [INFO] - Sending waypoint: (28.422410, 77.526265, 3.00)
2026-01-14 14:21:43 - DroneController - [INFO] - Waypoint 3/14 reached
2026-01-14 14:21:43 - DroneController - [INFO] - Sending waypoint: (28.422701, 77.526323, 3.00)
2026-01-14 14:21:49 - DroneController - [INFO] - Telemetry: 6154 msgs | GPS: (28.422666, 77.526317, 3.00m) | Battery: 0% | Mode: GUIDED
2026-01-14 14:21:49 - DroneController - [INFO] - Waypoint 4/14 reached
2026-01-14 14:21:49 - DroneController - [INFO] - Sending waypoint: (28.422689, 77.526373, 3.00)
2026-01-14 14:21:51 - DroneController - [INFO] - Waypoint 5/14 reached
2026-01-14 14:21:51 - DroneController - [INFO] - Sending waypoint: (28.422404, 77.526316, 3.00)
2026-01-14 14:21:58 - DroneController - [INFO] - Waypoint 6/14 reached
2026-01-14 14:21:58 - DroneController - [INFO] - Sending waypoint: (28.422398, 77.526366, 3.00)
2026-01-14 14:21:59 - DroneController - [INFO] - Telemetry: 7347 msgs | GPS: (28.422403, 77.526320, 3.00m) | Battery: 0% | Mode: GUIDED
2026-01-14 14:22:00 - DroneController - [INFO] - Waypoint 7/14 reached
2026-01-14 14:22:00 - DroneController - [INFO] - Sending waypoint: (28.422678, 77.526422, 3.00)
2026-01-14 14:22:07 - DroneController - [INFO] - Waypoint 8/14 reached
2026-01-14 14:22:07 - DroneController - [INFO] - Sending waypoint: (28.422666, 77.526472, 3.00)
2026-01-14 14:22:09 - DroneController - [INFO] - Waypoint 9/14 reached
2026-01-14 14:22:09 - DroneController - [INFO] - Sending waypoint: (28.422392, 77.526417, 3.00)
2026-01-14 14:22:09 - DroneController - [INFO] - Telemetry: 8540 msgs | GPS: (28.422679, 77.526453, 3.01m) | Battery: 0% | Mode: GUIDED
2026-01-14 14:22:15 - DroneController - [INFO] - Waypoint 10/14 reached
2026-01-14 14:22:15 - DroneController - [INFO] - Sending waypoint: (28.422386, 77.526468, 3.00)
2026-01-14 14:22:17 - DroneController - [INFO] - Waypoint 11/14 reached
2026-01-14 14:22:17 - DroneController - [INFO] - Sending waypoint: (28.422655, 77.526521, 3.00)
2026-01-14 14:22:19 - DroneController - [INFO] - Telemetry: 9736 msgs | GPS: (28.422401, 77.526470, 3.00m) | Battery: 0% | Mode: GUIDED
2026-01-14 14:22:24 - DroneController - [INFO] - Waypoint 12/14 reached
2026-01-14 14:22:24 - DroneController - [INFO] - Sending waypoint: (28.422549, 77.526552, 3.00)
2026-01-14 14:22:28 - DroneController - [INFO] - Waypoint 13/14 reached
2026-01-14 14:22:28 - DroneController - [INFO] - Sending waypoint: (28.422380, 77.526518, 3.00)
2026-01-14 14:22:29 - DroneController - [INFO] - Telemetry: 10929 msgs | GPS: (28.422555, 77.526549, 2.99m) | Battery: 0% | Mode: GUIDED
2026-01-14 14:22:33 - DroneController - [INFO] - Waypoint 14/14 reached
2026-01-14 14:22:33 - DroneController - [INFO] - All waypoints reached, returning to home and landing
2026-01-14 14:22:33 - DroneController - [INFO] - Returning to home and landing
2026-01-14 14:22:33 - DroneController - [INFO] - Sending waypoint: (28.422710, 77.526376, 2.99)
2026-01-14 14:22:39 - DroneController - [INFO] - Telemetry: 12122 msgs | GPS: (28.422601, 77.526421, 3.00m) | Battery: 0% | Mode: GUIDED
2026-01-14 14:22:42 - DroneController - [INFO] - Reached home position, initiating landing
2026-01-14 14:22:44 - DroneController - [INFO] - State transition: MISSION_ACTIVE -> LANDING
2026-01-14 14:22:44 - DroneController - [INFO] - Setting mode to LAND (attempt 1)
2026-01-14 14:22:45 - DroneController - [INFO] - Mode changed to LAND
2026-01-14 14:22:45 - DroneController - [INFO] - Landing in progress
2026-01-14 14:22:45 - DroneController - [INFO] - Landing command sent
2026-01-14 14:22:49 - DroneController - [INFO] - Telemetry: 13298 msgs | GPS: (28.422712, 77.526375, 0.58m) | Battery: 0% | Mode: LAND
2026-01-14 14:22:59 - DroneController - [INFO] - Telemetry: 14457 msgs | GPS: (28.422711, 77.526375, 0.02m) | Battery: 0% | Mode: LAND
2026-01-14 14:23:00 - DroneController - [INFO] - Stopping controller...
2026-01-14 14:23:00 - DroneController - [INFO] - Telemetry loop stopped. Total messages: 14578
2026-01-14 14:23:00 - DroneController - [INFO] - Message type distribution: {'AHRS': 498, 'AHRS2': 498, 'ATTITUDE': 498, 'BATTERY_STATUS': 497, 'COMMAND_ACK': 2, 'EKF_STATUS_REPORT': 497, 'ESC_TELEMETRY_1_TO_4': 497, 'ESC_TELEMETRY_5_TO_8': 497, 'EXTENDED_SYS_STATE': 105, 'GLOBAL_POSITION_INT': 498, 'GPS_GLOBAL_ORIGIN': 1, 'GPS_RAW_INT': 497, 'HEARTBEAT': 106, 'HOME_POSITION': 106, 'LOCAL_POSITION_NED': 497, 'MEMINFO': 497, 'MISSION_CURRENT': 497, 'NAV_CONTROLLER_OUTPUT': 497, 'PARAM_VALUE': 14, 'POSITION_TARGET_GLOBAL_INT': 288, 'POWER_STATUS': 497, 'RAW_IMU': 497, 'RC_CHANNELS': 497, 'SCALED_IMU2': 497, 'SCALED_IMU3': 497, 'SCALED_PRESSURE': 497, 'SCALED_PRESSURE2': 497, 'SERVO_OUTPUT_RAW': 497, 'SIMSTATE': 497, 'STATUSTEXT': 5, 'SYSTEM_TIME': 497, 'SYS_STATUS': 497, 'TERRAIN_REPORT': 497, 'TIMESYNC': 10, 'UNKNOWN_437': 21, 'VFR_HUD': 497, 'VIBRATION': 497, 'WIND': 497}
2026-01-14 14:23:00 - DroneController - [INFO] - Command processor stopped
2026-01-14 14:23:00 - DroneController - [INFO] - Mission controller stopped
2026-01-14 14:23:01 - DroneController - [INFO] - Heartbeat monitor stopped
2026-01-14 14:23:01 - DroneController - [INFO] - Controller stopped
2026-01-14 14:23:01 - DroneController - [INFO] - Stopping controller...
2026-01-14 14:23:01 - DroneController - [INFO] - Controller stopped
2026-01-15 02:50:09 - DroneController - [INFO] - Mission planner initialized with KML: /Users/trishit_debsharma/Documents/Code/NIDAR/NIDAR/scan_drone/data/GBUsoccerxs.kml
2026-01-15 02:50:09 - DroneController - [INFO] - DroneController initialized
2026-01-15 02:50:09 - DroneController - [INFO] - Geofence mode: polygon
2026-01-15 02:50:09 - DroneController - [INFO] - Connecting to 127.0.0.1:14551
2026-01-15 02:50:09 - DroneController - [INFO] - Connection attempt 1/3...
2026-01-15 02:50:09 - DroneController - [INFO] - Waiting for heartbeat...
2026-01-15 02:50:10 - DroneController - [INFO] - Heartbeat from system 1, component 0
2026-01-15 02:50:10 - DroneController - [INFO] - Requesting data streams...
2026-01-15 02:50:10 - DroneController - [INFO] - Verifying data stream...
2026-01-15 02:50:10 - DroneController - [INFO] - Verifying data stream reception...
2026-01-15 02:50:11 - DroneController - [INFO] - ✓ All critical data streams verified
2026-01-15 02:50:11 - DroneController - [INFO] - Waiting for data streams to initialize...
2026-01-15 02:50:14 - DroneController - [INFO] - State transition: DISCONNECTED -> CONNECTED
2026-01-15 02:50:14 - DroneController - [INFO] - Telemetry log initialized: telemetry/telemetry_20260115_025014.csv
2026-01-15 02:50:14 - DroneController - [INFO] - ✓ Connection established and verified
2026-01-15 02:50:14 - DroneController - [INFO] - Telemetry loop started
2026-01-15 02:50:14 - DroneController - [INFO] - Heartbeat monitor started
2026-01-15 02:50:14 - DroneController - [INFO] - ✓ First telemetry message received
2026-01-15 02:50:14 - DroneController - [INFO] - Command processor started
2026-01-15 02:50:14 - DroneController - [INFO] - Mission controller started
2026-01-15 02:50:14 - DroneController - [INFO] - All threads started
2026-01-15 02:50:14 - DroneController - [INFO] - State transition: CONNECTED -> IDLE
2026-01-15 02:50:19 - DroneController - [INFO] - Loading mission with 14 points
2026-01-15 02:50:19 - DroneController - [INFO] - Starting and home position: lat=28.424445, lon=77.527522
2026-01-15 02:50:19 - DroneController - [INFO] - Mission validated: 14 waypoints
2026-01-15 02:50:19 - DroneController - [INFO] - Starting arm and takeoff to 3.0m
2026-01-15 02:50:19 - DroneController - [INFO] - Home set: 28.424445, 77.527522
2026-01-15 02:50:19 - DroneController - [INFO] - Using polygon geofence from KML (with home exception)
2026-01-15 02:50:19 - DroneController - [INFO] - Setting mode to GUIDED (attempt 1)
2026-01-15 02:50:20 - DroneController - [INFO] - Mode changed to GUIDED
2026-01-15 02:50:20 - DroneController - [INFO] - State transition: IDLE -> ARMING
2026-01-15 02:50:20 - DroneController - [INFO] - Waiting for drone to become armable...
2026-01-15 02:50:20 - DroneController - [INFO] - ✓ Drone is armable
2026-01-15 02:50:20 - DroneController - [INFO] - Arming attempt 1/3
2026-01-15 02:50:20 - DroneController - [INFO] - Armed successfully
2026-01-15 02:50:20 - DroneController - [INFO] - State transition: ARMING -> ARMED
2026-01-15 02:50:22 - DroneController - [INFO] - State transition: ARMED -> TAKING_OFF
2026-01-15 02:50:22 - DroneController - [INFO] - Takeoff attempt 1/3
2026-01-15 02:50:22 - DroneController - [INFO] - Takeoff command accepted
2026-01-15 02:50:24 - DroneController - [INFO] - Telemetry: 7246 msgs | GPS: (28.424445, 77.527522, 0.07m) | Battery: 82% | Mode: GUIDED
2026-01-15 02:50:26 - DroneController - [INFO] - Target altitude reached: 2.57m
2026-01-15 02:50:26 - DroneController - [INFO] - Arm and takeoff complete
2026-01-15 02:50:26 - DroneController - [INFO] - State transition: TAKING_OFF -> ARMED
2026-01-15 02:50:26 - DroneController - [INFO] - Starting mission with 14 waypoints
2026-01-15 02:50:26 - DroneController - [INFO] - State transition: ARMED -> MISSION_ACTIVE
2026-01-15 02:50:26 - DroneController - [INFO] - Sending waypoint: (28.422516, 77.526234, 3.00)
2026-01-15 02:50:34 - DroneController - [ERROR] - Geofence violation: Outside polygon boundary: (28.424042, 77.527254)
2026-01-15 02:50:34 - DroneController - [CRITICAL] - Emergency RTL triggered
2026-01-15 02:50:34 - DroneController - [INFO] - State transition: MISSION_ACTIVE -> RETURNING_HOME
2026-01-15 02:50:34 - DroneController - [INFO] - Returning to home (28.424445, 77.527522) before landing
2026-01-15 02:50:34 - DroneController - [INFO] - Sending waypoint: (28.424445, 77.527522, 2.92)
2026-01-15 02:50:34 - DroneController - [INFO] - Telemetry: 8436 msgs | GPS: (28.424042, 77.527254, 2.92m) | Battery: 80% | Mode: GUIDED
2026-01-15 02:50:44 - DroneController - [INFO] - Telemetry: 9629 msgs | GPS: (28.424125, 77.527308, 2.92m) | Battery: 77% | Mode: GUIDED
2026-01-15 02:50:50 - DroneController - [INFO] - Reached home position - initiating LAND
2026-01-15 02:50:50 - DroneController - [INFO] - State transition: RETURNING_HOME -> LANDING
2026-01-15 02:50:50 - DroneController - [INFO] - Setting mode to LAND (attempt 1)
2026-01-15 02:50:51 - DroneController - [INFO] - Mode changed to LAND
2026-01-15 02:50:51 - DroneController - [INFO] - Landing in progress
2026-01-15 02:50:54 - DroneController - [INFO] - Telemetry: 10807 msgs | GPS: (28.424447, 77.527524, 1.17m) | Battery: 75% | Mode: LAND
2026-01-15 02:51:04 - DroneController - [INFO] - Telemetry: 11966 msgs | GPS: (28.424446, 77.527524, 0.01m) | Battery: 74% | Mode: LAND
2026-01-15 02:51:14 - DroneController - [INFO] - Telemetry: 13119 msgs | GPS: (28.424446, 77.527524, 0.01m) | Battery: 74% | Mode: LAND
2026-01-15 02:51:24 - DroneController - [INFO] - Telemetry: 14272 msgs | GPS: (28.424446, 77.527524, 0.01m) | Battery: 74% | Mode: LAND
2026-01-15 02:51:34 - DroneController - [INFO] - Telemetry: 15426 msgs | GPS: (28.424446, 77.527524, 0.01m) | Battery: 74% | Mode: LAND
2026-01-15 02:51:44 - DroneController - [INFO] - Telemetry: 16579 msgs | GPS: (28.424446, 77.527524, 0.01m) | Battery: 74% | Mode: LAND
2026-01-15 02:51:54 - DroneController - [INFO] - Telemetry: 17732 msgs | GPS: (28.424446, 77.527524, 0.01m) | Battery: 74% | Mode: LAND
2026-01-15 02:52:04 - DroneController - [INFO] - Telemetry: 18886 msgs | GPS: (28.424446, 77.527524, 0.01m) | Battery: 74% | Mode: LAND
2026-01-15 02:52:07 - DroneController - [INFO] - Stopping controller...
2026-01-15 02:52:07 - DroneController - [INFO] - Telemetry loop stopped. Total messages: 19174
2026-01-15 02:52:07 - DroneController - [INFO] - Message type distribution: {'AHRS': 668, 'AHRS2': 667, 'ATTITUDE': 667, 'BATTERY_STATUS': 667, 'COMMAND_ACK': 2, 'EKF_STATUS_REPORT': 667, 'ESC_TELEMETRY_1_TO_4': 667, 'ESC_TELEMETRY_5_TO_8': 667, 'EXTENDED_SYS_STATE': 116, 'GLOBAL_POSITION_INT': 667, 'GPS_GLOBAL_ORIGIN': 1, 'GPS_RAW_INT': 667, 'HEARTBEAT': 117, 'HOME_POSITION': 117, 'LOCAL_POSITION_NED': 667, 'MEMINFO': 667, 'MISSION_CURRENT': 667, 'NAV_CONTROLLER_OUTPUT': 667, 'PARAM_VALUE': 10, 'POSITION_TARGET_GLOBAL_INT': 95, 'POWER_STATUS': 667, 'RAW_IMU': 667, 'RC_CHANNELS': 667, 'SCALED_IMU2': 667, 'SCALED_IMU3': 667, 'SCALED_PRESSURE': 667, 'SCALED_PRESSURE2': 667, 'SERVO_OUTPUT_RAW': 667, 'SIMSTATE': 667, 'STATUSTEXT': 5, 'SYSTEM_TIME': 667, 'SYS_STATUS': 667, 'TERRAIN_REPORT': 667, 'TIMESYNC': 11, 'UNKNOWN_437': 23, 'VFR_HUD': 667, 'VIBRATION': 667, 'WIND': 667}
2026-01-15 02:52:07 - DroneController - [INFO] - Mission controller stopped
2026-01-15 02:52:07 - DroneController - [INFO] - Command processor stopped
2026-01-15 02:52:07 - DroneController - [INFO] - Stopping controller...
2026-01-15 02:52:07 - DroneController - [INFO] - Heartbeat monitor stopped
2026-01-15 02:52:07 - DroneController - [INFO] - Controller stopped
2026-01-15 02:52:07 - DroneController - [INFO] - Stopping controller...
2026-01-15 02:52:07 - DroneController - [INFO] - Controller stopped
2026-01-15 02:52:09 - DroneController - [INFO] - Mission planner initialized with KML: /Users/trishit_debsharma/Documents/Code/NIDAR/NIDAR/scan_drone/data/GBULcircle.kml
2026-01-15 02:52:09 - DroneController - [INFO] - DroneController initialized
2026-01-15 02:52:09 - DroneController - [INFO] - Geofence mode: polygon
2026-01-15 02:52:09 - DroneController - [INFO] - Connecting to 127.0.0.1:14551
2026-01-15 02:52:09 - DroneController - [INFO] - Connection attempt 1/3...
2026-01-15 02:52:09 - DroneController - [INFO] - Waiting for heartbeat...
2026-01-15 02:52:09 - DroneController - [INFO] - Heartbeat from system 1, component 0
2026-01-15 02:52:09 - DroneController - [INFO] - Requesting data streams...
2026-01-15 02:52:09 - DroneController - [INFO] - Verifying data stream...
2026-01-15 02:52:09 - DroneController - [INFO] - Verifying data stream reception...
2026-01-15 02:52:10 - DroneController - [INFO] - ✓ All critical data streams verified
2026-01-15 02:52:10 - DroneController - [INFO] - Waiting for data streams to initialize...
2026-01-15 02:52:13 - DroneController - [INFO] - State transition: DISCONNECTED -> CONNECTED
2026-01-15 02:52:13 - DroneController - [INFO] - Telemetry log initialized: telemetry/telemetry_20260115_025213.csv
2026-01-15 02:52:13 - DroneController - [INFO] - ✓ Connection established and verified
2026-01-15 02:52:13 - DroneController - [INFO] - Telemetry loop started
2026-01-15 02:52:13 - DroneController - [INFO] - Heartbeat monitor started
2026-01-15 02:52:13 - DroneController - [INFO] - Command processor started
2026-01-15 02:52:13 - DroneController - [INFO] - ✓ First telemetry message received
2026-01-15 02:52:13 - DroneController - [INFO] - Mission controller started
2026-01-15 02:52:13 - DroneController - [INFO] - All threads started
2026-01-15 02:52:13 - DroneController - [INFO] - State transition: CONNECTED -> IDLE
2026-01-15 02:52:18 - DroneController - [INFO] - Loading mission with 30 points
2026-01-15 02:52:18 - DroneController - [INFO] - Starting and home position: lat=28.424446, lon=77.527524
2026-01-15 02:52:18 - DroneController - [INFO] - Mission validated: 30 waypoints
2026-01-15 02:52:18 - DroneController - [INFO] - Starting arm and takeoff to 3.0m
2026-01-15 02:52:18 - DroneController - [INFO] - Home set: 28.424446, 77.527524
2026-01-15 02:52:18 - DroneController - [INFO] - Using polygon geofence from KML (with home exception)
2026-01-15 02:52:18 - DroneController - [INFO] - Setting mode to GUIDED (attempt 1)
2026-01-15 02:52:19 - DroneController - [INFO] - Mode changed to GUIDED
2026-01-15 02:52:19 - DroneController - [INFO] - State transition: IDLE -> ARMING
2026-01-15 02:52:19 - DroneController - [INFO] - Waiting for drone to become armable...
2026-01-15 02:52:19 - DroneController - [INFO] - ✓ Drone is armable
2026-01-15 02:52:19 - DroneController - [INFO] - Arming attempt 1/3
2026-01-15 02:52:19 - DroneController - [INFO] - Armed successfully
2026-01-15 02:52:19 - DroneController - [INFO] - State transition: ARMING -> ARMED
2026-01-15 02:52:21 - DroneController - [INFO] - State transition: ARMED -> TAKING_OFF
2026-01-15 02:52:21 - DroneController - [INFO] - Takeoff attempt 1/3
2026-01-15 02:52:21 - DroneController - [INFO] - Takeoff command accepted
2026-01-15 02:52:23 - DroneController - [INFO] - Telemetry: 7330 msgs | GPS: (28.424446, 77.527524, 0.12m) | Battery: 74% | Mode: GUIDED
2026-01-15 02:52:25 - DroneController - [INFO] - Target altitude reached: 2.57m
2026-01-15 02:52:25 - DroneController - [INFO] - Arm and takeoff complete
2026-01-15 02:52:25 - DroneController - [INFO] - State transition: TAKING_OFF -> ARMED
2026-01-15 02:52:25 - DroneController - [INFO] - Starting mission with 30 waypoints
2026-01-15 02:52:25 - DroneController - [INFO] - State transition: ARMED -> MISSION_ACTIVE
2026-01-15 02:52:25 - DroneController - [INFO] - Sending waypoint: (28.424364, 77.527028, 3.00)
2026-01-15 02:52:33 - DroneController - [INFO] - Telemetry: 8884 msgs | GPS: (28.424374, 77.527090, 2.99m) | Battery: 72% | Mode: GUIDED
2026-01-15 02:52:34 - DroneController - [INFO] - Waypoint 1/30 reached
2026-01-15 02:52:34 - DroneController - [INFO] - Sending waypoint: (28.424132, 77.527028, 3.00)
2026-01-15 02:52:40 - DroneController - [INFO] - Waypoint 2/30 reached
2026-01-15 02:52:40 - DroneController - [INFO] - Sending waypoint: (28.423986, 77.527080, 3.00)
2026-01-15 02:52:43 - DroneController - [INFO] - Telemetry: 10077 msgs | GPS: (28.424036, 77.527060, 3.00m) | Battery: 69% | Mode: GUIDED
2026-01-15 02:52:44 - DroneController - [INFO] - Waypoint 3/30 reached
2026-01-15 02:52:44 - DroneController - [INFO] - Sending waypoint: (28.424510, 77.527080, 3.00)
2026-01-15 02:52:53 - DroneController - [INFO] - Telemetry: 11272 msgs | GPS: (28.424438, 77.527079, 2.99m) | Battery: 67% | Mode: GUIDED
2026-01-15 02:52:54 - DroneController - [INFO] - Waypoint 4/30 reached
2026-01-15 02:52:54 - DroneController - [INFO] - Sending waypoint: (28.424594, 77.527131, 3.00)
2026-01-15 02:52:57 - DroneController - [INFO] - Waypoint 5/30 reached
2026-01-15 02:52:57 - DroneController - [INFO] - Sending waypoint: (28.423902, 77.527131, 3.00)
2026-01-15 02:53:03 - DroneController - [INFO] - Telemetry: 12468 msgs | GPS: (28.424377, 77.527133, 3.00m) | Battery: 64% | Mode: GUIDED
2026-01-15 02:53:09 - DroneController - [INFO] - Waypoint 6/30 reached
2026-01-15 02:53:09 - DroneController - [INFO] - Sending waypoint: (28.423838, 77.527182, 3.00)
2026-01-15 02:53:12 - DroneController - [INFO] - Waypoint 7/30 reached
2026-01-15 02:53:12 - DroneController - [INFO] - Sending waypoint: (28.424658, 77.527182, 3.00)
2026-01-15 02:53:13 - DroneController - [INFO] - Telemetry: 13661 msgs | GPS: (28.423842, 77.527175, 2.99m) | Battery: 62% | Mode: GUIDED
2026-01-15 02:53:14 - DroneController - [INFO] - Stopping controller...
2026-01-15 02:53:14 - DroneController - [INFO] - Telemetry loop stopped. Total messages: 13821
2026-01-15 02:53:14 - DroneController - [INFO] - Message type distribution: {'AHRS': 479, 'AHRS2': 479, 'ATTITUDE': 479, 'BATTERY_STATUS': 478, 'COMMAND_ACK': 2, 'EKF_STATUS_REPORT': 478, 'ESC_TELEMETRY_1_TO_4': 478, 'ESC_TELEMETRY_5_TO_8': 478, 'EXTENDED_SYS_STATE': 65, 'GLOBAL_POSITION_INT': 479, 'GPS_GLOBAL_ORIGIN': 1, 'GPS_RAW_INT': 478, 'HEARTBEAT': 65, 'HOME_POSITION': 66, 'LOCAL_POSITION_NED': 478, 'MEMINFO': 479, 'MISSION_CURRENT': 479, 'NAV_CONTROLLER_OUTPUT': 479, 'PARAM_VALUE': 7, 'POSITION_TARGET_GLOBAL_INT': 196, 'POWER_STATUS': 479, 'RAW_IMU': 479, 'RC_CHANNELS': 479, 'SCALED_IMU2': 478, 'SCALED_IMU3': 478, 'SCALED_PRESSURE': 478, 'SCALED_PRESSURE2': 478, 'SERVO_OUTPUT_RAW': 479, 'SIMSTATE': 478, 'STATUSTEXT': 3, 'SYSTEM_TIME': 478, 'SYS_STATUS': 479, 'TERRAIN_REPORT': 478, 'TIMESYNC': 6, 'UNKNOWN_437': 13, 'VFR_HUD': 479, 'VIBRATION': 478, 'WIND': 478}
2026-01-15 02:53:14 - DroneController - [INFO] - Mission controller stopped
2026-01-15 02:53:14 - DroneController - [INFO] - Command processor stopped
2026-01-15 02:53:15 - DroneController - [INFO] - Heartbeat monitor stopped
2026-01-15 02:53:15 - DroneController - [INFO] - Controller stopped
2026-01-15 02:53:15 - DroneController - [INFO] - Stopping controller...
2026-01-15 02:53:15 - DroneController - [INFO] - Controller stopped
2026-01-15 15:48:04 - DroneController - [INFO] - Mission planner initialized with KML: /Users/trishit_debsharma/Documents/Code/NIDAR/NIDAR/scan_drone/data/JUxs.kml
2026-01-15 15:48:04 - DroneController - [INFO] - DroneController initialized
2026-01-15 15:48:04 - DroneController - [INFO] - Geofence mode: polygon
2026-01-15 15:48:04 - DroneController - [INFO] - Connecting to 127.0.0.1:14551
2026-01-15 15:48:04 - DroneController - [INFO] - Connection attempt 1/3...
2026-01-15 15:48:04 - DroneController - [INFO] - Waiting for heartbeat...
2026-01-15 15:48:04 - DroneController - [CRITICAL] - EMERGENCY STOP
2026-01-15 15:48:05 - DroneController - [INFO] - Stopping controller...
2026-01-15 15:48:05 - DroneController - [INFO] - Landing initiated
2026-01-15 15:48:05 - DroneController - [INFO] - State transition: DISCONNECTED -> LANDING
2026-01-15 15:48:05 - DroneController - [ERROR] - Mode LAND not supported
2026-01-15 15:48:05 - DroneController - [ERROR] - Failed to enter LAND mode
2026-01-15 15:48:05 - DroneController - [INFO] - Controller stopped
2026-01-15 15:48:09 - DroneController - [INFO] - Mission planner initialized with KML: /Users/trishit_debsharma/Documents/Code/NIDAR/NIDAR/scan_drone/data/GBU_Actual.kml
2026-01-15 15:48:09 - DroneController - [INFO] - DroneController initialized
2026-01-15 15:48:09 - DroneController - [INFO] - Geofence mode: polygon
2026-01-15 15:48:09 - DroneController - [INFO] - Connecting to 127.0.0.1:14551
2026-01-15 15:48:09 - DroneController - [INFO] - Connection attempt 1/3...
2026-01-15 15:48:09 - DroneController - [INFO] - Waiting for heartbeat...
2026-01-15 15:48:10 - DroneController - [INFO] - Heartbeat from system 1, component 0
2026-01-15 15:48:10 - DroneController - [INFO] - Requesting data streams...
2026-01-15 15:48:10 - DroneController - [INFO] - Verifying data stream...
2026-01-15 15:48:10 - DroneController - [INFO] - Verifying data stream reception...
2026-01-15 15:48:11 - DroneController - [INFO] - ✓ All critical data streams verified
2026-01-15 15:48:11 - DroneController - [INFO] - Waiting for data streams to initialize...
2026-01-15 15:48:14 - DroneController - [INFO] - State transition: DISCONNECTED -> CONNECTED
2026-01-15 15:48:14 - DroneController - [INFO] - Telemetry log initialized: telemetry/telemetry_20260115_154814.csv
2026-01-15 15:48:14 - DroneController - [INFO] - ✓ Connection established and verified
2026-01-15 15:48:14 - DroneController - [INFO] - Telemetry loop started
2026-01-15 15:48:14 - DroneController - [INFO] - ✓ First telemetry message received
2026-01-15 15:48:14 - DroneController - [INFO] - Heartbeat monitor started
2026-01-15 15:48:14 - DroneController - [INFO] - Command processor started
2026-01-15 15:48:14 - DroneController - [INFO] - Mission controller started
2026-01-15 15:48:14 - DroneController - [INFO] - All threads started
2026-01-15 15:48:14 - DroneController - [INFO] - State transition: CONNECTED -> IDLE
2026-01-15 15:48:19 - DroneController - [INFO] - Loading mission with 24 points
2026-01-15 15:48:19 - DroneController - [INFO] - Starting and home position: lat=28.423520, lon=77.527510
2026-01-15 15:48:19 - DroneController - [INFO] - Mission validated: 24 waypoints
2026-01-15 15:48:19 - DroneController - [INFO] - Starting arm and takeoff to 4.0m
2026-01-15 15:48:19 - DroneController - [INFO] - Home set: 28.423520, 77.527510
2026-01-15 15:48:19 - DroneController - [INFO] - Using polygon geofence from KML (with home exception)
2026-01-15 15:48:19 - DroneController - [INFO] - Setting mode to GUIDED (attempt 1)
2026-01-15 15:48:20 - DroneController - [INFO] - Mode changed to GUIDED
2026-01-15 15:48:20 - DroneController - [INFO] - State transition: IDLE -> ARMING
2026-01-15 15:48:20 - DroneController - [INFO] - Waiting for drone to become armable...
2026-01-15 15:48:20 - DroneController - [INFO] - ✓ Drone is armable
2026-01-15 15:48:20 - DroneController - [INFO] - Arming attempt 1/3
2026-01-15 15:48:20 - DroneController - [INFO] - Armed successfully
2026-01-15 15:48:20 - DroneController - [INFO] - State transition: ARMING -> ARMED
2026-01-15 15:48:22 - DroneController - [INFO] - State transition: ARMED -> TAKING_OFF
2026-01-15 15:48:22 - DroneController - [INFO] - Takeoff attempt 1/3
2026-01-15 15:48:22 - DroneController - [INFO] - Takeoff command accepted
2026-01-15 15:48:24 - DroneController - [INFO] - Telemetry: 1505 msgs | GPS: (28.423520, 77.527510, 0.12m) | Battery: 99% | Mode: GUIDED
2026-01-15 15:48:27 - DroneController - [INFO] - Target altitude reached: 3.72m
2026-01-15 15:48:27 - DroneController - [INFO] - Arm and takeoff complete
2026-01-15 15:48:27 - DroneController - [INFO] - State transition: TAKING_OFF -> ARMED
2026-01-15 15:48:27 - DroneController - [INFO] - Starting mission with 24 waypoints
2026-01-15 15:48:27 - DroneController - [INFO] - State transition: ARMED -> MISSION_ACTIVE
2026-01-15 15:48:27 - DroneController - [INFO] - Sending waypoint: (28.423889, 77.527830, 4.00)
2026-01-15 15:48:34 - DroneController - [INFO] - Telemetry: 2691 msgs | GPS: (28.423797, 77.527750, 3.97m) | Battery: 97% | Mode: GUIDED
2026-01-15 15:48:36 - DroneController - [INFO] - Waypoint 1/24 reached
2026-01-15 15:48:36 - DroneController - [INFO] - Sending waypoint: (28.423609, 77.527802, 4.00)
2026-01-15 15:48:43 - DroneController - [INFO] - Waypoint 2/24 reached
2026-01-15 15:48:43 - DroneController - [INFO] - Sending waypoint: (28.423600, 77.527852, 4.00)
2026-01-15 15:48:44 - DroneController - [INFO] - Telemetry: 3877 msgs | GPS: (28.423618, 77.527804, 3.99m) | Battery: 94% | Mode: GUIDED
2026-01-15 15:48:45 - DroneController - [INFO] - Waypoint 3/24 reached
2026-01-15 15:48:45 - DroneController - [INFO] - Sending waypoint: (28.424790, 77.527971, 4.00)
2026-01-15 15:48:54 - DroneController - [INFO] - Telemetry: 5074 msgs | GPS: (28.424114, 77.527905, 4.01m) | Battery: 92% | Mode: GUIDED
2026-01-15 15:49:03 - DroneController - [INFO] - Waypoint 4/24 reached
2026-01-15 15:49:03 - DroneController - [INFO] - Sending waypoint: (28.424769, 77.528020, 4.00)
2026-01-15 15:49:04 - DroneController - [INFO] - Telemetry: 6256 msgs | GPS: (28.424792, 77.527977, 3.99m) | Battery: 89% | Mode: GUIDED
2026-01-15 15:49:05 - DroneController - [INFO] - Waypoint 5/24 reached
2026-01-15 15:49:05 - DroneController - [INFO] - Sending waypoint: (28.423591, 77.527903, 4.00)
2026-01-15 15:49:14 - DroneController - [INFO] - Telemetry: 7437 msgs | GPS: (28.424219, 77.527967, 4.00m) | Battery: 87% | Mode: GUIDED
2026-01-15 15:49:14 - DroneController - [INFO] - Stopping controller...
2026-01-15 15:49:14 - DroneController - [INFO] - Landing initiated
2026-01-15 15:49:14 - DroneController - [INFO] - State transition: MISSION_ACTIVE -> LANDING
2026-01-15 15:49:14 - DroneController - [INFO] - Setting mode to LAND (attempt 1)
2026-01-15 15:49:14 - DroneController - [INFO] - Telemetry loop stopped. Total messages: 7469
2026-01-15 15:49:14 - DroneController - [INFO] - Message type distribution: {'AHRS': 252, 'AHRS2': 252, 'ATTITUDE': 252, 'BATTERY_STATUS': 252, 'COMMAND_ACK': 2, 'EKF_STATUS_REPORT': 252, 'ESC_TELEMETRY_1_TO_4': 252, 'ESC_TELEMETRY_5_TO_8': 252, 'EXTENDED_SYS_STATE': 64, 'GLOBAL_POSITION_INT': 252, 'GPS_GLOBAL_ORIGIN': 1, 'GPS_RAW_INT': 252, 'HEARTBEAT': 65, 'HOME_POSITION': 65, 'LOCAL_POSITION_NED': 252, 'MEMINFO': 252, 'MISSION_CURRENT': 252, 'NAV_CONTROLLER_OUTPUT': 252, 'PARAM_VALUE': 7, 'POSITION_TARGET_GLOBAL_INT': 188, 'POWER_STATUS': 252, 'RAW_IMU': 252, 'RC_CHANNELS': 252, 'SCALED_IMU2': 252, 'SCALED_IMU3': 252, 'SCALED_PRESSURE': 252, 'SCALED_PRESSURE2': 252, 'SERVO_OUTPUT_RAW': 252, 'SIMSTATE': 252, 'STATUSTEXT': 3, 'SYSTEM_TIME': 252, 'SYS_STATUS': 252, 'TERRAIN_REPORT': 252, 'TIMESYNC': 6, 'UNKNOWN_437': 12, 'VFR_HUD': 252, 'VIBRATION': 252, 'WIND': 252}
2026-01-15 15:49:14 - DroneController - [INFO] - Mission controller stopped
2026-01-15 15:49:14 - DroneController - [INFO] - Command processor stopped
2026-01-15 15:49:14 - DroneController - [INFO] - Stopping controller...
2026-01-15 15:49:14 - DroneController - [INFO] - Landing initiated
2026-01-15 15:49:14 - DroneController - [INFO] - State transition: LANDING -> LANDING
2026-01-15 15:49:14 - DroneController - [INFO] - Setting mode to LAND (attempt 1)
2026-01-15 15:49:15 - DroneController - [INFO] - Stopping controller...
2026-01-15 15:49:15 - DroneController - [INFO] - Landing initiated
2026-01-15 15:49:15 - DroneController - [INFO] - State transition: LANDING -> LANDING
2026-01-15 15:49:15 - DroneController - [INFO] - Setting mode to LAND (attempt 1)
2026-01-15 15:49:15 - DroneController - [INFO] - Heartbeat monitor stopped
2026-01-15 15:49:15 - DroneController - [INFO] - Stopping controller...
2026-01-15 15:49:15 - DroneController - [INFO] - Landing initiated
2026-01-15 15:49:15 - DroneController - [INFO] - State transition: LANDING -> LANDING
2026-01-15 15:49:15 - DroneController - [INFO] - Setting mode to LAND (attempt 1)
2026-01-15 15:49:15 - DroneController - [INFO] - Stopping controller...
2026-01-15 15:49:15 - DroneController - [INFO] - Landing initiated
2026-01-15 15:49:15 - DroneController - [INFO] - State transition: LANDING -> LANDING
2026-01-15 15:49:15 - DroneController - [INFO] - Setting mode to LAND (attempt 1)
2026-01-15 15:49:16 - DroneController - [INFO] - Stopping controller...
2026-01-15 15:49:16 - DroneController - [INFO] - Landing initiated
2026-01-15 15:49:16 - DroneController - [INFO] - State transition: LANDING -> LANDING
2026-01-15 15:49:16 - DroneController - [INFO] - Setting mode to LAND (attempt 1)
2026-01-15 15:49:17 - DroneController - [INFO] - Mode changed to LAND
2026-01-15 15:49:17 - DroneController - [INFO] - Landing in progress
2026-01-15 15:49:17 - DroneController - [INFO] - Controller stopped
2026-01-15 15:49:17 - DroneController - [INFO] - Stopping controller...
2026-01-15 15:49:17 - DroneController - [INFO] - Landing initiated
2026-01-15 15:49:17 - DroneController - [INFO] - State transition: LANDING -> LANDING
2026-01-15 15:49:17 - DroneController - [INFO] - Setting mode to LAND (attempt 1)
2026-01-15 15:49:18 - DroneController - [INFO] - Mode changed to LAND
2026-01-15 15:49:18 - DroneController - [INFO] - Landing in progress
2026-01-15 15:49:18 - DroneController - [INFO] - Controller stopped
