2026-01-04 11:34:55 - DroneController - [ERROR] - Failed to load KML file: name 'MissionPlanner' is not defined
2026-01-04 11:34:55 - DroneController - [INFO] - DroneController initialized
2026-01-04 11:34:55 - DroneController - [INFO] - Geofence mode: polygon
2026-01-04 11:34:55 - DroneController - [INFO] - Connecting to 127.0.0.1:14551
2026-01-04 11:34:55 - DroneController - [INFO] - Waiting for heartbeat (attempt 1/3)...
2026-01-04 21:32:35 - DroneController - [INFO] - Mission planner initialized with KML: /Users/trishit_debsharma/Documents/Code/NIDAR/NIDAR/spray_drone/data/JUs.kml
2026-01-04 21:32:35 - DroneController - [INFO] - DroneController initialized
2026-01-04 21:32:35 - DroneController - [INFO] - Geofence mode: polygon
2026-01-04 21:32:35 - DroneController - [INFO] - Connecting to 127.0.0.1:14551
2026-01-04 21:32:35 - DroneController - [INFO] - Connection attempt 1/3...
2026-01-04 21:32:35 - DroneController - [INFO] - Waiting for heartbeat...
2026-01-04 21:33:05 - DroneController - [INFO] - Heartbeat from system 0, component 0
2026-01-04 21:33:05 - DroneController - [INFO] - Requesting data streams...
2026-01-04 21:33:05 - DroneController - [INFO] - Verifying data stream...
2026-01-04 21:33:05 - DroneController - [INFO] - Waiting for data streams to initialize...
2026-01-04 21:33:08 - DroneController - [INFO] - State transition: DISCONNECTED -> CONNECTED
2026-01-04 21:33:08 - DroneController - [INFO] - Telemetry log initialized: telemetry/telemetry_20260104_213308.csv
2026-01-04 21:33:08 - DroneController - [INFO] - ✓ Connection established and verified
2026-01-04 21:33:08 - DroneController - [INFO] - Telemetry loop started
2026-01-04 21:33:08 - DroneController - [INFO] - Heartbeat monitor started
2026-01-04 21:33:08 - DroneController - [INFO] - Command processor started
2026-01-04 21:33:08 - DroneController - [INFO] - Mission controller started
2026-01-04 21:33:08 - DroneController - [INFO] - All threads started
2026-01-04 21:33:08 - DroneController - [INFO] - State transition: CONNECTED -> IDLE
2026-01-04 21:33:10 - DroneController - [INFO] - Loading mission with 5 points
2026-01-04 21:33:10 - DroneController - [INFO] - Starting position: lat=0.000000, lon=0.000000
2026-01-04 21:33:10 - DroneController - [INFO] - Mission validated: 5 waypoints
2026-01-04 21:33:10 - DroneController - [INFO] - Return home waypoint added: (22.497943, 88.372148)
2026-01-04 21:33:10 - DroneController - [INFO] - Starting arm and takeoff to 3.0m
2026-01-04 21:33:10 - DroneController - [INFO] - Using polygon geofence from KML
2026-01-04 21:33:10 - DroneController - [INFO] - Setting mode to GUIDED (attempt 1)
2026-01-04 21:33:12 - DroneController - [INFO] - Setting mode to GUIDED (attempt 2)
2026-01-04 21:33:13 - DroneController - [WARNING] - No heartbeat for 5.0s
2026-01-04 21:33:13 - DroneController - [WARNING] - No messages received in 5 seconds
2026-01-04 21:33:14 - DroneController - [WARNING] - No heartbeat for 6.0s
2026-01-04 21:33:14 - DroneController - [INFO] - Setting mode to GUIDED (attempt 3)
2026-01-04 21:33:15 - DroneController - [WARNING] - No heartbeat for 7.0s
2026-01-04 21:33:16 - DroneController - [ERROR] - Failed to change mode to GUIDED
2026-01-04 21:33:16 - DroneController - [WARNING] - No heartbeat for 8.0s
2026-01-04 21:33:16 - DroneController - [INFO] - Stopping controller...
2026-01-04 21:33:16 - DroneController - [INFO] - Command processor stopped
2026-01-04 21:33:16 - DroneController - [INFO] - Telemetry loop stopped. Total messages: 0
2026-01-04 21:33:16 - DroneController - [INFO] - Message type distribution: {}
2026-01-04 21:33:16 - DroneController - [INFO] - Mission controller stopped
2026-01-04 21:33:17 - DroneController - [INFO] - Heartbeat monitor stopped
2026-01-04 21:33:17 - DroneController - [INFO] - Controller stopped
2026-01-04 21:39:02 - DroneController - [INFO] - Mission planner initialized with KML: /Users/trishit_debsharma/Documents/Code/NIDAR/NIDAR/spray_drone/data/JUs.kml
2026-01-04 21:39:02 - DroneController - [INFO] - DroneController initialized
2026-01-04 21:39:02 - DroneController - [INFO] - Geofence mode: polygon
2026-01-04 21:39:02 - DroneController - [INFO] - Connecting to 127.0.0.1:14551
2026-01-04 21:39:02 - DroneController - [INFO] - Connection attempt 1/3...
2026-01-04 21:39:02 - DroneController - [INFO] - Waiting for heartbeat...
2026-01-04 21:39:32 - DroneController - [INFO] - Heartbeat from system 0, component 0
2026-01-04 21:39:32 - DroneController - [INFO] - Requesting data streams...
2026-01-04 21:39:32 - DroneController - [INFO] - Verifying data stream...
2026-01-04 21:39:32 - DroneController - [INFO] - Verifying data stream reception...
2026-01-04 21:39:42 - DroneController - [WARNING] - Missing message types: ['HEARTBEAT', 'GLOBAL_POSITION_INT', 'ATTITUDE', 'SYS_STATUS']
2026-01-04 21:39:42 - DroneController - [ERROR] - ✗ Data stream verification failed
2026-01-04 21:39:42 - DroneController - [WARNING] - Data stream verification failed, retrying...
2026-01-04 21:39:44 - DroneController - [INFO] - Connection attempt 2/3...
2026-01-04 21:39:44 - DroneController - [INFO] - Waiting for heartbeat...
2026-01-04 21:40:14 - DroneController - [INFO] - Heartbeat from system 0, component 0
2026-01-04 21:40:14 - DroneController - [INFO] - Requesting data streams...
2026-01-04 21:40:14 - DroneController - [INFO] - Verifying data stream...
2026-01-04 21:40:14 - DroneController - [INFO] - Verifying data stream reception...
2026-01-04 21:40:24 - DroneController - [WARNING] - Missing message types: ['HEARTBEAT', 'GLOBAL_POSITION_INT', 'ATTITUDE', 'SYS_STATUS']
2026-01-04 21:40:24 - DroneController - [ERROR] - ✗ Data stream verification failed
2026-01-04 21:40:24 - DroneController - [WARNING] - Data stream verification failed, retrying...
2026-01-04 21:40:26 - DroneController - [INFO] - Connection attempt 3/3...
2026-01-04 21:40:26 - DroneController - [INFO] - Waiting for heartbeat...
2026-01-04 21:40:56 - DroneController - [INFO] - Heartbeat from system 0, component 0
2026-01-04 21:40:56 - DroneController - [INFO] - Requesting data streams...
2026-01-04 21:40:56 - DroneController - [INFO] - Verifying data stream...
2026-01-04 21:40:56 - DroneController - [INFO] - Verifying data stream reception...
2026-01-04 21:41:06 - DroneController - [WARNING] - Missing message types: ['HEARTBEAT', 'GLOBAL_POSITION_INT', 'ATTITUDE', 'SYS_STATUS']
2026-01-04 21:41:06 - DroneController - [ERROR] - ✗ Data stream verification failed
2026-01-04 21:41:06 - DroneController - [WARNING] - Data stream verification failed, retrying...
2026-01-04 21:41:08 - DroneController - [ERROR] - Failed to connect after 3 attempts
2026-01-04 21:41:08 - DroneController - [INFO] - Stopping controller...
2026-01-04 21:41:08 - DroneController - [INFO] - Controller stopped
2026-01-04 21:42:28 - DroneController - [INFO] - Mission planner initialized with KML: /Users/trishit_debsharma/Documents/Code/NIDAR/NIDAR/spray_drone/data/JUs.kml
2026-01-04 21:42:28 - DroneController - [INFO] - DroneController initialized
2026-01-04 21:42:28 - DroneController - [INFO] - Geofence mode: polygon
2026-01-04 21:42:28 - DroneController - [INFO] - Connecting to 127.0.0.1:14551
2026-01-04 21:42:28 - DroneController - [INFO] - Connection attempt 1/3...
2026-01-04 21:42:28 - DroneController - [INFO] - Waiting for heartbeat...
2026-01-04 21:42:28 - DroneController - [INFO] - Heartbeat from system 1, component 0
2026-01-04 21:42:28 - DroneController - [INFO] - Requesting data streams...
2026-01-04 21:42:28 - DroneController - [INFO] - Verifying data stream...
2026-01-04 21:42:28 - DroneController - [INFO] - Verifying data stream reception...
2026-01-04 21:42:29 - DroneController - [INFO] - ✓ All critical data streams verified
2026-01-04 21:42:29 - DroneController - [INFO] - Waiting for data streams to initialize...
2026-01-04 21:42:32 - DroneController - [INFO] - State transition: DISCONNECTED -> CONNECTED
2026-01-04 21:42:32 - DroneController - [INFO] - Telemetry log initialized: telemetry/telemetry_20260104_214232.csv
2026-01-04 21:42:32 - DroneController - [INFO] - ✓ Connection established and verified
2026-01-04 21:42:32 - DroneController - [INFO] - Telemetry loop started
2026-01-04 21:42:32 - DroneController - [INFO] - Heartbeat monitor started
2026-01-04 21:42:32 - DroneController - [INFO] - Command processor started
2026-01-04 21:42:32 - DroneController - [INFO] - Mission controller started
2026-01-04 21:42:32 - DroneController - [INFO] - All threads started
2026-01-04 21:42:32 - DroneController - [INFO] - ✓ First telemetry message received
2026-01-04 21:42:32 - DroneController - [INFO] - State transition: CONNECTED -> IDLE
2026-01-04 21:42:34 - DroneController - [INFO] - Loading mission with 5 points
2026-01-04 21:42:34 - DroneController - [INFO] - Starting position: lat=22.498041, lon=88.372440
2026-01-04 21:42:34 - DroneController - [INFO] - Mission validated: 5 waypoints
2026-01-04 21:42:34 - DroneController - [INFO] - Return home waypoint added: (22.498022, 88.372386)
2026-01-04 21:42:34 - DroneController - [INFO] - Starting arm and takeoff to 3.0m
2026-01-04 21:42:34 - DroneController - [INFO] - Using polygon geofence from KML
2026-01-04 21:42:34 - DroneController - [INFO] - Setting mode to GUIDED (attempt 1)
2026-01-04 21:42:35 - DroneController - [INFO] - Mode changed to GUIDED
2026-01-04 21:42:35 - DroneController - [INFO] - State transition: IDLE -> ARMING
2026-01-04 21:42:35 - DroneController - [INFO] - Waiting for drone to become armable...
2026-01-04 21:42:35 - DroneController - [INFO] - ✓ Drone is armable
2026-01-04 21:42:35 - DroneController - [INFO] - Arming attempt 1/3
2026-01-04 21:42:35 - DroneController - [INFO] - Armed successfully
2026-01-04 21:42:35 - DroneController - [INFO] - State transition: ARMING -> ARMED
2026-01-04 21:42:35 - DroneController - [INFO] - State transition: ARMED -> TAKING_OFF
2026-01-04 21:42:35 - DroneController - [INFO] - Takeoff attempt 1/3
2026-01-04 21:42:35 - DroneController - [INFO] - Takeoff command accepted
2026-01-04 21:42:41 - DroneController - [INFO] - Target altitude reached: 2.39m
2026-01-04 21:42:41 - DroneController - [INFO] - Arm and takeoff complete
2026-01-04 21:42:41 - DroneController - [ERROR] - Drone must be armed and at altitude
2026-01-04 21:42:41 - DroneController - [INFO] - Stopping controller...
2026-01-04 21:42:41 - DroneController - [INFO] - Telemetry loop stopped. Total messages: 1681
2026-01-04 21:42:41 - DroneController - [INFO] - Message type distribution: {'AHRS': 45, 'AHRS2': 72, 'ATTITUDE': 72, 'BATTERY_STATUS': 44, 'COMMAND_ACK': 4, 'EKF_STATUS_REPORT': 44, 'ESC_TELEMETRY_1_TO_4': 72, 'ESC_TELEMETRY_5_TO_8': 72, 'EXTENDED_SYS_STATE': 13, 'GLOBAL_POSITION_INT': 78, 'GPS_GLOBAL_ORIGIN': 1, 'GPS_RAW_INT': 58, 'HEARTBEAT': 13, 'HOME_POSITION': 14, 'LOCAL_POSITION_NED': 78, 'MEMINFO': 58, 'MISSION_CURRENT': 58, 'NAV_CONTROLLER_OUTPUT': 58, 'PARAM_VALUE': 1, 'POWER_STATUS': 58, 'RAW_IMU': 49, 'RC_CHANNELS': 67, 'SCALED_IMU2': 49, 'SCALED_IMU3': 49, 'SCALED_PRESSURE': 49, 'SCALED_PRESSURE2': 49, 'SERVO_OUTPUT_RAW': 67, 'SIMSTATE': 72, 'STATUSTEXT': 1, 'SYSTEM_TIME': 44, 'SYS_STATUS': 58, 'TERRAIN_REPORT': 44, 'TERRAIN_REQUEST': 6, 'TIMESYNC': 1, 'UNKNOWN_437': 3, 'VFR_HUD': 72, 'VIBRATION': 44, 'WIND': 44}
2026-01-04 21:42:41 - DroneController - [INFO] - Mission controller stopped
2026-01-04 21:42:41 - DroneController - [INFO] - Command processor stopped
2026-01-04 21:42:42 - DroneController - [INFO] - Heartbeat monitor stopped
2026-01-04 21:42:42 - DroneController - [INFO] - Controller stopped
2026-01-04 21:46:07 - DroneController - [INFO] - Mission planner initialized with KML: /Users/trishit_debsharma/Documents/Code/NIDAR/NIDAR/spray_drone/data/JUs.kml
2026-01-04 21:46:07 - DroneController - [INFO] - DroneController initialized
2026-01-04 21:46:07 - DroneController - [INFO] - Geofence mode: polygon
2026-01-04 21:46:07 - DroneController - [INFO] - Connecting to 127.0.0.1:14551
2026-01-04 21:46:07 - DroneController - [INFO] - Connection attempt 1/3...
2026-01-04 21:46:07 - DroneController - [INFO] - Waiting for heartbeat...
2026-01-04 21:46:08 - DroneController - [INFO] - Heartbeat from system 1, component 0
2026-01-04 21:46:08 - DroneController - [INFO] - Requesting data streams...
2026-01-04 21:46:08 - DroneController - [INFO] - Verifying data stream...
2026-01-04 21:46:08 - DroneController - [INFO] - Verifying data stream reception...
2026-01-04 21:46:09 - DroneController - [INFO] - ✓ All critical data streams verified
2026-01-04 21:46:09 - DroneController - [INFO] - Waiting for data streams to initialize...
2026-01-04 21:46:12 - DroneController - [INFO] - State transition: DISCONNECTED -> CONNECTED
2026-01-04 21:46:12 - DroneController - [INFO] - Telemetry log initialized: telemetry/telemetry_20260104_214612.csv
2026-01-04 21:46:12 - DroneController - [INFO] - ✓ Connection established and verified
2026-01-04 21:46:12 - DroneController - [INFO] - Telemetry loop started
2026-01-04 21:46:12 - DroneController - [INFO] - ✓ First telemetry message received
2026-01-04 21:46:12 - DroneController - [INFO] - Heartbeat monitor started
2026-01-04 21:46:12 - DroneController - [INFO] - Command processor started
2026-01-04 21:46:12 - DroneController - [INFO] - Mission controller started
2026-01-04 21:46:12 - DroneController - [INFO] - All threads started
2026-01-04 21:46:12 - DroneController - [INFO] - State transition: CONNECTED -> IDLE
2026-01-04 21:46:14 - DroneController - [INFO] - Loading mission with 5 points
2026-01-04 21:46:14 - DroneController - [INFO] - Starting position: lat=22.498041, lon=88.372439
2026-01-04 21:46:14 - DroneController - [INFO] - Mission validated: 5 waypoints
2026-01-04 21:46:14 - DroneController - [INFO] - Return home waypoint added: (22.498022, 88.372386)
2026-01-04 21:46:14 - DroneController - [INFO] - Starting arm and takeoff to 3.0m
2026-01-04 21:46:14 - DroneController - [INFO] - Using polygon geofence from KML
2026-01-04 21:46:14 - DroneController - [INFO] - Setting mode to GUIDED (attempt 1)
2026-01-04 21:46:15 - DroneController - [INFO] - Mode changed to GUIDED
2026-01-04 21:46:15 - DroneController - [INFO] - State transition: IDLE -> ARMING
2026-01-04 21:46:15 - DroneController - [INFO] - Waiting for drone to become armable...
2026-01-04 21:46:15 - DroneController - [INFO] - ✓ Drone is armable
2026-01-04 21:46:15 - DroneController - [INFO] - Arming attempt 1/3
2026-01-04 21:46:15 - DroneController - [INFO] - Armed successfully
2026-01-04 21:46:15 - DroneController - [INFO] - State transition: ARMING -> ARMED
2026-01-04 21:46:15 - DroneController - [INFO] - State transition: ARMED -> TAKING_OFF
2026-01-04 21:46:15 - DroneController - [INFO] - Takeoff attempt 1/3
2026-01-04 21:46:15 - DroneController - [INFO] - Takeoff command accepted
2026-01-04 21:46:21 - DroneController - [INFO] - Target altitude reached: 2.45m
2026-01-04 21:46:21 - DroneController - [INFO] - Arm and takeoff complete
2026-01-04 21:46:21 - DroneController - [INFO] - State transition: TAKING_OFF -> ARMED
2026-01-04 21:46:21 - DroneController - [INFO] - Starting mission with 6 waypoints
2026-01-04 21:46:21 - DroneController - [INFO] - State transition: ARMED -> MISSION_ACTIVE
2026-01-04 21:46:21 - DroneController - [INFO] - Sending waypoint: (22.498022, 88.372386, 3.00)
2026-01-04 21:46:21 - DroneController - [ERROR] - Geofence violation: Outside polygon boundary: (22.498041, 88.372439)
2026-01-04 21:46:21 - DroneController - [CRITICAL] - Emergency RTL triggered
2026-01-04 21:46:21 - DroneController - [INFO] - State transition: MISSION_ACTIVE -> RETURNING_HOME
2026-01-04 21:46:21 - DroneController - [INFO] - Setting mode to RTL (attempt 1)
2026-01-04 21:46:22 - DroneController - [INFO] - Telemetry: 5601 msgs | GPS: (22.498041, 88.372439, 3.04m) | Battery: 61% | Mode: RTL
2026-01-04 21:46:22 - DroneController - [INFO] - Mode changed to RTL
2026-01-04 21:46:22 - DroneController - [INFO] - RTL in progress
2026-01-04 21:46:22 - DroneController - [ERROR] - Geofence violation: Outside polygon boundary: (22.498041, 88.372439)
2026-01-04 21:46:22 - DroneController - [CRITICAL] - Emergency RTL triggered
2026-01-04 21:46:22 - DroneController - [INFO] - State transition: RETURNING_HOME -> RETURNING_HOME
2026-01-04 21:46:22 - DroneController - [INFO] - Setting mode to RTL (attempt 1)
2026-01-04 21:46:23 - DroneController - [INFO] - Mode changed to RTL
2026-01-04 21:46:23 - DroneController - [INFO] - RTL in progress
2026-01-04 21:46:23 - DroneController - [ERROR] - Geofence violation: Outside polygon boundary: (22.498041, 88.372439)
2026-01-04 21:46:23 - DroneController - [CRITICAL] - Emergency RTL triggered
2026-01-04 21:46:23 - DroneController - [INFO] - State transition: RETURNING_HOME -> RETURNING_HOME
2026-01-04 21:46:23 - DroneController - [INFO] - Setting mode to RTL (attempt 1)
2026-01-04 21:46:24 - DroneController - [INFO] - Mode changed to RTL
2026-01-04 21:46:24 - DroneController - [INFO] - RTL in progress
2026-01-04 21:46:24 - DroneController - [ERROR] - Geofence violation: Outside polygon boundary: (22.498041, 88.372439)
2026-01-04 21:46:24 - DroneController - [CRITICAL] - Emergency RTL triggered
2026-01-04 21:46:24 - DroneController - [INFO] - State transition: RETURNING_HOME -> RETURNING_HOME
2026-01-04 21:46:24 - DroneController - [INFO] - Setting mode to RTL (attempt 1)
2026-01-04 21:46:25 - DroneController - [INFO] - Mode changed to RTL
2026-01-04 21:46:25 - DroneController - [INFO] - RTL in progress
2026-01-04 21:46:25 - DroneController - [ERROR] - Geofence violation: Outside polygon boundary: (22.498041, 88.372439)
2026-01-04 21:46:25 - DroneController - [CRITICAL] - Emergency RTL triggered
2026-01-04 21:46:25 - DroneController - [INFO] - State transition: RETURNING_HOME -> RETURNING_HOME
2026-01-04 21:46:25 - DroneController - [INFO] - Setting mode to RTL (attempt 1)
2026-01-04 21:46:26 - DroneController - [INFO] - Mode changed to RTL
2026-01-04 21:46:26 - DroneController - [INFO] - RTL in progress
2026-01-04 21:46:26 - DroneController - [ERROR] - Geofence violation: Outside polygon boundary: (22.498041, 88.372439)
2026-01-04 21:46:26 - DroneController - [CRITICAL] - Emergency RTL triggered
2026-01-04 21:46:26 - DroneController - [INFO] - State transition: RETURNING_HOME -> RETURNING_HOME
2026-01-04 21:46:26 - DroneController - [INFO] - Setting mode to RTL (attempt 1)
2026-01-04 21:46:27 - DroneController - [INFO] - Mode changed to RTL
2026-01-04 21:46:27 - DroneController - [INFO] - RTL in progress
2026-01-04 21:46:27 - DroneController - [ERROR] - Geofence violation: Outside polygon boundary: (22.498041, 88.372439)
2026-01-04 21:46:27 - DroneController - [CRITICAL] - Emergency RTL triggered
2026-01-04 21:46:27 - DroneController - [INFO] - State transition: RETURNING_HOME -> RETURNING_HOME
2026-01-04 21:46:27 - DroneController - [INFO] - Setting mode to RTL (attempt 1)
2026-01-04 21:46:28 - DroneController - [INFO] - Mode changed to RTL
2026-01-04 21:46:28 - DroneController - [INFO] - RTL in progress
2026-01-04 21:46:28 - DroneController - [ERROR] - Geofence violation: Outside polygon boundary: (22.498041, 88.372439)
2026-01-04 21:46:28 - DroneController - [CRITICAL] - Emergency RTL triggered
2026-01-04 21:46:28 - DroneController - [INFO] - State transition: RETURNING_HOME -> RETURNING_HOME
2026-01-04 21:46:28 - DroneController - [INFO] - Setting mode to RTL (attempt 1)
2026-01-04 21:46:29 - DroneController - [INFO] - Mode changed to RTL
2026-01-04 21:46:29 - DroneController - [INFO] - RTL in progress
2026-01-04 21:46:29 - DroneController - [ERROR] - Geofence violation: Outside polygon boundary: (22.498041, 88.372439)
2026-01-04 21:46:29 - DroneController - [CRITICAL] - Emergency RTL triggered
2026-01-04 21:46:29 - DroneController - [INFO] - State transition: RETURNING_HOME -> RETURNING_HOME
2026-01-04 21:46:29 - DroneController - [INFO] - Setting mode to RTL (attempt 1)
2026-01-04 21:46:30 - DroneController - [INFO] - Mode changed to RTL
2026-01-04 21:46:30 - DroneController - [INFO] - RTL in progress
2026-01-04 21:46:30 - DroneController - [ERROR] - Geofence violation: Outside polygon boundary: (22.498041, 88.372439)
2026-01-04 21:46:30 - DroneController - [CRITICAL] - Emergency RTL triggered
2026-01-04 21:46:30 - DroneController - [INFO] - State transition: RETURNING_HOME -> RETURNING_HOME
2026-01-04 21:46:30 - DroneController - [INFO] - Setting mode to RTL (attempt 1)
2026-01-04 21:46:31 - DroneController - [INFO] - Mode changed to RTL
2026-01-04 21:46:31 - DroneController - [INFO] - RTL in progress
2026-01-04 21:46:31 - DroneController - [ERROR] - Geofence violation: Outside polygon boundary: (22.498041, 88.372439)
2026-01-04 21:46:31 - DroneController - [CRITICAL] - Emergency RTL triggered
2026-01-04 21:46:31 - DroneController - [INFO] - State transition: RETURNING_HOME -> RETURNING_HOME
2026-01-04 21:46:31 - DroneController - [INFO] - Setting mode to RTL (attempt 1)
2026-01-04 21:46:32 - DroneController - [INFO] - Telemetry: 6786 msgs | GPS: (22.498041, 88.372439, 1.86m) | Battery: 59% | Mode: RTL
2026-01-04 21:46:32 - DroneController - [INFO] - Mode changed to RTL
2026-01-04 21:46:32 - DroneController - [INFO] - RTL in progress
2026-01-04 21:46:32 - DroneController - [ERROR] - Geofence violation: Outside polygon boundary: (22.498041, 88.372439)
2026-01-04 21:46:32 - DroneController - [CRITICAL] - Emergency RTL triggered
2026-01-04 21:46:32 - DroneController - [INFO] - State transition: RETURNING_HOME -> RETURNING_HOME
2026-01-04 21:46:32 - DroneController - [INFO] - Setting mode to RTL (attempt 1)
2026-01-04 21:46:33 - DroneController - [INFO] - Mode changed to RTL
2026-01-04 21:46:33 - DroneController - [INFO] - RTL in progress
2026-01-04 21:46:33 - DroneController - [ERROR] - Geofence violation: Outside polygon boundary: (22.498041, 88.372439)
2026-01-04 21:46:33 - DroneController - [CRITICAL] - Emergency RTL triggered
2026-01-04 21:46:33 - DroneController - [INFO] - State transition: RETURNING_HOME -> RETURNING_HOME
2026-01-04 21:46:33 - DroneController - [INFO] - Setting mode to RTL (attempt 1)
2026-01-04 21:46:34 - DroneController - [INFO] - Mode changed to RTL
2026-01-04 21:46:34 - DroneController - [INFO] - RTL in progress
2026-01-04 21:46:34 - DroneController - [ERROR] - Geofence violation: Outside polygon boundary: (22.498041, 88.372439)
2026-01-04 21:46:34 - DroneController - [CRITICAL] - Emergency RTL triggered
2026-01-04 21:46:34 - DroneController - [INFO] - State transition: RETURNING_HOME -> RETURNING_HOME
2026-01-04 21:46:34 - DroneController - [INFO] - Setting mode to RTL (attempt 1)
2026-01-04 21:46:35 - DroneController - [INFO] - Mode changed to RTL
2026-01-04 21:46:35 - DroneController - [INFO] - RTL in progress
2026-01-04 21:46:35 - DroneController - [ERROR] - Geofence violation: Altitude too low: 0.36m < 0.5m
2026-01-04 21:46:35 - DroneController - [CRITICAL] - Emergency RTL triggered
2026-01-04 21:46:35 - DroneController - [INFO] - State transition: RETURNING_HOME -> RETURNING_HOME
2026-01-04 21:46:35 - DroneController - [INFO] - Setting mode to RTL (attempt 1)
2026-01-04 21:46:36 - DroneController - [INFO] - Mode changed to RTL
2026-01-04 21:46:36 - DroneController - [INFO] - RTL in progress
2026-01-04 21:46:36 - DroneController - [ERROR] - Geofence violation: Altitude too low: -0.02m < 0.5m
2026-01-04 21:46:36 - DroneController - [CRITICAL] - Emergency RTL triggered
2026-01-04 21:46:36 - DroneController - [INFO] - State transition: RETURNING_HOME -> RETURNING_HOME
2026-01-04 21:46:36 - DroneController - [INFO] - Setting mode to RTL (attempt 1)
2026-01-04 21:46:37 - DroneController - [INFO] - Mode changed to RTL
2026-01-04 21:46:37 - DroneController - [INFO] - RTL in progress
2026-01-04 21:46:37 - DroneController - [ERROR] - Geofence violation: Altitude too low: -0.01m < 0.5m
2026-01-04 21:46:37 - DroneController - [CRITICAL] - Emergency RTL triggered
2026-01-04 21:46:37 - DroneController - [INFO] - State transition: RETURNING_HOME -> RETURNING_HOME
2026-01-04 21:46:37 - DroneController - [INFO] - Setting mode to RTL (attempt 1)
2026-01-04 21:46:38 - DroneController - [INFO] - Mode changed to RTL
2026-01-04 21:46:38 - DroneController - [INFO] - RTL in progress
2026-01-04 21:46:38 - DroneController - [ERROR] - Geofence violation: Altitude too low: -0.00m < 0.5m
2026-01-04 21:46:38 - DroneController - [CRITICAL] - Emergency RTL triggered
2026-01-04 21:46:38 - DroneController - [INFO] - State transition: RETURNING_HOME -> RETURNING_HOME
2026-01-04 21:46:38 - DroneController - [INFO] - Setting mode to RTL (attempt 1)
2026-01-04 21:46:39 - DroneController - [INFO] - Mode changed to RTL
2026-01-04 21:46:39 - DroneController - [INFO] - RTL in progress
2026-01-04 21:46:39 - DroneController - [ERROR] - Geofence violation: Altitude too low: 0.00m < 0.5m
2026-01-04 21:46:39 - DroneController - [CRITICAL] - Emergency RTL triggered
2026-01-04 21:46:39 - DroneController - [INFO] - State transition: RETURNING_HOME -> RETURNING_HOME
2026-01-04 21:46:39 - DroneController - [INFO] - Setting mode to RTL (attempt 1)
2026-01-04 21:46:40 - DroneController - [INFO] - Mode changed to RTL
2026-01-04 21:46:40 - DroneController - [INFO] - RTL in progress
2026-01-04 21:46:40 - DroneController - [ERROR] - Geofence violation: Altitude too low: 0.00m < 0.5m
2026-01-04 21:46:40 - DroneController - [CRITICAL] - Emergency RTL triggered
2026-01-04 21:46:40 - DroneController - [INFO] - State transition: RETURNING_HOME -> RETURNING_HOME
2026-01-04 21:46:40 - DroneController - [INFO] - Setting mode to RTL (attempt 1)
2026-01-04 21:46:41 - DroneController - [INFO] - Mode changed to RTL
2026-01-04 21:46:41 - DroneController - [INFO] - RTL in progress
2026-01-04 21:46:41 - DroneController - [ERROR] - Geofence violation: Altitude too low: 0.00m < 0.5m
2026-01-04 21:46:41 - DroneController - [CRITICAL] - Emergency RTL triggered
2026-01-04 21:46:41 - DroneController - [INFO] - State transition: RETURNING_HOME -> RETURNING_HOME
2026-01-04 21:46:41 - DroneController - [INFO] - Setting mode to RTL (attempt 1)
2026-01-04 21:46:42 - DroneController - [INFO] - Telemetry: 7946 msgs | GPS: (22.498041, 88.372439, 0.00m) | Battery: 58% | Mode: RTL
2026-01-04 21:46:42 - DroneController - [INFO] - Mode changed to RTL
2026-01-04 21:46:42 - DroneController - [INFO] - RTL in progress
2026-01-04 21:46:42 - DroneController - [ERROR] - Geofence violation: Altitude too low: 0.00m < 0.5m
2026-01-04 21:46:42 - DroneController - [CRITICAL] - Emergency RTL triggered
2026-01-04 21:46:42 - DroneController - [INFO] - State transition: RETURNING_HOME -> RETURNING_HOME
2026-01-04 21:46:42 - DroneController - [INFO] - Setting mode to RTL (attempt 1)
2026-01-04 21:46:43 - DroneController - [INFO] - Mode changed to RTL
2026-01-04 21:46:43 - DroneController - [INFO] - RTL in progress
2026-01-04 21:46:43 - DroneController - [ERROR] - Geofence violation: Altitude too low: 0.00m < 0.5m
2026-01-04 21:46:43 - DroneController - [CRITICAL] - Emergency RTL triggered
2026-01-04 21:46:43 - DroneController - [INFO] - State transition: RETURNING_HOME -> RETURNING_HOME
2026-01-04 21:46:43 - DroneController - [INFO] - Setting mode to RTL (attempt 1)
2026-01-04 21:46:44 - DroneController - [INFO] - Mode changed to RTL
2026-01-04 21:46:44 - DroneController - [INFO] - RTL in progress
2026-01-04 21:46:44 - DroneController - [ERROR] - Geofence violation: Altitude too low: 0.00m < 0.5m
2026-01-04 21:46:44 - DroneController - [CRITICAL] - Emergency RTL triggered
2026-01-04 21:46:44 - DroneController - [INFO] - State transition: RETURNING_HOME -> RETURNING_HOME
2026-01-04 21:46:44 - DroneController - [INFO] - Setting mode to RTL (attempt 1)
2026-01-04 21:46:45 - DroneController - [INFO] - Mode changed to RTL
2026-01-04 21:46:45 - DroneController - [INFO] - RTL in progress
2026-01-04 21:46:45 - DroneController - [ERROR] - Geofence violation: Altitude too low: 0.00m < 0.5m
2026-01-04 21:46:45 - DroneController - [CRITICAL] - Emergency RTL triggered
2026-01-04 21:46:45 - DroneController - [INFO] - State transition: RETURNING_HOME -> RETURNING_HOME
2026-01-04 21:46:45 - DroneController - [INFO] - Setting mode to RTL (attempt 1)
2026-01-04 21:46:46 - DroneController - [INFO] - Mode changed to RTL
2026-01-04 21:46:46 - DroneController - [INFO] - RTL in progress
2026-01-04 21:46:46 - DroneController - [ERROR] - Geofence violation: Altitude too low: 0.00m < 0.5m
2026-01-04 21:46:46 - DroneController - [CRITICAL] - Emergency RTL triggered
2026-01-04 21:46:46 - DroneController - [INFO] - State transition: RETURNING_HOME -> RETURNING_HOME
2026-01-04 21:46:46 - DroneController - [INFO] - Setting mode to RTL (attempt 1)
2026-01-04 21:46:47 - DroneController - [INFO] - Mode changed to RTL
2026-01-04 21:46:47 - DroneController - [INFO] - RTL in progress
2026-01-04 21:46:47 - DroneController - [ERROR] - Geofence violation: Altitude too low: 0.00m < 0.5m
2026-01-04 21:46:47 - DroneController - [CRITICAL] - Emergency RTL triggered
2026-01-04 21:46:47 - DroneController - [INFO] - State transition: RETURNING_HOME -> RETURNING_HOME
2026-01-04 21:46:47 - DroneController - [INFO] - Setting mode to RTL (attempt 1)
2026-01-04 21:46:48 - DroneController - [INFO] - Mode changed to RTL
2026-01-04 21:46:48 - DroneController - [INFO] - RTL in progress
2026-01-04 21:46:48 - DroneController - [ERROR] - Geofence violation: Altitude too low: 0.00m < 0.5m
2026-01-04 21:46:48 - DroneController - [CRITICAL] - Emergency RTL triggered
2026-01-04 21:46:48 - DroneController - [INFO] - State transition: RETURNING_HOME -> RETURNING_HOME
2026-01-04 21:46:48 - DroneController - [INFO] - Setting mode to RTL (attempt 1)
2026-01-04 21:46:49 - DroneController - [INFO] - Mode changed to RTL
2026-01-04 21:46:49 - DroneController - [INFO] - RTL in progress
2026-01-04 21:46:49 - DroneController - [ERROR] - Geofence violation: Altitude too low: 0.00m < 0.5m
2026-01-04 21:46:49 - DroneController - [CRITICAL] - Emergency RTL triggered
2026-01-04 21:46:49 - DroneController - [INFO] - State transition: RETURNING_HOME -> RETURNING_HOME
2026-01-04 21:46:49 - DroneController - [INFO] - Setting mode to RTL (attempt 1)
2026-01-04 21:46:50 - DroneController - [INFO] - Mode changed to RTL
2026-01-04 21:46:50 - DroneController - [INFO] - RTL in progress
2026-01-04 21:46:50 - DroneController - [ERROR] - Geofence violation: Altitude too low: 0.00m < 0.5m
2026-01-04 21:46:50 - DroneController - [CRITICAL] - Emergency RTL triggered
2026-01-04 21:46:50 - DroneController - [INFO] - State transition: RETURNING_HOME -> RETURNING_HOME
2026-01-04 21:46:50 - DroneController - [INFO] - Setting mode to RTL (attempt 1)
2026-01-04 21:46:51 - DroneController - [INFO] - Mode changed to RTL
2026-01-04 21:46:51 - DroneController - [INFO] - RTL in progress
2026-01-04 21:46:51 - DroneController - [ERROR] - Geofence violation: Altitude too low: 0.00m < 0.5m
2026-01-04 21:46:51 - DroneController - [CRITICAL] - Emergency RTL triggered
2026-01-04 21:46:51 - DroneController - [INFO] - State transition: RETURNING_HOME -> RETURNING_HOME
2026-01-04 21:46:51 - DroneController - [INFO] - Setting mode to RTL (attempt 1)
2026-01-04 21:46:52 - DroneController - [INFO] - Telemetry: 9099 msgs | GPS: (22.498041, 88.372439, 0.00m) | Battery: 58% | Mode: RTL
2026-01-04 21:46:52 - DroneController - [INFO] - Mode changed to RTL
2026-01-04 21:46:52 - DroneController - [INFO] - RTL in progress
2026-01-04 21:46:52 - DroneController - [ERROR] - Geofence violation: Altitude too low: 0.00m < 0.5m
2026-01-04 21:46:52 - DroneController - [CRITICAL] - Emergency RTL triggered
2026-01-04 21:46:52 - DroneController - [INFO] - State transition: RETURNING_HOME -> RETURNING_HOME
2026-01-04 21:46:52 - DroneController - [INFO] - Setting mode to RTL (attempt 1)
2026-01-04 21:46:53 - DroneController - [INFO] - Mode changed to RTL
2026-01-04 21:46:53 - DroneController - [INFO] - RTL in progress
2026-01-04 21:46:53 - DroneController - [ERROR] - Geofence violation: Altitude too low: 0.00m < 0.5m
2026-01-04 21:46:53 - DroneController - [CRITICAL] - Emergency RTL triggered
2026-01-04 21:46:53 - DroneController - [INFO] - State transition: RETURNING_HOME -> RETURNING_HOME
2026-01-04 21:46:53 - DroneController - [INFO] - Setting mode to RTL (attempt 1)
2026-01-04 21:46:54 - DroneController - [INFO] - Mode changed to RTL
2026-01-04 21:46:54 - DroneController - [INFO] - RTL in progress
2026-01-04 21:46:54 - DroneController - [ERROR] - Geofence violation: Altitude too low: 0.00m < 0.5m
2026-01-04 21:46:54 - DroneController - [CRITICAL] - Emergency RTL triggered
2026-01-04 21:46:54 - DroneController - [INFO] - State transition: RETURNING_HOME -> RETURNING_HOME
2026-01-04 21:46:54 - DroneController - [INFO] - Setting mode to RTL (attempt 1)
2026-01-04 21:46:55 - DroneController - [INFO] - Mode changed to RTL
2026-01-04 21:46:55 - DroneController - [INFO] - RTL in progress
2026-01-04 21:46:55 - DroneController - [ERROR] - Geofence violation: Altitude too low: 0.00m < 0.5m
2026-01-04 21:46:55 - DroneController - [CRITICAL] - Emergency RTL triggered
2026-01-04 21:46:55 - DroneController - [INFO] - State transition: RETURNING_HOME -> RETURNING_HOME
2026-01-04 21:46:55 - DroneController - [INFO] - Setting mode to RTL (attempt 1)
2026-01-04 21:46:56 - DroneController - [INFO] - Mode changed to RTL
2026-01-04 21:46:56 - DroneController - [INFO] - RTL in progress
2026-01-04 21:46:56 - DroneController - [ERROR] - Geofence violation: Altitude too low: 0.00m < 0.5m
2026-01-04 21:46:56 - DroneController - [CRITICAL] - Emergency RTL triggered
2026-01-04 21:46:56 - DroneController - [INFO] - State transition: RETURNING_HOME -> RETURNING_HOME
2026-01-04 21:46:56 - DroneController - [INFO] - Setting mode to RTL (attempt 1)
2026-01-04 21:46:57 - DroneController - [INFO] - Mode changed to RTL
2026-01-04 21:46:57 - DroneController - [INFO] - RTL in progress
2026-01-04 21:46:57 - DroneController - [ERROR] - Geofence violation: Altitude too low: 0.00m < 0.5m
2026-01-04 21:46:57 - DroneController - [CRITICAL] - Emergency RTL triggered
2026-01-04 21:46:57 - DroneController - [INFO] - State transition: RETURNING_HOME -> RETURNING_HOME
2026-01-04 21:46:57 - DroneController - [INFO] - Setting mode to RTL (attempt 1)
2026-01-04 21:46:58 - DroneController - [INFO] - Mode changed to RTL
2026-01-04 21:46:58 - DroneController - [INFO] - RTL in progress
2026-01-04 21:46:58 - DroneController - [ERROR] - Geofence violation: Altitude too low: 0.00m < 0.5m
2026-01-04 21:46:58 - DroneController - [CRITICAL] - Emergency RTL triggered
2026-01-04 21:46:58 - DroneController - [INFO] - State transition: RETURNING_HOME -> RETURNING_HOME
2026-01-04 21:46:58 - DroneController - [INFO] - Setting mode to RTL (attempt 1)
2026-01-04 21:46:59 - DroneController - [INFO] - Mode changed to RTL
2026-01-04 21:46:59 - DroneController - [INFO] - RTL in progress
2026-01-04 21:46:59 - DroneController - [ERROR] - Geofence violation: Altitude too low: 0.00m < 0.5m
2026-01-04 21:46:59 - DroneController - [CRITICAL] - Emergency RTL triggered
2026-01-04 21:46:59 - DroneController - [INFO] - State transition: RETURNING_HOME -> RETURNING_HOME
2026-01-04 21:46:59 - DroneController - [INFO] - Setting mode to RTL (attempt 1)
2026-01-04 21:47:00 - DroneController - [INFO] - Mode changed to RTL
2026-01-04 21:47:00 - DroneController - [INFO] - RTL in progress
2026-01-04 21:47:00 - DroneController - [ERROR] - Geofence violation: Altitude too low: 0.00m < 0.5m
2026-01-04 21:47:00 - DroneController - [CRITICAL] - Emergency RTL triggered
2026-01-04 21:47:00 - DroneController - [INFO] - State transition: RETURNING_HOME -> RETURNING_HOME
2026-01-04 21:47:00 - DroneController - [INFO] - Setting mode to RTL (attempt 1)
2026-01-04 21:47:01 - DroneController - [INFO] - Mode changed to RTL
2026-01-04 21:47:01 - DroneController - [INFO] - RTL in progress
2026-01-04 21:47:01 - DroneController - [ERROR] - Geofence violation: Altitude too low: 0.00m < 0.5m
2026-01-04 21:47:01 - DroneController - [CRITICAL] - Emergency RTL triggered
2026-01-04 21:47:01 - DroneController - [INFO] - State transition: RETURNING_HOME -> RETURNING_HOME
2026-01-04 21:47:01 - DroneController - [INFO] - Setting mode to RTL (attempt 1)
2026-01-04 21:47:02 - DroneController - [INFO] - Telemetry: 10254 msgs | GPS: (22.498041, 88.372439, 0.00m) | Battery: 58% | Mode: RTL
2026-01-04 21:47:02 - DroneController - [INFO] - Mode changed to RTL
2026-01-04 21:47:02 - DroneController - [INFO] - RTL in progress
2026-01-04 21:47:02 - DroneController - [ERROR] - Geofence violation: Altitude too low: 0.00m < 0.5m
2026-01-04 21:47:02 - DroneController - [CRITICAL] - Emergency RTL triggered
2026-01-04 21:47:02 - DroneController - [INFO] - State transition: RETURNING_HOME -> RETURNING_HOME
2026-01-04 21:47:02 - DroneController - [INFO] - Setting mode to RTL (attempt 1)
2026-01-04 21:47:03 - DroneController - [INFO] - Mode changed to RTL
2026-01-04 21:47:03 - DroneController - [INFO] - RTL in progress
2026-01-04 21:47:03 - DroneController - [ERROR] - Geofence violation: Altitude too low: 0.00m < 0.5m
2026-01-04 21:47:03 - DroneController - [CRITICAL] - Emergency RTL triggered
2026-01-04 21:47:03 - DroneController - [INFO] - State transition: RETURNING_HOME -> RETURNING_HOME
2026-01-04 21:47:03 - DroneController - [INFO] - Setting mode to RTL (attempt 1)
2026-01-04 21:47:04 - DroneController - [INFO] - Mode changed to RTL
2026-01-04 21:47:04 - DroneController - [INFO] - RTL in progress
2026-01-04 21:47:04 - DroneController - [ERROR] - Geofence violation: Altitude too low: 0.00m < 0.5m
2026-01-04 21:47:04 - DroneController - [CRITICAL] - Emergency RTL triggered
2026-01-04 21:47:04 - DroneController - [INFO] - State transition: RETURNING_HOME -> RETURNING_HOME
2026-01-04 21:47:04 - DroneController - [INFO] - Setting mode to RTL (attempt 1)
2026-01-04 21:47:05 - DroneController - [INFO] - Mode changed to RTL
2026-01-04 21:47:05 - DroneController - [INFO] - RTL in progress
2026-01-04 21:47:05 - DroneController - [ERROR] - Geofence violation: Altitude too low: 0.00m < 0.5m
2026-01-04 21:47:05 - DroneController - [CRITICAL] - Emergency RTL triggered
2026-01-04 21:47:05 - DroneController - [INFO] - State transition: RETURNING_HOME -> RETURNING_HOME
2026-01-04 21:47:05 - DroneController - [INFO] - Setting mode to RTL (attempt 1)
2026-01-04 21:47:06 - DroneController - [INFO] - Mode changed to RTL
2026-01-04 21:47:06 - DroneController - [INFO] - RTL in progress
2026-01-04 21:47:06 - DroneController - [ERROR] - Geofence violation: Altitude too low: 0.00m < 0.5m
2026-01-04 21:47:06 - DroneController - [CRITICAL] - Emergency RTL triggered
2026-01-04 21:47:06 - DroneController - [INFO] - State transition: RETURNING_HOME -> RETURNING_HOME
2026-01-04 21:47:06 - DroneController - [INFO] - Setting mode to RTL (attempt 1)
2026-01-04 21:47:07 - DroneController - [INFO] - Mode changed to RTL
2026-01-04 21:47:07 - DroneController - [INFO] - RTL in progress
2026-01-04 21:47:07 - DroneController - [ERROR] - Geofence violation: Altitude too low: 0.00m < 0.5m
2026-01-04 21:47:07 - DroneController - [CRITICAL] - Emergency RTL triggered
2026-01-04 21:47:07 - DroneController - [INFO] - State transition: RETURNING_HOME -> RETURNING_HOME
2026-01-04 21:47:07 - DroneController - [INFO] - Setting mode to RTL (attempt 1)
2026-01-04 21:47:08 - DroneController - [INFO] - Mode changed to RTL
2026-01-04 21:47:08 - DroneController - [INFO] - RTL in progress
2026-01-04 21:47:08 - DroneController - [ERROR] - Geofence violation: Altitude too low: 0.00m < 0.5m
2026-01-04 21:47:08 - DroneController - [CRITICAL] - Emergency RTL triggered
2026-01-04 21:47:08 - DroneController - [INFO] - State transition: RETURNING_HOME -> RETURNING_HOME
2026-01-04 21:47:08 - DroneController - [INFO] - Setting mode to RTL (attempt 1)
2026-01-04 21:47:09 - DroneController - [INFO] - Mode changed to RTL
2026-01-04 21:47:09 - DroneController - [INFO] - RTL in progress
2026-01-04 21:47:09 - DroneController - [ERROR] - Geofence violation: Altitude too low: 0.00m < 0.5m
2026-01-04 21:47:09 - DroneController - [CRITICAL] - Emergency RTL triggered
2026-01-04 21:47:09 - DroneController - [INFO] - State transition: RETURNING_HOME -> RETURNING_HOME
2026-01-04 21:47:09 - DroneController - [INFO] - Setting mode to RTL (attempt 1)
2026-01-04 21:47:10 - DroneController - [INFO] - Mode changed to RTL
2026-01-04 21:47:10 - DroneController - [INFO] - RTL in progress
2026-01-04 21:47:10 - DroneController - [ERROR] - Geofence violation: Altitude too low: 0.00m < 0.5m
2026-01-04 21:47:10 - DroneController - [CRITICAL] - Emergency RTL triggered
2026-01-04 21:47:10 - DroneController - [INFO] - State transition: RETURNING_HOME -> RETURNING_HOME
2026-01-04 21:47:10 - DroneController - [INFO] - Setting mode to RTL (attempt 1)
2026-01-04 21:47:11 - DroneController - [INFO] - Mode changed to RTL
2026-01-04 21:47:11 - DroneController - [INFO] - RTL in progress
2026-01-04 21:47:11 - DroneController - [ERROR] - Geofence violation: Altitude too low: 0.00m < 0.5m
2026-01-04 21:47:11 - DroneController - [CRITICAL] - Emergency RTL triggered
2026-01-04 21:47:11 - DroneController - [INFO] - State transition: RETURNING_HOME -> RETURNING_HOME
2026-01-04 21:47:11 - DroneController - [INFO] - Setting mode to RTL (attempt 1)
2026-01-04 21:47:11 - DroneController - [CRITICAL] - EMERGENCY STOP
2026-01-04 21:47:12 - DroneController - [INFO] - Telemetry: 11408 msgs | GPS: (22.498041, 88.372439, 0.00m) | Battery: 58% | Mode: RTL
2026-01-04 21:47:12 - DroneController - [INFO] - Mode changed to RTL
2026-01-04 21:47:12 - DroneController - [INFO] - RTL in progress
2026-01-04 21:47:12 - DroneController - [CRITICAL] - Emergency land triggered
2026-01-04 21:47:12 - DroneController - [INFO] - State transition: RETURNING_HOME -> LANDING
2026-01-04 21:47:12 - DroneController - [INFO] - Setting mode to LAND (attempt 1)
2026-01-04 21:47:13 - DroneController - [INFO] - Mode changed to LAND
2026-01-04 21:47:13 - DroneController - [INFO] - Landing in progress
2026-01-04 21:47:13 - DroneController - [ERROR] - Geofence violation: Altitude too low: 0.00m < 0.5m
2026-01-04 21:47:13 - DroneController - [CRITICAL] - Emergency RTL triggered
2026-01-04 21:47:13 - DroneController - [INFO] - State transition: LANDING -> RETURNING_HOME
2026-01-04 21:47:13 - DroneController - [INFO] - Setting mode to RTL (attempt 1)
2026-01-04 21:47:14 - DroneController - [INFO] - Mode changed to RTL
2026-01-04 21:47:14 - DroneController - [INFO] - RTL in progress
2026-01-04 21:47:14 - DroneController - [ERROR] - Geofence violation: Altitude too low: 0.00m < 0.5m
2026-01-04 21:47:14 - DroneController - [CRITICAL] - Emergency RTL triggered
2026-01-04 21:47:14 - DroneController - [INFO] - State transition: RETURNING_HOME -> RETURNING_HOME
2026-01-04 21:47:14 - DroneController - [INFO] - Setting mode to RTL (attempt 1)
2026-01-04 21:47:15 - DroneController - [INFO] - Mode changed to RTL
2026-01-04 21:47:15 - DroneController - [INFO] - RTL in progress
2026-01-04 21:47:15 - DroneController - [ERROR] - Geofence violation: Altitude too low: 0.00m < 0.5m
2026-01-04 21:47:15 - DroneController - [CRITICAL] - Emergency RTL triggered
2026-01-04 21:47:15 - DroneController - [INFO] - State transition: RETURNING_HOME -> RETURNING_HOME
2026-01-04 21:47:15 - DroneController - [INFO] - Setting mode to RTL (attempt 1)
2026-01-04 21:47:16 - DroneController - [INFO] - Mode changed to RTL
2026-01-04 21:47:16 - DroneController - [INFO] - RTL in progress
2026-01-04 21:47:16 - DroneController - [ERROR] - Geofence violation: Altitude too low: 0.00m < 0.5m
2026-01-04 21:47:16 - DroneController - [CRITICAL] - Emergency RTL triggered
2026-01-04 21:47:16 - DroneController - [INFO] - State transition: RETURNING_HOME -> RETURNING_HOME
2026-01-04 21:47:16 - DroneController - [INFO] - Setting mode to RTL (attempt 1)
2026-01-04 21:47:16 - DroneController - [INFO] - Stopping controller...
2026-01-04 21:47:16 - DroneController - [INFO] - Telemetry loop stopped. Total messages: 11941
2026-01-04 21:47:16 - DroneController - [INFO] - Message type distribution: {'AHRS': 417, 'AHRS2': 416, 'ATTITUDE': 416, 'BATTERY_STATUS': 416, 'COMMAND_ACK': 2, 'EKF_STATUS_REPORT': 416, 'ESC_TELEMETRY_1_TO_4': 416, 'ESC_TELEMETRY_5_TO_8': 416, 'EXTENDED_SYS_STATE': 68, 'GLOBAL_POSITION_INT': 416, 'GPS_GLOBAL_ORIGIN': 1, 'GPS_RAW_INT': 416, 'HEARTBEAT': 71, 'HOME_POSITION': 69, 'LOCAL_POSITION_NED': 416, 'MEMINFO': 416, 'MISSION_CURRENT': 416, 'NAV_CONTROLLER_OUTPUT': 416, 'PARAM_VALUE': 6, 'POSITION_TARGET_GLOBAL_INT': 49, 'POWER_STATUS': 416, 'RAW_IMU': 416, 'RC_CHANNELS': 416, 'SCALED_IMU2': 416, 'SCALED_IMU3': 416, 'SCALED_PRESSURE': 416, 'SCALED_PRESSURE2': 416, 'SERVO_OUTPUT_RAW': 416, 'SIMSTATE': 416, 'STATUSTEXT': 5, 'SYSTEM_TIME': 416, 'SYS_STATUS': 416, 'TERRAIN_REPORT': 416, 'TIMESYNC': 7, 'UNKNOWN_437': 14, 'VFR_HUD': 416, 'VIBRATION': 416, 'WIND': 416}
2026-01-04 21:47:17 - DroneController - [INFO] - Command processor stopped
2026-01-04 21:47:17 - DroneController - [INFO] - Heartbeat monitor stopped
2026-01-04 21:47:17 - DroneController - [INFO] - Mode changed to RTL
2026-01-04 21:47:17 - DroneController - [INFO] - RTL in progress
2026-01-04 21:47:17 - DroneController - [INFO] - Mission controller stopped
2026-01-04 21:47:17 - DroneController - [INFO] - Controller stopped
2026-01-04 21:54:16 - DroneController - [INFO] - Mission planner initialized with KML: /Users/trishit_debsharma/Documents/Code/NIDAR/NIDAR/spray_drone/data/JU.kml
2026-01-04 21:54:16 - DroneController - [INFO] - DroneController initialized
2026-01-04 21:54:16 - DroneController - [INFO] - Geofence mode: polygon
2026-01-04 21:54:16 - DroneController - [INFO] - Connecting to 127.0.0.1:14551
2026-01-04 21:54:16 - DroneController - [INFO] - Connection attempt 1/3...
2026-01-04 21:54:16 - DroneController - [INFO] - Waiting for heartbeat...
2026-01-04 21:54:17 - DroneController - [INFO] - Heartbeat from system 1, component 0
2026-01-04 21:54:17 - DroneController - [INFO] - Requesting data streams...
2026-01-04 21:54:17 - DroneController - [INFO] - Verifying data stream...
2026-01-04 21:54:17 - DroneController - [INFO] - Verifying data stream reception...
2026-01-04 21:54:18 - DroneController - [INFO] - ✓ All critical data streams verified
2026-01-04 21:54:18 - DroneController - [INFO] - Waiting for data streams to initialize...
2026-01-04 21:54:21 - DroneController - [INFO] - State transition: DISCONNECTED -> CONNECTED
2026-01-04 21:54:21 - DroneController - [INFO] - Telemetry log initialized: telemetry/telemetry_20260104_215421.csv
2026-01-04 21:54:21 - DroneController - [INFO] - ✓ Connection established and verified
2026-01-04 21:54:21 - DroneController - [INFO] - Telemetry loop started
2026-01-04 21:54:21 - DroneController - [INFO] - Heartbeat monitor started
2026-01-04 21:54:21 - DroneController - [INFO] - Command processor started
2026-01-04 21:54:21 - DroneController - [INFO] - ✓ First telemetry message received
2026-01-04 21:54:21 - DroneController - [INFO] - Mission controller started
2026-01-04 21:54:21 - DroneController - [INFO] - All threads started
2026-01-04 21:54:21 - DroneController - [INFO] - State transition: CONNECTED -> IDLE
2026-01-04 21:54:23 - DroneController - [INFO] - Loading mission with 5 points
2026-01-04 21:54:23 - DroneController - [INFO] - Starting position: lat=22.498041, lon=88.372439
2026-01-04 21:54:23 - DroneController - [INFO] - Mission validated: 5 waypoints
2026-01-04 21:54:23 - DroneController - [INFO] - Return home waypoint added: (22.498022, 88.372386)
2026-01-04 21:54:23 - DroneController - [INFO] - Starting arm and takeoff to 3.0m
2026-01-04 21:54:23 - DroneController - [INFO] - Using polygon geofence from KML
2026-01-04 21:54:23 - DroneController - [INFO] - Setting mode to GUIDED (attempt 1)
2026-01-04 21:54:24 - DroneController - [INFO] - Mode changed to GUIDED
2026-01-04 21:54:24 - DroneController - [INFO] - State transition: IDLE -> ARMING
2026-01-04 21:54:24 - DroneController - [INFO] - Waiting for drone to become armable...
2026-01-04 21:54:24 - DroneController - [INFO] - ✓ Drone is armable
2026-01-04 21:54:24 - DroneController - [INFO] - Arming attempt 1/3
2026-01-04 21:54:24 - DroneController - [INFO] - Armed successfully
2026-01-04 21:54:24 - DroneController - [INFO] - State transition: ARMING -> ARMED
2026-01-04 21:54:24 - DroneController - [INFO] - State transition: ARMED -> TAKING_OFF
2026-01-04 21:54:24 - DroneController - [INFO] - Takeoff attempt 1/3
2026-01-04 21:54:24 - DroneController - [INFO] - Takeoff command accepted
2026-01-04 21:54:29 - DroneController - [INFO] - Target altitude reached: 2.09m
2026-01-04 21:54:29 - DroneController - [INFO] - Arm and takeoff complete
2026-01-04 21:54:29 - DroneController - [INFO] - State transition: TAKING_OFF -> ARMED
2026-01-04 21:54:29 - DroneController - [INFO] - Starting mission with 6 waypoints
2026-01-04 21:54:29 - DroneController - [INFO] - State transition: ARMED -> MISSION_ACTIVE
2026-01-04 21:54:29 - DroneController - [INFO] - Sending waypoint: (22.498022, 88.372386, 3.00)
2026-01-04 21:54:29 - DroneController - [ERROR] - Geofence violation: Outside polygon boundary: (22.498041, 88.372440)
2026-01-04 21:54:29 - DroneController - [CRITICAL] - Emergency RTL triggered
2026-01-04 21:54:29 - DroneController - [INFO] - State transition: MISSION_ACTIVE -> RETURNING_HOME
2026-01-04 21:54:29 - DroneController - [INFO] - Setting mode to RTL (attempt 1)
2026-01-04 21:54:30 - DroneController - [INFO] - Mode changed to RTL
2026-01-04 21:54:30 - DroneController - [INFO] - RTL in progress
2026-01-04 21:54:31 - DroneController - [INFO] - Telemetry: 6440 msgs | GPS: (22.498041, 88.372439, 2.90m) | Battery: 99% | Mode: RTL
2026-01-04 21:54:41 - DroneController - [INFO] - Telemetry: 7627 msgs | GPS: (22.498041, 88.372440, 1.95m) | Battery: 96% | Mode: RTL
2026-01-04 21:54:41 - DroneController - [INFO] - Stopping controller...
2026-01-04 21:54:41 - DroneController - [INFO] - Mission controller stopped
2026-01-04 21:54:41 - DroneController - [INFO] - Command processor stopped
2026-01-04 21:54:42 - DroneController - [INFO] - Telemetry loop stopped. Total messages: 7713
2026-01-04 21:54:42 - DroneController - [INFO] - Message type distribution: {'AHRS': 272, 'AHRS2': 271, 'ATTITUDE': 271, 'BATTERY_STATUS': 271, 'COMMAND_ACK': 2, 'EKF_STATUS_REPORT': 271, 'ESC_TELEMETRY_1_TO_4': 271, 'ESC_TELEMETRY_5_TO_8': 271, 'EXTENDED_SYS_STATE': 24, 'GLOBAL_POSITION_INT': 271, 'GPS_GLOBAL_ORIGIN': 1, 'GPS_RAW_INT': 271, 'HEARTBEAT': 25, 'HOME_POSITION': 25, 'LOCAL_POSITION_NED': 271, 'MEMINFO': 271, 'MISSION_CURRENT': 271, 'NAV_CONTROLLER_OUTPUT': 271, 'PARAM_VALUE': 1, 'POSITION_TARGET_GLOBAL_INT': 41, 'POWER_STATUS': 271, 'RAW_IMU': 271, 'RC_CHANNELS': 271, 'SCALED_IMU2': 271, 'SCALED_IMU3': 271, 'SCALED_PRESSURE': 271, 'SCALED_PRESSURE2': 271, 'SERVO_OUTPUT_RAW': 271, 'SIMSTATE': 271, 'STATUSTEXT': 3, 'SYSTEM_TIME': 271, 'SYS_STATUS': 271, 'TERRAIN_REPORT': 271, 'TIMESYNC': 2, 'VFR_HUD': 271, 'VIBRATION': 271, 'WIND': 271}
2026-01-04 21:54:42 - DroneController - [INFO] - Heartbeat monitor stopped
2026-01-04 21:54:42 - DroneController - [INFO] - Controller stopped
2026-01-04 22:13:00 - DroneController - [INFO] - Mission planner initialized with KML: /Users/trishit_debsharma/Documents/Code/NIDAR/NIDAR/spray_drone/data/JU.kml
2026-01-04 22:13:00 - DroneController - [INFO] - DroneController initialized
2026-01-04 22:13:00 - DroneController - [INFO] - Geofence mode: polygon
2026-01-04 22:13:00 - DroneController - [INFO] - Connecting to 127.0.0.1:14551
2026-01-04 22:13:00 - DroneController - [INFO] - Connection attempt 1/3...
2026-01-04 22:13:00 - DroneController - [INFO] - Waiting for heartbeat...
2026-01-04 22:13:01 - DroneController - [INFO] - Heartbeat from system 1, component 0
2026-01-04 22:13:01 - DroneController - [INFO] - Requesting data streams...
2026-01-04 22:13:01 - DroneController - [INFO] - Verifying data stream...
2026-01-04 22:13:01 - DroneController - [INFO] - Verifying data stream reception...
2026-01-04 22:13:02 - DroneController - [INFO] - ✓ All critical data streams verified
2026-01-04 22:13:02 - DroneController - [INFO] - Waiting for data streams to initialize...
2026-01-04 22:13:05 - DroneController - [INFO] - State transition: DISCONNECTED -> CONNECTED
2026-01-04 22:13:05 - DroneController - [INFO] - Telemetry log initialized: telemetry/telemetry_20260104_221305.csv
2026-01-04 22:13:05 - DroneController - [INFO] - ✓ Connection established and verified
2026-01-04 22:13:05 - DroneController - [INFO] - Telemetry loop started
2026-01-04 22:13:05 - DroneController - [INFO] - Heartbeat monitor started
2026-01-04 22:13:05 - DroneController - [INFO] - Command processor started
2026-01-04 22:13:05 - DroneController - [INFO] - Mission controller started
2026-01-04 22:13:05 - DroneController - [INFO] - ✓ First telemetry message received
2026-01-04 22:13:05 - DroneController - [INFO] - All threads started
2026-01-04 22:13:05 - DroneController - [INFO] - State transition: CONNECTED -> IDLE
2026-01-04 22:13:07 - DroneController - [INFO] - Loading mission with 5 points
2026-01-04 22:13:07 - DroneController - [INFO] - Starting position: lat=22.498022, lon=88.372386
2026-01-04 22:13:07 - DroneController - [INFO] - Mission validated: 5 waypoints
2026-01-04 22:13:07 - DroneController - [INFO] - Return home waypoint added: (22.498022, 88.372386)
2026-01-04 22:13:07 - DroneController - [INFO] - Starting arm and takeoff to 3.0m
2026-01-04 22:13:07 - DroneController - [INFO] - Using polygon geofence from KML
2026-01-04 22:13:07 - DroneController - [INFO] - Setting mode to GUIDED (attempt 1)
2026-01-04 22:13:08 - DroneController - [INFO] - Mode changed to GUIDED
2026-01-04 22:13:08 - DroneController - [INFO] - State transition: IDLE -> ARMING
2026-01-04 22:13:08 - DroneController - [INFO] - Waiting for drone to become armable...
2026-01-04 22:13:08 - DroneController - [INFO] - ✓ Drone is armable
2026-01-04 22:13:08 - DroneController - [INFO] - Arming attempt 1/3
2026-01-04 22:13:08 - DroneController - [WARNING] - Arm rejected: 4
2026-01-04 22:13:09 - DroneController - [INFO] - Arming attempt 2/3
2026-01-04 22:13:09 - DroneController - [WARNING] - Arm rejected: 4
2026-01-04 22:13:10 - DroneController - [INFO] - Arming attempt 3/3
2026-01-04 22:13:10 - DroneController - [WARNING] - Arm rejected: 4
2026-01-04 22:13:11 - DroneController - [ERROR] - Failed to arm after retries
2026-01-04 22:13:11 - DroneController - [INFO] - State transition: ARMING -> ERROR
2026-01-04 22:13:11 - DroneController - [INFO] - Stopping controller...
2026-01-04 22:13:11 - DroneController - [INFO] - Telemetry loop stopped. Total messages: 1222
2026-01-04 22:13:11 - DroneController - [INFO] - Message type distribution: {'AHRS': 27, 'AHRS2': 111, 'ATTITUDE': 110, 'BATTERY_STATUS': 27, 'COMMAND_ACK': 5, 'EKF_STATUS_REPORT': 27, 'ESC_TELEMETRY_1_TO_4': 110, 'ESC_TELEMETRY_5_TO_8': 110, 'EXTENDED_SYS_STATE': 9, 'GLOBAL_POSITION_INT': 53, 'GPS_RAW_INT': 27, 'HEARTBEAT': 10, 'HOME_POSITION': 9, 'MEMINFO': 27, 'MISSION_CURRENT': 27, 'NAV_CONTROLLER_OUTPUT': 27, 'POWER_STATUS': 27, 'RAW_IMU': 18, 'RC_CHANNELS': 36, 'SCALED_IMU2': 18, 'SCALED_IMU3': 18, 'SCALED_PRESSURE': 18, 'SCALED_PRESSURE2': 18, 'SERVO_OUTPUT_RAW': 36, 'SIMSTATE': 110, 'STATUSTEXT': 4, 'SYSTEM_TIME': 27, 'SYS_STATUS': 27, 'TERRAIN_REPORT': 27, 'TERRAIN_REQUEST': 4, 'TIMESYNC': 1, 'VFR_HUD': 90, 'VIBRATION': 27}
2026-01-04 22:13:11 - DroneController - [INFO] - Mission controller stopped
2026-01-04 22:13:11 - DroneController - [INFO] - Command processor stopped
2026-01-04 22:13:12 - DroneController - [INFO] - Heartbeat monitor stopped
2026-01-04 22:13:12 - DroneController - [INFO] - Controller stopped
2026-01-04 22:14:14 - DroneController - [INFO] - Mission planner initialized with KML: /Users/trishit_debsharma/Documents/Code/NIDAR/NIDAR/spray_drone/data/JU.kml
2026-01-04 22:14:14 - DroneController - [INFO] - DroneController initialized
2026-01-04 22:14:14 - DroneController - [INFO] - Geofence mode: polygon
2026-01-04 22:14:14 - DroneController - [INFO] - Connecting to 127.0.0.1:14551
2026-01-04 22:14:14 - DroneController - [INFO] - Connection attempt 1/3...
2026-01-04 22:14:14 - DroneController - [INFO] - Waiting for heartbeat...
2026-01-04 22:14:14 - DroneController - [INFO] - Heartbeat from system 1, component 0
2026-01-04 22:14:14 - DroneController - [INFO] - Requesting data streams...
2026-01-04 22:14:14 - DroneController - [INFO] - Verifying data stream...
2026-01-04 22:14:14 - DroneController - [INFO] - Verifying data stream reception...
2026-01-04 22:14:15 - DroneController - [INFO] - ✓ All critical data streams verified
2026-01-04 22:14:15 - DroneController - [INFO] - Waiting for data streams to initialize...
2026-01-04 22:14:18 - DroneController - [INFO] - State transition: DISCONNECTED -> CONNECTED
2026-01-04 22:14:18 - DroneController - [INFO] - Telemetry log initialized: telemetry/telemetry_20260104_221418.csv
2026-01-04 22:14:18 - DroneController - [INFO] - ✓ Connection established and verified
2026-01-04 22:14:18 - DroneController - [INFO] - Telemetry loop started
2026-01-04 22:14:18 - DroneController - [INFO] - Heartbeat monitor started
2026-01-04 22:14:18 - DroneController - [INFO] - Command processor started
2026-01-04 22:14:18 - DroneController - [INFO] - ✓ First telemetry message received
2026-01-04 22:14:18 - DroneController - [INFO] - Mission controller started
2026-01-04 22:14:18 - DroneController - [INFO] - All threads started
2026-01-04 22:14:18 - DroneController - [INFO] - State transition: CONNECTED -> IDLE
2026-01-04 22:14:20 - DroneController - [INFO] - Loading mission with 5 points
2026-01-04 22:14:20 - DroneController - [INFO] - Starting position: lat=22.498022, lon=88.372386
2026-01-04 22:14:20 - DroneController - [INFO] - Mission validated: 5 waypoints
2026-01-04 22:14:20 - DroneController - [INFO] - Return home waypoint added: (22.498022, 88.372386)
2026-01-04 22:14:20 - DroneController - [INFO] - Starting arm and takeoff to 3.0m
2026-01-04 22:14:20 - DroneController - [INFO] - Using polygon geofence from KML
2026-01-04 22:14:20 - DroneController - [INFO] - Setting mode to GUIDED (attempt 1)
2026-01-04 22:14:21 - DroneController - [INFO] - Mode changed to GUIDED
2026-01-04 22:14:21 - DroneController - [INFO] - State transition: IDLE -> ARMING
2026-01-04 22:14:21 - DroneController - [INFO] - Waiting for drone to become armable...
2026-01-04 22:14:21 - DroneController - [INFO] - ✓ Drone is armable
2026-01-04 22:14:21 - DroneController - [INFO] - Arming attempt 1/3
2026-01-04 22:14:21 - DroneController - [INFO] - Armed successfully
2026-01-04 22:14:21 - DroneController - [INFO] - State transition: ARMING -> ARMED
2026-01-04 22:14:21 - DroneController - [INFO] - State transition: ARMED -> TAKING_OFF
2026-01-04 22:14:21 - DroneController - [INFO] - Takeoff attempt 1/3
2026-01-04 22:14:21 - DroneController - [INFO] - Takeoff command accepted
2026-01-04 22:14:26 - DroneController - [INFO] - Target altitude reached: 2.11m
2026-01-04 22:14:26 - DroneController - [INFO] - Arm and takeoff complete
2026-01-04 22:14:26 - DroneController - [INFO] - State transition: TAKING_OFF -> ARMED
2026-01-04 22:14:26 - DroneController - [INFO] - Starting mission with 6 waypoints
2026-01-04 22:14:26 - DroneController - [INFO] - State transition: ARMED -> MISSION_ACTIVE
2026-01-04 22:14:26 - DroneController - [INFO] - Sending waypoint: (22.498022, 88.372386, 3.00)
2026-01-04 22:14:27 - DroneController - [INFO] - Waypoint 1/6 reached
2026-01-04 22:14:27 - DroneController - [INFO] - Sending waypoint: (22.497943, 88.372148, 3.00)
2026-01-04 22:14:28 - DroneController - [INFO] - Telemetry: 1936 msgs | GPS: (22.498019, 88.372378, 2.78m) | Battery: 99% | Mode: GUIDED
2026-01-04 22:14:33 - DroneController - [INFO] - Waypoint 2/6 reached
2026-01-04 22:14:33 - DroneController - [INFO] - Sending waypoint: (22.497764, 88.372255, 3.00)
2026-01-04 22:14:38 - DroneController - [INFO] - Telemetry: 3134 msgs | GPS: (22.497797, 88.372232, 3.00m) | Battery: 96% | Mode: GUIDED
2026-01-04 22:14:38 - DroneController - [INFO] - Waypoint 3/6 reached
2026-01-04 22:14:38 - DroneController - [INFO] - Sending waypoint: (22.497701, 88.372401, 3.00)
2026-01-04 22:14:43 - DroneController - [INFO] - Waypoint 4/6 reached
2026-01-04 22:14:43 - DroneController - [INFO] - Sending waypoint: (22.497600, 88.372300, 3.00)
2026-01-04 22:14:47 - DroneController - [INFO] - Waypoint 5/6 reached
2026-01-04 22:14:47 - DroneController - [INFO] - Sending waypoint: (22.498022, 88.372386, 3.00)
2026-01-04 22:14:48 - DroneController - [INFO] - Telemetry: 4336 msgs | GPS: (22.497606, 88.372309, 3.00m) | Battery: 94% | Mode: GUIDED
2026-01-04 22:14:57 - DroneController - [INFO] - Waypoint 6/6 reached
2026-01-04 22:14:57 - DroneController - [INFO] - All waypoints reached
2026-01-04 22:14:57 - DroneController - [INFO] - State transition: MISSION_ACTIVE -> LANDING
2026-01-04 22:14:57 - DroneController - [INFO] - Setting mode to LAND (attempt 1)
2026-01-04 22:14:58 - DroneController - [INFO] - Mode changed to LAND
2026-01-04 22:14:58 - DroneController - [INFO] - Landing in progress
2026-01-04 22:14:58 - DroneController - [INFO] - Telemetry: 5525 msgs | GPS: (22.498023, 88.372387, 2.65m) | Battery: 91% | Mode: LAND
2026-01-04 22:15:08 - DroneController - [INFO] - Telemetry: 6684 msgs | GPS: (22.498020, 88.372385, 0.01m) | Battery: 90% | Mode: LAND
2026-01-04 22:15:09 - DroneController - [INFO] - Stopping controller...
2026-01-04 22:15:09 - DroneController - [INFO] - Mission controller stopped
2026-01-04 22:15:09 - DroneController - [INFO] - Command processor stopped
2026-01-04 22:15:09 - DroneController - [INFO] - Telemetry loop stopped. Total messages: 6770
2026-01-04 22:15:09 - DroneController - [INFO] - Message type distribution: {'AHRS': 219, 'AHRS2': 269, 'ATTITUDE': 269, 'BATTERY_STATUS': 218, 'COMMAND_ACK': 6, 'EKF_STATUS_REPORT': 218, 'ESC_TELEMETRY_1_TO_4': 269, 'ESC_TELEMETRY_5_TO_8': 269, 'EXTENDED_SYS_STATE': 54, 'GLOBAL_POSITION_INT': 205, 'GPS_GLOBAL_ORIGIN': 1, 'GPS_RAW_INT': 227, 'HEARTBEAT': 55, 'HOME_POSITION': 55, 'LOCAL_POSITION_NED': 189, 'MEMINFO': 227, 'MISSION_CURRENT': 227, 'NAV_CONTROLLER_OUTPUT': 227, 'PARAM_VALUE': 8, 'POSITION_TARGET_GLOBAL_INT': 120, 'POWER_STATUS': 227, 'RAW_IMU': 218, 'RC_CHANNELS': 237, 'SCALED_IMU2': 218, 'SCALED_IMU3': 218, 'SCALED_PRESSURE': 218, 'SCALED_PRESSURE2': 218, 'SERVO_OUTPUT_RAW': 237, 'SIMSTATE': 269, 'STATUSTEXT': 7, 'SYSTEM_TIME': 218, 'SYS_STATUS': 227, 'TERRAIN_REPORT': 218, 'TERRAIN_REQUEST': 13, 'TIMESYNC': 5, 'UNKNOWN_437': 11, 'VFR_HUD': 272, 'VIBRATION': 218, 'WIND': 189}
2026-01-04 22:15:09 - DroneController - [INFO] - Heartbeat monitor stopped
2026-01-04 22:15:09 - DroneController - [INFO] - Controller stopped
2026-01-04 22:34:17 - DroneController - [INFO] - Mission planner initialized with KML: /Users/trishit_debsharma/Documents/Code/NIDAR/NIDAR/spray_drone/data/JU.kml
2026-01-04 22:34:17 - DroneController - [INFO] - DroneController initialized
2026-01-04 22:34:17 - DroneController - [INFO] - Geofence mode: polygon
2026-01-04 22:34:17 - DroneController - [INFO] - Connecting to 127.0.0.1:14551
2026-01-04 22:34:17 - DroneController - [INFO] - Connection attempt 1/3...
2026-01-04 22:34:17 - DroneController - [INFO] - Waiting for heartbeat...
2026-01-04 22:34:17 - DroneController - [INFO] - Heartbeat from system 1, component 0
2026-01-04 22:34:17 - DroneController - [INFO] - Requesting data streams...
2026-01-04 22:34:17 - DroneController - [INFO] - Verifying data stream...
2026-01-04 22:34:17 - DroneController - [INFO] - Verifying data stream reception...
2026-01-04 22:34:18 - DroneController - [INFO] - ✓ All critical data streams verified
2026-01-04 22:34:18 - DroneController - [INFO] - Waiting for data streams to initialize...
2026-01-04 22:34:21 - DroneController - [INFO] - State transition: DISCONNECTED -> CONNECTED
2026-01-04 22:34:21 - DroneController - [INFO] - Telemetry log initialized: telemetry/telemetry_20260104_223421.csv
2026-01-04 22:34:21 - DroneController - [INFO] - ✓ Connection established and verified
2026-01-04 22:34:21 - DroneController - [INFO] - Telemetry loop started
2026-01-04 22:34:21 - DroneController - [INFO] - ✓ First telemetry message received
2026-01-04 22:34:21 - DroneController - [INFO] - Heartbeat monitor started
2026-01-04 22:34:21 - DroneController - [INFO] - Command processor started
2026-01-04 22:34:21 - DroneController - [INFO] - Mission controller started
2026-01-04 22:34:21 - DroneController - [INFO] - All threads started
2026-01-04 22:34:21 - DroneController - [INFO] - State transition: CONNECTED -> IDLE
2026-01-04 22:34:21 - DroneController - [INFO] - Home position updated: (22.498022, 88.3723859)
2026-01-04 22:34:21 - DroneController - [INFO] - Home position updated: (22.498022, 88.3723859)
2026-01-04 22:34:21 - DroneController - [INFO] - Home position updated: (22.498022, 88.3723859)
2026-01-04 22:34:21 - DroneController - [INFO] - Home position updated: (22.498022, 88.3723859)
2026-01-04 22:34:22 - DroneController - [INFO] - Home position updated: (22.498022, 88.3723859)
2026-01-04 22:34:23 - DroneController - [INFO] - Requesting home position...
2026-01-04 22:34:23 - DroneController - [INFO] - Home position received: (22.498022, 88.372386)
2026-01-04 22:34:23 - DroneController - [INFO] - Loading mission with 5 points
2026-01-04 22:34:23 - DroneController - [INFO] - Starting position: lat=22.498020, lon=88.372385
2026-01-04 22:34:23 - DroneController - [INFO] - Mission validated: 5 waypoints
2026-01-04 22:34:23 - DroneController - [INFO] - Return home waypoint added: (22.498022, 88.372386)
2026-01-04 22:34:23 - DroneController - [INFO] - Starting arm and takeoff to 3.0m
2026-01-04 22:34:23 - DroneController - [INFO] - Using polygon geofence from KML
2026-01-04 22:34:23 - DroneController - [INFO] - Setting mode to GUIDED (attempt 1)
2026-01-04 22:34:23 - DroneController - [INFO] - Home position updated: (22.498022, 88.3723859)
2026-01-04 22:34:23 - DroneController - [INFO] - Home position updated: (22.498022, 88.3723859)
2026-01-04 22:34:24 - DroneController - [INFO] - Mode changed to GUIDED
2026-01-04 22:34:24 - DroneController - [INFO] - State transition: IDLE -> ARMING
2026-01-04 22:34:24 - DroneController - [INFO] - Waiting for drone to become armable...
2026-01-04 22:34:24 - DroneController - [INFO] - ✓ Drone is armable
2026-01-04 22:34:24 - DroneController - [INFO] - Arming attempt 1/3
2026-01-04 22:34:24 - DroneController - [INFO] - Home position updated: (22.498022, 88.3723859)
2026-01-04 22:34:24 - DroneController - [INFO] - Armed successfully
2026-01-04 22:34:24 - DroneController - [INFO] - State transition: ARMING -> ARMED
2026-01-04 22:34:24 - DroneController - [INFO] - State transition: ARMED -> TAKING_OFF
2026-01-04 22:34:24 - DroneController - [INFO] - Takeoff attempt 1/3
2026-01-04 22:34:24 - DroneController - [INFO] - Home position updated: (22.4980202, 88.3723849)
2026-01-04 22:34:24 - DroneController - [INFO] - Takeoff command accepted
2026-01-04 22:34:25 - DroneController - [INFO] - Home position updated: (22.4980202, 88.3723849)
2026-01-04 22:34:26 - DroneController - [INFO] - Home position updated: (22.4980202, 88.3723849)
2026-01-04 22:34:27 - DroneController - [INFO] - Home position updated: (22.4980202, 88.3723849)
2026-01-04 22:34:28 - DroneController - [INFO] - Home position updated: (22.4980202, 88.3723849)
2026-01-04 22:34:29 - DroneController - [INFO] - Home position updated: (22.4980202, 88.3723849)
2026-01-04 22:34:30 - DroneController - [CRITICAL] - EMERGENCY STOP
2026-01-04 22:34:30 - DroneController - [INFO] - Home position updated: (22.4980202, 88.3723849)
2026-01-04 22:34:31 - DroneController - [INFO] - Telemetry: 4254 msgs | GPS: (22.498020, 88.372385, 3.00m) | Battery: 89% | Mode: GUIDED
2026-01-04 22:34:31 - DroneController - [INFO] - Home position updated: (22.4980202, 88.3723849)
2026-01-04 22:34:32 - DroneController - [INFO] - Home position updated: (22.4980202, 88.3723849)
2026-01-04 22:34:33 - DroneController - [INFO] - Home position updated: (22.4980202, 88.3723849)
2026-01-04 22:34:34 - DroneController - [INFO] - Home position updated: (22.4980202, 88.3723849)
2026-01-04 22:34:35 - DroneController - [INFO] - Home position updated: (22.4980202, 88.3723849)
2026-01-04 22:34:36 - DroneController - [INFO] - Home position updated: (22.4980202, 88.3723849)
2026-01-04 22:34:37 - DroneController - [INFO] - Home position updated: (22.4980202, 88.3723849)
2026-01-04 22:34:38 - DroneController - [INFO] - Home position updated: (22.4980202, 88.3723849)
2026-01-04 22:34:39 - DroneController - [INFO] - Home position updated: (22.4980202, 88.3723849)
2026-01-04 22:34:40 - DroneController - [INFO] - Stopping controller...
2026-01-04 22:34:40 - DroneController - [INFO] - Mission controller stopped
2026-01-04 22:34:40 - DroneController - [INFO] - Telemetry loop stopped. Total messages: 5267
2026-01-04 22:34:40 - DroneController - [INFO] - Message type distribution: {'AHRS': 186, 'AHRS2': 185, 'ATTITUDE': 185, 'BATTERY_STATUS': 185, 'COMMAND_ACK': 3, 'EKF_STATUS_REPORT': 185, 'ESC_TELEMETRY_1_TO_4': 185, 'ESC_TELEMETRY_5_TO_8': 185, 'EXTENDED_SYS_STATE': 22, 'GLOBAL_POSITION_INT': 185, 'GPS_GLOBAL_ORIGIN': 1, 'GPS_RAW_INT': 185, 'HEARTBEAT': 22, 'HOME_POSITION': 24, 'LOCAL_POSITION_NED': 185, 'MEMINFO': 185, 'MISSION_CURRENT': 185, 'NAV_CONTROLLER_OUTPUT': 185, 'PARAM_VALUE': 4, 'POWER_STATUS': 185, 'RAW_IMU': 185, 'RC_CHANNELS': 185, 'SCALED_IMU2': 185, 'SCALED_IMU3': 185, 'SCALED_PRESSURE': 185, 'SCALED_PRESSURE2': 185, 'SERVO_OUTPUT_RAW': 185, 'SIMSTATE': 185, 'STATUSTEXT': 3, 'SYSTEM_TIME': 185, 'SYS_STATUS': 185, 'TERRAIN_REPORT': 185, 'TIMESYNC': 3, 'UNKNOWN_437': 4, 'VFR_HUD': 185, 'VIBRATION': 185, 'WIND': 185}
2026-01-04 22:34:40 - DroneController - [INFO] - Heartbeat monitor stopped
2026-01-04 22:34:40 - DroneController - [INFO] - Command processor stopped
2026-01-04 22:34:40 - DroneController - [INFO] - Controller stopped
2026-01-04 22:39:18 - DroneController - [INFO] - Mission planner initialized with KML: /Users/trishit_debsharma/Documents/Code/NIDAR/NIDAR/spray_drone/data/JU.kml
2026-01-04 22:39:18 - DroneController - [INFO] - DroneController initialized
2026-01-04 22:39:18 - DroneController - [INFO] - Geofence mode: polygon
2026-01-04 22:39:18 - DroneController - [INFO] - Connecting to 127.0.0.1:14551
2026-01-04 22:39:18 - DroneController - [INFO] - Connection attempt 1/3...
2026-01-04 22:39:18 - DroneController - [INFO] - Waiting for heartbeat...
2026-01-04 22:39:18 - DroneController - [INFO] - Heartbeat from system 1, component 0
2026-01-04 22:39:18 - DroneController - [INFO] - Requesting data streams...
2026-01-04 22:39:18 - DroneController - [INFO] - Verifying data stream...
2026-01-04 22:39:18 - DroneController - [INFO] - Verifying data stream reception...
2026-01-04 22:39:19 - DroneController - [INFO] - ✓ All critical data streams verified
2026-01-04 22:39:19 - DroneController - [INFO] - Waiting for data streams to initialize...
2026-01-04 22:39:22 - DroneController - [INFO] - State transition: DISCONNECTED -> CONNECTED
2026-01-04 22:39:22 - DroneController - [INFO] - Telemetry log initialized: telemetry/telemetry_20260104_223922.csv
2026-01-04 22:39:22 - DroneController - [INFO] - ✓ Connection established and verified
2026-01-04 22:39:22 - DroneController - [INFO] - Telemetry loop started
2026-01-04 22:39:22 - DroneController - [INFO] - Heartbeat monitor started
2026-01-04 22:39:22 - DroneController - [INFO] - Command processor started
2026-01-04 22:39:22 - DroneController - [INFO] - Mission controller started
2026-01-04 22:39:22 - DroneController - [INFO] - ✓ First telemetry message received
2026-01-04 22:39:22 - DroneController - [INFO] - All threads started
2026-01-04 22:39:22 - DroneController - [INFO] - State transition: CONNECTED -> IDLE
2026-01-04 22:39:22 - DroneController - [INFO] - Home position updated: (22.4980202, 88.3723849)
2026-01-04 22:39:24 - DroneController - [INFO] - Requesting home position...
2026-01-04 22:39:24 - DroneController - [INFO] - Home position received: (22.498020, 88.372385)
2026-01-04 22:39:24 - DroneController - [INFO] - Loading mission with 5 points
2026-01-04 22:39:24 - DroneController - [INFO] - Starting position: lat=22.498020, lon=88.372385
2026-01-04 22:39:24 - DroneController - [INFO] - Mission validated: 5 waypoints
2026-01-04 22:39:24 - DroneController - [INFO] - Return home waypoint added: (22.498022, 88.372386)
2026-01-04 22:39:24 - DroneController - [INFO] - Starting arm and takeoff to 3.0m
2026-01-04 22:39:24 - DroneController - [INFO] - Using polygon geofence from KML
2026-01-04 22:39:24 - DroneController - [INFO] - Setting mode to GUIDED (attempt 1)
2026-01-04 22:39:25 - DroneController - [INFO] - Mode changed to GUIDED
2026-01-04 22:39:25 - DroneController - [INFO] - State transition: IDLE -> ARMING
2026-01-04 22:39:25 - DroneController - [INFO] - Waiting for drone to become armable...
2026-01-04 22:39:31 - DroneController - [INFO] - Still waiting for armable... (5s, status=4)
2026-01-04 22:39:31 - DroneController - [INFO] - Still waiting for armable... (5s, status=4)
2026-01-04 22:39:32 - DroneController - [INFO] - Telemetry: 3827 msgs | GPS: (22.498020, 88.372385, 3.00m) | Battery: 18% | Mode: GUIDED
2026-01-04 22:39:36 - DroneController - [INFO] - Still waiting for armable... (10s, status=4)
2026-01-04 22:39:36 - DroneController - [INFO] - Still waiting for armable... (10s, status=4)
2026-01-04 22:39:41 - DroneController - [INFO] - Still waiting for armable... (15s, status=4)
2026-01-04 22:39:41 - DroneController - [INFO] - Still waiting for armable... (15s, status=4)
2026-01-04 22:39:42 - DroneController - [INFO] - Telemetry: 4982 msgs | GPS: (22.498020, 88.372385, 3.00m) | Battery: 15% | Mode: GUIDED
2026-01-04 22:39:46 - DroneController - [INFO] - Still waiting for armable... (20s, status=4)
2026-01-04 22:39:46 - DroneController - [INFO] - Still waiting for armable... (20s, status=4)
2026-01-04 22:39:51 - DroneController - [INFO] - Still waiting for armable... (25s, status=4)
2026-01-04 22:39:51 - DroneController - [INFO] - Still waiting for armable... (25s, status=4)
2026-01-04 22:39:52 - DroneController - [INFO] - Telemetry: 6135 msgs | GPS: (22.498020, 88.372385, 3.00m) | Battery: 13% | Mode: GUIDED
2026-01-04 22:39:56 - DroneController - [ERROR] - Armable timeout after 30s
2026-01-04 22:39:56 - DroneController - [ERROR] - Drone not armable
2026-01-04 22:39:56 - DroneController - [INFO] - State transition: ARMING -> ERROR
2026-01-04 22:39:56 - DroneController - [INFO] - Stopping controller...
2026-01-04 22:39:56 - DroneController - [INFO] - Mission controller stopped
2026-01-04 22:39:56 - DroneController - [INFO] - Telemetry loop stopped. Total messages: 6511
2026-01-04 22:39:56 - DroneController - [INFO] - Message type distribution: {'AHRS': 229, 'AHRS2': 228, 'ATTITUDE': 228, 'BATTERY_STATUS': 228, 'COMMAND_ACK': 1, 'EKF_STATUS_REPORT': 228, 'ESC_TELEMETRY_1_TO_4': 228, 'ESC_TELEMETRY_5_TO_8': 228, 'EXTENDED_SYS_STATE': 37, 'GLOBAL_POSITION_INT': 228, 'GPS_RAW_INT': 228, 'HEARTBEAT': 36, 'HOME_POSITION': 38, 'LOCAL_POSITION_NED': 228, 'MEMINFO': 228, 'MISSION_CURRENT': 228, 'NAV_CONTROLLER_OUTPUT': 228, 'PARAM_VALUE': 2, 'POWER_STATUS': 228, 'RAW_IMU': 228, 'RC_CHANNELS': 228, 'SCALED_IMU2': 228, 'SCALED_IMU3': 228, 'SCALED_PRESSURE': 228, 'SCALED_PRESSURE2': 228, 'SERVO_OUTPUT_RAW': 228, 'SIMSTATE': 228, 'SYSTEM_TIME': 228, 'SYS_STATUS': 228, 'TERRAIN_REPORT': 228, 'TIMESYNC': 4, 'UNKNOWN_437': 8, 'VFR_HUD': 228, 'VIBRATION': 228, 'WIND': 228}
2026-01-04 22:39:56 - DroneController - [INFO] - Command processor stopped
2026-01-04 22:39:57 - DroneController - [INFO] - Heartbeat monitor stopped
2026-01-04 22:39:57 - DroneController - [INFO] - Controller stopped
2026-01-05 19:05:22 - DroneController - [INFO] - Mission planner initialized with KML: /Users/trishit_debsharma/Documents/Code/NIDAR/NIDAR/spray_drone/data/JUs.kml
2026-01-05 19:05:22 - DroneController - [INFO] - DroneController initialized
2026-01-05 19:05:22 - DroneController - [INFO] - Geofence mode: polygon
2026-01-05 19:05:22 - DroneController - [INFO] - Connecting to 127.0.0.1:14551
2026-01-05 19:05:22 - DroneController - [INFO] - Connection attempt 1/3...
2026-01-05 19:05:22 - DroneController - [INFO] - Waiting for heartbeat...
2026-01-05 19:05:22 - DroneController - [INFO] - Heartbeat from system 1, component 0
2026-01-05 19:05:22 - DroneController - [INFO] - Requesting data streams...
2026-01-05 19:05:22 - DroneController - [INFO] - Verifying data stream...
2026-01-05 19:05:22 - DroneController - [INFO] - Verifying data stream reception...
2026-01-05 19:05:23 - DroneController - [INFO] - ✓ All critical data streams verified
2026-01-05 19:05:23 - DroneController - [INFO] - Waiting for data streams to initialize...
2026-01-05 19:05:26 - DroneController - [INFO] - State transition: DISCONNECTED -> CONNECTED
2026-01-05 19:05:26 - DroneController - [INFO] - Telemetry log initialized: telemetry/telemetry_20260105_190526.csv
2026-01-05 19:05:26 - DroneController - [INFO] - ✓ Connection established and verified
2026-01-05 19:05:26 - DroneController - [INFO] - Telemetry loop started
2026-01-05 19:05:26 - DroneController - [INFO] - Heartbeat monitor started
2026-01-05 19:05:26 - DroneController - [INFO] - Command processor started
2026-01-05 19:05:26 - DroneController - [INFO] - Mission controller started
2026-01-05 19:05:26 - DroneController - [INFO] - ✓ First telemetry message received
2026-01-05 19:05:26 - DroneController - [INFO] - All threads started
2026-01-05 19:05:26 - DroneController - [INFO] - State transition: CONNECTED -> IDLE
2026-01-05 19:05:28 - DroneController - [INFO] - Loading mission with 5 points
2026-01-05 19:05:28 - DroneController - [INFO] - Starting and home position: lat=22.498041, lon=88.372440
2026-01-05 19:05:28 - DroneController - [INFO] - Mission validated: 5 waypoints
2026-01-05 19:05:28 - DroneController - [INFO] - Starting arm and takeoff to 3.0m
2026-01-05 19:05:28 - DroneController - [INFO] - Using polygon geofence from KML
2026-01-05 19:05:28 - DroneController - [INFO] - Setting mode to GUIDED (attempt 1)
2026-01-05 19:05:29 - DroneController - [INFO] - Mode changed to GUIDED
2026-01-05 19:05:29 - DroneController - [INFO] - State transition: IDLE -> ARMING
2026-01-05 19:05:29 - DroneController - [INFO] - Waiting for drone to become armable...
2026-01-05 19:05:29 - DroneController - [INFO] - ✓ Drone is armable
2026-01-05 19:05:29 - DroneController - [INFO] - Arming attempt 1/3
2026-01-05 19:05:30 - DroneController - [INFO] - Armed successfully
2026-01-05 19:05:30 - DroneController - [INFO] - State transition: ARMING -> ARMED
2026-01-05 19:05:30 - DroneController - [INFO] - State transition: ARMED -> TAKING_OFF
2026-01-05 19:05:30 - DroneController - [INFO] - Takeoff attempt 1/3
2026-01-05 19:05:30 - DroneController - [INFO] - Takeoff command accepted
2026-01-05 19:05:36 - DroneController - [INFO] - Target altitude reached: 2.52m
2026-01-05 19:05:36 - DroneController - [INFO] - Arm and takeoff complete
2026-01-05 19:05:36 - DroneController - [INFO] - State transition: TAKING_OFF -> ARMED
2026-01-05 19:05:36 - DroneController - [INFO] - Starting mission with 5 waypoints
2026-01-05 19:05:36 - DroneController - [INFO] - State transition: ARMED -> MISSION_ACTIVE
2026-01-05 19:05:36 - DroneController - [INFO] - Sending waypoint: (22.498022, 88.372386, 3.00)
2026-01-05 19:05:36 - DroneController - [ERROR] - Geofence violation: Outside polygon boundary: (22.498041, 88.372439)
2026-01-05 19:05:36 - DroneController - [CRITICAL] - Emergency RTL triggered
2026-01-05 19:05:36 - DroneController - [INFO] - State transition: MISSION_ACTIVE -> RETURNING_HOME
2026-01-05 19:05:36 - DroneController - [INFO] - Setting mode to RTL (attempt 1)
2026-01-05 19:05:36 - DroneController - [INFO] - Telemetry: 2735 msgs | GPS: (22.498041, 88.372439, 3.06m) | Battery: 99% | Mode: RTL
2026-01-05 19:05:37 - DroneController - [INFO] - Mode changed to RTL
2026-01-05 19:05:37 - DroneController - [INFO] - RTL in progress
2026-01-05 19:05:38 - DroneController - [INFO] - Returning to home and landing
2026-01-05 19:05:38 - DroneController - [INFO] - Sending waypoint: (22.498041, 88.372440, 2.93)
2026-01-05 19:05:38 - DroneController - [INFO] - Reached home position, initiating landing
2026-01-05 19:05:40 - DroneController - [INFO] - State transition: RETURNING_HOME -> LANDING
2026-01-05 19:05:40 - DroneController - [INFO] - Setting mode to LAND (attempt 1)
2026-01-05 19:05:41 - DroneController - [INFO] - Mode changed to LAND
2026-01-05 19:05:41 - DroneController - [INFO] - Landing in progress
2026-01-05 19:05:41 - DroneController - [INFO] - Stopping controller...
2026-01-05 19:05:41 - DroneController - [INFO] - Mission controller stopped
2026-01-05 19:05:41 - DroneController - [INFO] - Telemetry loop stopped. Total messages: 3221
2026-01-05 19:05:41 - DroneController - [INFO] - Message type distribution: {'AHRS': 113, 'AHRS2': 112, 'ATTITUDE': 112, 'BATTERY_STATUS': 112, 'COMMAND_ACK': 2, 'EKF_STATUS_REPORT': 112, 'ESC_TELEMETRY_1_TO_4': 112, 'ESC_TELEMETRY_5_TO_8': 112, 'EXTENDED_SYS_STATE': 18, 'GLOBAL_POSITION_INT': 112, 'GPS_GLOBAL_ORIGIN': 1, 'GPS_RAW_INT': 112, 'HEARTBEAT': 20, 'HOME_POSITION': 19, 'LOCAL_POSITION_NED': 112, 'MEMINFO': 112, 'MISSION_CURRENT': 112, 'NAV_CONTROLLER_OUTPUT': 112, 'POSITION_TARGET_GLOBAL_INT': 16, 'POWER_STATUS': 112, 'RAW_IMU': 112, 'RC_CHANNELS': 112, 'SCALED_IMU2': 112, 'SCALED_IMU3': 112, 'SCALED_PRESSURE': 112, 'SCALED_PRESSURE2': 112, 'SERVO_OUTPUT_RAW': 112, 'SIMSTATE': 112, 'STATUSTEXT': 3, 'SYSTEM_TIME': 112, 'SYS_STATUS': 112, 'TERRAIN_REPORT': 112, 'TIMESYNC': 2, 'UNKNOWN_437': 3, 'VFR_HUD': 112, 'VIBRATION': 112, 'WIND': 112}
2026-01-05 19:05:41 - DroneController - [INFO] - Command processor stopped
2026-01-05 19:05:41 - DroneController - [INFO] - Heartbeat monitor stopped
2026-01-05 19:05:41 - DroneController - [INFO] - Controller stopped
2026-01-05 19:08:24 - DroneController - [INFO] - Mission planner initialized with KML: /Users/trishit_debsharma/Documents/Code/NIDAR/NIDAR/spray_drone/data/JUs.kml
2026-01-05 19:08:24 - DroneController - [INFO] - DroneController initialized
2026-01-05 19:08:24 - DroneController - [INFO] - Geofence mode: polygon
2026-01-05 19:08:24 - DroneController - [INFO] - Connecting to 127.0.0.1:14551
2026-01-05 19:08:24 - DroneController - [INFO] - Connection attempt 1/3...
2026-01-05 19:08:24 - DroneController - [INFO] - Waiting for heartbeat...
2026-01-05 19:08:24 - DroneController - [INFO] - Heartbeat from system 1, component 0
2026-01-05 19:08:24 - DroneController - [INFO] - Requesting data streams...
2026-01-05 19:08:24 - DroneController - [INFO] - Verifying data stream...
2026-01-05 19:08:24 - DroneController - [INFO] - Verifying data stream reception...
2026-01-05 19:08:25 - DroneController - [INFO] - ✓ All critical data streams verified
2026-01-05 19:08:25 - DroneController - [INFO] - Waiting for data streams to initialize...
2026-01-05 19:08:28 - DroneController - [INFO] - State transition: DISCONNECTED -> CONNECTED
2026-01-05 19:08:28 - DroneController - [INFO] - Telemetry log initialized: telemetry/telemetry_20260105_190828.csv
2026-01-05 19:08:28 - DroneController - [INFO] - ✓ Connection established and verified
2026-01-05 19:08:28 - DroneController - [INFO] - Telemetry loop started
2026-01-05 19:08:28 - DroneController - [INFO] - ✓ First telemetry message received
2026-01-05 19:08:28 - DroneController - [INFO] - Heartbeat monitor started
2026-01-05 19:08:28 - DroneController - [INFO] - Command processor started
2026-01-05 19:08:28 - DroneController - [INFO] - Mission controller started
2026-01-05 19:08:28 - DroneController - [INFO] - All threads started
2026-01-05 19:08:28 - DroneController - [INFO] - State transition: CONNECTED -> IDLE
2026-01-05 19:08:30 - DroneController - [INFO] - Loading mission with 5 points
2026-01-05 19:08:30 - DroneController - [INFO] - Starting and home position: lat=22.498022, lon=88.372386
2026-01-05 19:08:30 - DroneController - [INFO] - Mission validated: 5 waypoints
2026-01-05 19:08:30 - DroneController - [INFO] - Starting arm and takeoff to 3.0m
2026-01-05 19:08:30 - DroneController - [INFO] - Using polygon geofence from KML
2026-01-05 19:08:30 - DroneController - [INFO] - Setting mode to GUIDED (attempt 1)
2026-01-05 19:08:31 - DroneController - [INFO] - Mode changed to GUIDED
2026-01-05 19:08:31 - DroneController - [INFO] - State transition: IDLE -> ARMING
2026-01-05 19:08:31 - DroneController - [INFO] - Waiting for drone to become armable...
2026-01-05 19:08:31 - DroneController - [INFO] - ✓ Drone is armable
2026-01-05 19:08:31 - DroneController - [INFO] - Arming attempt 1/3
2026-01-05 19:08:31 - DroneController - [INFO] - Armed successfully
2026-01-05 19:08:31 - DroneController - [INFO] - State transition: ARMING -> ARMED
2026-01-05 19:08:31 - DroneController - [INFO] - State transition: ARMED -> TAKING_OFF
2026-01-05 19:08:31 - DroneController - [INFO] - Takeoff attempt 1/3
2026-01-05 19:08:31 - DroneController - [INFO] - Takeoff command accepted
2026-01-05 19:08:37 - DroneController - [INFO] - Target altitude reached: 2.54m
2026-01-05 19:08:37 - DroneController - [INFO] - Arm and takeoff complete
2026-01-05 19:08:37 - DroneController - [INFO] - State transition: TAKING_OFF -> ARMED
2026-01-05 19:08:37 - DroneController - [INFO] - Starting mission with 5 waypoints
2026-01-05 19:08:37 - DroneController - [INFO] - State transition: ARMED -> MISSION_ACTIVE
2026-01-05 19:08:37 - DroneController - [INFO] - Sending waypoint: (22.498022, 88.372386, 3.00)
2026-01-05 19:08:38 - DroneController - [INFO] - Waypoint 1/5 reached
2026-01-05 19:08:38 - DroneController - [INFO] - Sending waypoint: (22.497943, 88.372148, 3.00)
2026-01-05 19:08:38 - DroneController - [INFO] - Telemetry: 7329 msgs | GPS: (22.498021, 88.372383, 2.92m) | Battery: 99% | Mode: GUIDED
2026-01-05 19:08:44 - DroneController - [INFO] - Waypoint 2/5 reached
2026-01-05 19:08:44 - DroneController - [INFO] - Sending waypoint: (22.497764, 88.372255, 3.00)
2026-01-05 19:08:49 - DroneController - [INFO] - Telemetry: 8538 msgs | GPS: (22.497814, 88.372221, 3.01m) | Battery: 96% | Mode: GUIDED
2026-01-05 19:08:49 - DroneController - [INFO] - Waypoint 3/5 reached
2026-01-05 19:08:49 - DroneController - [INFO] - Sending waypoint: (22.497701, 88.372401, 3.00)
2026-01-05 19:08:54 - DroneController - [INFO] - Waypoint 4/5 reached
2026-01-05 19:08:54 - DroneController - [INFO] - Sending waypoint: (22.497600, 88.372300, 3.00)
2026-01-05 19:08:58 - DroneController - [INFO] - Waypoint 5/5 reached
2026-01-05 19:08:58 - DroneController - [INFO] - All waypoints reached
2026-01-05 19:08:59 - DroneController - [INFO] - Telemetry: 9714 msgs | GPS: (22.497614, 88.372318, 3.01m) | Battery: 94% | Mode: GUIDED
2026-01-05 19:09:00 - DroneController - [INFO] - Returning to home and landing
2026-01-05 19:09:00 - DroneController - [INFO] - Sending waypoint: (22.498022, 88.372386, 3.00)
2026-01-05 19:09:09 - DroneController - [INFO] - Telemetry: 10890 msgs | GPS: (22.498007, 88.372383, 3.00m) | Battery: 91% | Mode: GUIDED
2026-01-05 19:09:10 - DroneController - [INFO] - Reached home position, initiating landing
2026-01-05 19:09:12 - DroneController - [INFO] - State transition: MISSION_ACTIVE -> LANDING
2026-01-05 19:09:12 - DroneController - [INFO] - Setting mode to LAND (attempt 1)
2026-01-05 19:09:13 - DroneController - [INFO] - Mode changed to LAND
2026-01-05 19:09:13 - DroneController - [INFO] - Landing in progress
2026-01-05 19:09:13 - DroneController - [INFO] - Stopping controller...
2026-01-05 19:09:13 - DroneController - [INFO] - Mission controller stopped
2026-01-05 19:09:13 - DroneController - [INFO] - Command processor stopped
2026-01-05 19:09:13 - DroneController - [INFO] - Telemetry loop stopped. Total messages: 11389
2026-01-05 19:09:13 - DroneController - [INFO] - Message type distribution: {'AHRS': 399, 'AHRS2': 398, 'ATTITUDE': 398, 'BATTERY_STATUS': 398, 'COMMAND_ACK': 2, 'EKF_STATUS_REPORT': 398, 'ESC_TELEMETRY_1_TO_4': 398, 'ESC_TELEMETRY_5_TO_8': 398, 'GLOBAL_POSITION_INT': 398, 'GPS_GLOBAL_ORIGIN': 1, 'GPS_RAW_INT': 398, 'HEARTBEAT': 49, 'HOME_POSITION': 1, 'LOCAL_POSITION_NED': 398, 'MEMINFO': 398, 'MISSION_CURRENT': 398, 'NAV_CONTROLLER_OUTPUT': 398, 'PARAM_VALUE': 7, 'POSITION_TARGET_GLOBAL_INT': 152, 'POWER_STATUS': 398, 'RAW_IMU': 398, 'RC_CHANNELS': 398, 'SCALED_IMU2': 398, 'SCALED_IMU3': 398, 'SCALED_PRESSURE': 398, 'SCALED_PRESSURE2': 398, 'SERVO_OUTPUT_RAW': 398, 'SIMSTATE': 398, 'STATUSTEXT': 3, 'SYSTEM_TIME': 398, 'SYS_STATUS': 398, 'TERRAIN_REPORT': 398, 'TERRAIN_REQUEST': 24, 'TIMESYNC': 5, 'VFR_HUD': 398, 'VIBRATION': 398, 'WIND': 398}
2026-01-05 19:09:14 - DroneController - [INFO] - Heartbeat monitor stopped
2026-01-05 19:09:14 - DroneController - [INFO] - Controller stopped
2026-01-05 19:11:10 - DroneController - [INFO] - Mission planner initialized with KML: /Users/trishit_debsharma/Documents/Code/NIDAR/NIDAR/spray_drone/data/JUs.kml
2026-01-05 19:11:10 - DroneController - [INFO] - DroneController initialized
2026-01-05 19:11:10 - DroneController - [INFO] - Geofence mode: polygon
2026-01-05 19:11:10 - DroneController - [INFO] - Connecting to 127.0.0.1:14551
2026-01-05 19:11:10 - DroneController - [INFO] - Connection attempt 1/3...
2026-01-05 19:11:10 - DroneController - [INFO] - Waiting for heartbeat...
2026-01-05 19:11:10 - DroneController - [INFO] - Heartbeat from system 1, component 0
2026-01-05 19:11:10 - DroneController - [INFO] - Requesting data streams...
2026-01-05 19:11:10 - DroneController - [INFO] - Verifying data stream...
2026-01-05 19:11:10 - DroneController - [INFO] - Verifying data stream reception...
2026-01-05 19:11:11 - DroneController - [INFO] - ✓ All critical data streams verified
2026-01-05 19:11:11 - DroneController - [INFO] - Waiting for data streams to initialize...
2026-01-05 19:11:14 - DroneController - [INFO] - State transition: DISCONNECTED -> CONNECTED
2026-01-05 19:11:14 - DroneController - [INFO] - Telemetry log initialized: telemetry/telemetry_20260105_191114.csv
2026-01-05 19:11:14 - DroneController - [INFO] - ✓ Connection established and verified
2026-01-05 19:11:14 - DroneController - [INFO] - Telemetry loop started
2026-01-05 19:11:14 - DroneController - [INFO] - Heartbeat monitor started
2026-01-05 19:11:14 - DroneController - [INFO] - ✓ First telemetry message received
2026-01-05 19:11:14 - DroneController - [INFO] - Command processor started
2026-01-05 19:11:14 - DroneController - [INFO] - Mission controller started
2026-01-05 19:11:14 - DroneController - [INFO] - All threads started
2026-01-05 19:11:14 - DroneController - [INFO] - State transition: CONNECTED -> IDLE
2026-01-05 19:11:16 - DroneController - [INFO] - Loading mission with 7 points
2026-01-05 19:11:16 - DroneController - [INFO] - Starting and home position: lat=22.498023, lon=88.372386
2026-01-05 19:11:16 - DroneController - [INFO] - Mission validated: 5 waypoints
2026-01-05 19:11:16 - DroneController - [INFO] - Starting arm and takeoff to 3.0m
2026-01-05 19:11:16 - DroneController - [INFO] - Using polygon geofence from KML
2026-01-05 19:11:16 - DroneController - [INFO] - Setting mode to GUIDED (attempt 1)
2026-01-05 19:11:17 - DroneController - [INFO] - Mode changed to GUIDED
2026-01-05 19:11:17 - DroneController - [INFO] - State transition: IDLE -> ARMING
2026-01-05 19:11:17 - DroneController - [INFO] - Waiting for drone to become armable...
2026-01-05 19:11:17 - DroneController - [INFO] - ✓ Drone is armable
2026-01-05 19:11:17 - DroneController - [INFO] - Arming attempt 1/3
2026-01-05 19:11:18 - DroneController - [INFO] - Armed successfully
2026-01-05 19:11:18 - DroneController - [INFO] - State transition: ARMING -> ARMED
2026-01-05 19:11:18 - DroneController - [INFO] - State transition: ARMED -> TAKING_OFF
2026-01-05 19:11:18 - DroneController - [INFO] - Takeoff attempt 1/3
2026-01-05 19:11:18 - DroneController - [INFO] - Takeoff command accepted
2026-01-05 19:11:24 - DroneController - [INFO] - Target altitude reached: 2.58m
2026-01-05 19:11:24 - DroneController - [INFO] - Arm and takeoff complete
2026-01-05 19:11:24 - DroneController - [INFO] - State transition: TAKING_OFF -> ARMED
2026-01-05 19:11:24 - DroneController - [INFO] - Starting mission with 5 waypoints
2026-01-05 19:11:24 - DroneController - [INFO] - State transition: ARMED -> MISSION_ACTIVE
2026-01-05 19:11:24 - DroneController - [INFO] - Sending waypoint: (22.498022, 88.372386, 3.00)
2026-01-05 19:11:24 - DroneController - [INFO] - Waypoint 1/5 reached
2026-01-05 19:11:24 - DroneController - [INFO] - Sending waypoint: (22.497943, 88.372148, 3.00)
2026-01-05 19:11:25 - DroneController - [INFO] - Telemetry: 6916 msgs | GPS: (22.498022, 88.372384, 2.93m) | Battery: 88% | Mode: GUIDED
2026-01-05 19:11:29 - DroneController - [INFO] - Waypoint 2/5 reached
2026-01-05 19:11:29 - DroneController - [INFO] - Sending waypoint: (22.497764, 88.372255, 3.00)
2026-01-05 19:11:35 - DroneController - [INFO] - Telemetry: 8087 msgs | GPS: (22.497806, 88.372226, 3.00m) | Battery: 86% | Mode: GUIDED
2026-01-05 19:11:35 - DroneController - [INFO] - Waypoint 3/5 reached
2026-01-05 19:11:35 - DroneController - [INFO] - Sending waypoint: (22.497701, 88.372401, 3.00)
2026-01-05 19:11:39 - DroneController - [INFO] - Waypoint 4/5 reached
2026-01-05 19:11:39 - DroneController - [INFO] - Sending waypoint: (22.497600, 88.372300, 3.00)
2026-01-05 19:11:44 - DroneController - [INFO] - Waypoint 5/5 reached
2026-01-05 19:11:44 - DroneController - [INFO] - All waypoints reached
2026-01-05 19:11:45 - DroneController - [INFO] - Telemetry: 9258 msgs | GPS: (22.497609, 88.372312, 3.00m) | Battery: 83% | Mode: GUIDED
2026-01-05 19:11:46 - DroneController - [INFO] - Returning to home and landing
2026-01-05 19:11:46 - DroneController - [INFO] - Sending waypoint: (22.498023, 88.372386, 3.00)
2026-01-05 19:11:55 - DroneController - [INFO] - Telemetry: 10432 msgs | GPS: (22.498009, 88.372383, 3.00m) | Battery: 81% | Mode: GUIDED
2026-01-05 19:11:55 - DroneController - [INFO] - Reached home position, initiating landing
2026-01-05 19:11:57 - DroneController - [INFO] - State transition: MISSION_ACTIVE -> LANDING
2026-01-05 19:11:57 - DroneController - [INFO] - Setting mode to LAND (attempt 1)
2026-01-05 19:11:58 - DroneController - [INFO] - Mode changed to LAND
2026-01-05 19:11:58 - DroneController - [INFO] - Landing in progress
2026-01-05 19:11:58 - DroneController - [INFO] - Landing command sent
2026-01-05 19:12:05 - DroneController - [INFO] - Telemetry: 11577 msgs | GPS: (22.498025, 88.372386, -0.01m) | Battery: 79% | Mode: LAND
2026-01-05 19:12:13 - DroneController - [INFO] - Stopping controller...
2026-01-05 19:12:13 - DroneController - [INFO] - Mission controller stopped
2026-01-05 19:12:13 - DroneController - [INFO] - Heartbeat monitor stopped
2026-01-05 19:12:13 - DroneController - [INFO] - Command processor stopped
2026-01-05 19:12:13 - DroneController - [INFO] - Telemetry loop stopped. Total messages: 12512
2026-01-05 19:12:13 - DroneController - [INFO] - Message type distribution: {'AHRS': 440, 'AHRS2': 439, 'ATTITUDE': 439, 'BATTERY_STATUS': 439, 'COMMAND_ACK': 2, 'EKF_STATUS_REPORT': 439, 'ESC_TELEMETRY_1_TO_4': 439, 'ESC_TELEMETRY_5_TO_8': 439, 'GLOBAL_POSITION_INT': 439, 'GPS_GLOBAL_ORIGIN': 1, 'GPS_RAW_INT': 439, 'HEARTBEAT': 63, 'HOME_POSITION': 1, 'LOCAL_POSITION_NED': 439, 'MEMINFO': 439, 'MISSION_CURRENT': 439, 'NAV_CONTROLLER_OUTPUT': 439, 'PARAM_VALUE': 9, 'POSITION_TARGET_GLOBAL_INT': 132, 'POWER_STATUS': 439, 'RAW_IMU': 439, 'RC_CHANNELS': 439, 'SCALED_IMU2': 439, 'SCALED_IMU3': 439, 'SCALED_PRESSURE': 439, 'SCALED_PRESSURE2': 439, 'SERVO_OUTPUT_RAW': 439, 'SIMSTATE': 439, 'STATUSTEXT': 5, 'SYSTEM_TIME': 439, 'SYS_STATUS': 439, 'TERRAIN_REPORT': 439, 'TIMESYNC': 6, 'VFR_HUD': 439, 'VIBRATION': 439, 'WIND': 439}
2026-01-05 19:12:13 - DroneController - [INFO] - Controller stopped
2026-01-05 19:19:17 - DroneController - [INFO] - Mission planner initialized with KML: /Users/trishit_debsharma/Documents/Code/NIDAR/NIDAR/spray_drone/data/JUs.kml
2026-01-05 19:19:17 - DroneController - [INFO] - DroneController initialized
2026-01-05 19:19:17 - DroneController - [INFO] - Geofence mode: polygon
2026-01-05 19:19:17 - DroneController - [INFO] - Connecting to 127.0.0.1:14551
2026-01-05 19:19:17 - DroneController - [INFO] - Connection attempt 1/3...
2026-01-05 19:19:17 - DroneController - [INFO] - Waiting for heartbeat...
2026-01-05 19:19:18 - DroneController - [INFO] - Heartbeat from system 1, component 0
2026-01-05 19:19:18 - DroneController - [INFO] - Requesting data streams...
2026-01-05 19:19:18 - DroneController - [INFO] - Verifying data stream...
2026-01-05 19:19:18 - DroneController - [INFO] - Verifying data stream reception...
2026-01-05 19:19:19 - DroneController - [INFO] - ✓ All critical data streams verified
2026-01-05 19:19:19 - DroneController - [INFO] - Waiting for data streams to initialize...
2026-01-05 19:19:22 - DroneController - [INFO] - State transition: DISCONNECTED -> CONNECTED
2026-01-05 19:19:22 - DroneController - [INFO] - Telemetry log initialized: telemetry/telemetry_20260105_191922.csv
2026-01-05 19:19:22 - DroneController - [INFO] - ✓ Connection established and verified
2026-01-05 19:19:22 - DroneController - [INFO] - Telemetry loop started
2026-01-05 19:19:22 - DroneController - [INFO] - ✓ First telemetry message received
2026-01-05 19:19:22 - DroneController - [INFO] - Heartbeat monitor started
2026-01-05 19:19:22 - DroneController - [INFO] - Command processor started
2026-01-05 19:19:22 - DroneController - [INFO] - Mission controller started
2026-01-05 19:19:22 - DroneController - [INFO] - All threads started
2026-01-05 19:19:22 - DroneController - [INFO] - State transition: CONNECTED -> IDLE
2026-01-05 19:19:24 - DroneController - [INFO] - Loading mission with 7 points
2026-01-05 19:19:24 - DroneController - [INFO] - Starting and home position: lat=22.498025, lon=88.372386
2026-01-05 19:19:24 - DroneController - [INFO] - Mission validated: 5 waypoints
2026-01-05 19:19:24 - DroneController - [INFO] - Starting arm and takeoff to 3.0m
2026-01-05 19:19:24 - DroneController - [INFO] - Using polygon geofence from KML
2026-01-05 19:19:24 - DroneController - [INFO] - Setting mode to GUIDED (attempt 1)
2026-01-05 19:19:25 - DroneController - [INFO] - Mode changed to GUIDED
2026-01-05 19:19:25 - DroneController - [INFO] - State transition: IDLE -> ARMING
2026-01-05 19:19:25 - DroneController - [INFO] - Waiting for drone to become armable...
2026-01-05 19:19:25 - DroneController - [INFO] - ✓ Drone is armable
2026-01-05 19:19:25 - DroneController - [INFO] - Arming attempt 1/3
2026-01-05 19:19:25 - DroneController - [INFO] - Armed successfully
2026-01-05 19:19:25 - DroneController - [INFO] - State transition: ARMING -> ARMED
2026-01-05 19:19:25 - DroneController - [INFO] - State transition: ARMED -> TAKING_OFF
2026-01-05 19:19:25 - DroneController - [INFO] - Takeoff attempt 1/3
2026-01-05 19:19:25 - DroneController - [INFO] - Takeoff command accepted
2026-01-05 19:19:31 - DroneController - [INFO] - Target altitude reached: 2.54m
2026-01-05 19:19:31 - DroneController - [INFO] - Arm and takeoff complete
2026-01-05 19:19:31 - DroneController - [INFO] - State transition: TAKING_OFF -> ARMED
2026-01-05 19:19:31 - DroneController - [INFO] - Starting mission with 5 waypoints
2026-01-05 19:19:31 - DroneController - [INFO] - State transition: ARMED -> MISSION_ACTIVE
2026-01-05 19:19:31 - DroneController - [INFO] - Sending waypoint: (22.498022, 88.372386, 3.00)
2026-01-05 19:19:31 - DroneController - [INFO] - Waypoint 1/5 reached
2026-01-05 19:19:31 - DroneController - [INFO] - Sending waypoint: (22.497943, 88.372148, 3.00)
2026-01-05 19:19:32 - DroneController - [INFO] - Telemetry: 1607 msgs | GPS: (22.498025, 88.372385, 2.89m) | Battery: 78% | Mode: GUIDED
2026-01-05 19:19:37 - DroneController - [INFO] - Waypoint 2/5 reached
2026-01-05 19:19:37 - DroneController - [INFO] - Sending waypoint: (22.497764, 88.372255, 3.00)
2026-01-05 19:19:42 - DroneController - [INFO] - Telemetry: 2799 msgs | GPS: (22.497809, 88.372224, 3.00m) | Battery: 75% | Mode: GUIDED
2026-01-05 19:19:42 - DroneController - [INFO] - Waypoint 3/5 reached
2026-01-05 19:19:42 - DroneController - [INFO] - Sending waypoint: (22.497701, 88.372401, 3.00)
2026-01-05 19:19:47 - DroneController - [INFO] - Waypoint 4/5 reached
2026-01-05 19:19:47 - DroneController - [INFO] - Sending waypoint: (22.497600, 88.372300, 3.00)
2026-01-05 19:19:51 - DroneController - [INFO] - Waypoint 5/5 reached
2026-01-05 19:19:51 - DroneController - [INFO] - All waypoints reached
2026-01-05 19:19:52 - DroneController - [INFO] - Telemetry: 3998 msgs | GPS: (22.497610, 88.372313, 3.00m) | Battery: 73% | Mode: GUIDED
2026-01-05 19:19:53 - DroneController - [INFO] - Returning to home and landing
2026-01-05 19:19:53 - DroneController - [INFO] - Sending waypoint: (22.498025, 88.372386, 3.00)
2026-01-05 19:20:02 - DroneController - [INFO] - Telemetry: 5192 msgs | GPS: (22.498012, 88.372383, 3.00m) | Battery: 70% | Mode: GUIDED
2026-01-05 19:20:03 - DroneController - [INFO] - Reached home position, initiating landing
2026-01-05 19:20:05 - DroneController - [INFO] - State transition: MISSION_ACTIVE -> LANDING
2026-01-05 19:20:05 - DroneController - [INFO] - Setting mode to LAND (attempt 1)
2026-01-05 19:20:06 - DroneController - [INFO] - Mode changed to LAND
2026-01-05 19:20:06 - DroneController - [INFO] - Landing in progress
2026-01-05 19:20:06 - DroneController - [INFO] - Landing command sent
2026-01-05 19:20:12 - DroneController - [INFO] - Telemetry: 6359 msgs | GPS: (22.498026, 88.372386, 0.01m) | Battery: 68% | Mode: LAND
2026-01-05 19:20:21 - DroneController - [INFO] - Stopping controller...
2026-01-05 19:20:21 - DroneController - [INFO] - Telemetry loop stopped. Total messages: 7404
2026-01-05 19:20:21 - DroneController - [INFO] - Message type distribution: {'AHRS': 229, 'AHRS2': 363, 'ATTITUDE': 363, 'BATTERY_STATUS': 228, 'COMMAND_ACK': 7, 'EKF_STATUS_REPORT': 228, 'ESC_TELEMETRY_1_TO_4': 363, 'ESC_TELEMETRY_5_TO_8': 363, 'EXTENDED_SYS_STATE': 63, 'GLOBAL_POSITION_INT': 248, 'GPS_GLOBAL_ORIGIN': 1, 'GPS_RAW_INT': 211, 'HEARTBEAT': 64, 'HOME_POSITION': 64, 'LOCAL_POSITION_NED': 248, 'MEMINFO': 211, 'MISSION_CURRENT': 211, 'NAV_CONTROLLER_OUTPUT': 211, 'PARAM_VALUE': 8, 'POSITION_TARGET_GLOBAL_INT': 119, 'POWER_STATUS': 211, 'RAW_IMU': 210, 'RC_CHANNELS': 221, 'SCALED_IMU2': 210, 'SCALED_IMU3': 210, 'SCALED_PRESSURE': 210, 'SCALED_PRESSURE2': 210, 'SERVO_OUTPUT_RAW': 221, 'SIMSTATE': 363, 'STATUSTEXT': 5, 'SYSTEM_TIME': 228, 'SYS_STATUS': 211, 'TERRAIN_REPORT': 228, 'TIMESYNC': 7, 'UNKNOWN_437': 13, 'VFR_HUD': 387, 'VIBRATION': 228, 'WIND': 228}
2026-01-05 19:20:21 - DroneController - [INFO] - Heartbeat monitor stopped
2026-01-05 19:20:21 - DroneController - [INFO] - Mission controller stopped
2026-01-05 19:20:21 - DroneController - [INFO] - Command processor stopped
2026-01-05 19:20:21 - DroneController - [INFO] - Controller stopped
2026-01-05 19:26:06 - DroneController - [INFO] - Mission planner initialized with KML: /Users/trishit_debsharma/Documents/Code/NIDAR/NIDAR/spray_drone/data/JUs.kml
2026-01-05 19:26:06 - DroneController - [INFO] - DroneController initialized
2026-01-05 19:26:06 - DroneController - [INFO] - Geofence mode: polygon
2026-01-05 19:26:06 - DroneController - [INFO] - Connecting to 127.0.0.1:14551
2026-01-05 19:26:06 - DroneController - [INFO] - Connection attempt 1/3...
2026-01-05 19:26:06 - DroneController - [INFO] - Waiting for heartbeat...
2026-01-05 19:26:06 - DroneController - [INFO] - Heartbeat from system 1, component 0
2026-01-05 19:26:06 - DroneController - [INFO] - Requesting data streams...
2026-01-05 19:26:06 - DroneController - [INFO] - Verifying data stream...
2026-01-05 19:26:06 - DroneController - [INFO] - Verifying data stream reception...
2026-01-05 19:26:07 - DroneController - [INFO] - ✓ All critical data streams verified
2026-01-05 19:26:07 - DroneController - [INFO] - Waiting for data streams to initialize...
2026-01-05 19:26:10 - DroneController - [INFO] - State transition: DISCONNECTED -> CONNECTED
2026-01-05 19:26:10 - DroneController - [INFO] - Telemetry log initialized: telemetry/telemetry_20260105_192610.csv
2026-01-05 19:26:10 - DroneController - [INFO] - ✓ Connection established and verified
2026-01-05 19:26:10 - DroneController - [INFO] - Telemetry loop started
2026-01-05 19:26:10 - DroneController - [INFO] - Heartbeat monitor started
2026-01-05 19:26:10 - DroneController - [INFO] - ✓ First telemetry message received
2026-01-05 19:26:10 - DroneController - [INFO] - Command processor started
2026-01-05 19:26:10 - DroneController - [INFO] - Mission controller started
2026-01-05 19:26:10 - DroneController - [INFO] - All threads started
2026-01-05 19:26:10 - DroneController - [INFO] - State transition: CONNECTED -> IDLE
2026-01-05 19:26:12 - DroneController - [INFO] - Loading mission with 7 points
2026-01-05 19:26:12 - DroneController - [INFO] - Starting and home position: lat=22.498026, lon=88.372385
2026-01-05 19:26:12 - DroneController - [INFO] - Mission validated: 5 waypoints
2026-01-05 19:26:12 - DroneController - [INFO] - Starting arm and takeoff to 3.0m
2026-01-05 19:26:12 - DroneController - [INFO] - Using polygon geofence from KML
2026-01-05 19:26:12 - DroneController - [INFO] - Setting mode to GUIDED (attempt 1)
2026-01-05 19:26:13 - DroneController - [INFO] - Mode changed to GUIDED
2026-01-05 19:26:13 - DroneController - [INFO] - State transition: IDLE -> ARMING
2026-01-05 19:26:13 - DroneController - [INFO] - Waiting for drone to become armable...
2026-01-05 19:26:13 - DroneController - [INFO] - ✓ Drone is armable
2026-01-05 19:26:13 - DroneController - [INFO] - Arming attempt 1/3
2026-01-05 19:26:15 - DroneController - [WARNING] - No messages received in 5 seconds
2026-01-05 19:26:16 - DroneController - [WARNING] - ✗ ACK timeout for command 400
2026-01-05 19:26:17 - DroneController - [INFO] - Arming attempt 2/3
2026-01-05 19:26:18 - DroneController - [WARNING] - No heartbeat for 6.0s
2026-01-05 19:26:19 - DroneController - [WARNING] - No heartbeat for 7.0s
2026-01-05 19:26:20 - DroneController - [WARNING] - No heartbeat for 8.0s
2026-01-05 19:26:20 - DroneController - [WARNING] - ✗ ACK timeout for command 400
2026-01-05 19:26:20 - DroneController - [WARNING] - No messages received in 5 seconds
2026-01-05 19:26:21 - DroneController - [WARNING] - No heartbeat for 9.0s
2026-01-05 19:26:21 - DroneController - [INFO] - Arming attempt 3/3
2026-01-05 19:26:22 - DroneController - [WARNING] - No heartbeat for 10.0s
2026-01-05 19:26:23 - DroneController - [WARNING] - No heartbeat for 11.0s
2026-01-05 19:26:24 - DroneController - [WARNING] - No heartbeat for 12.0s
2026-01-05 19:26:24 - DroneController - [WARNING] - ✗ ACK timeout for command 400
2026-01-05 19:26:25 - DroneController - [WARNING] - No heartbeat for 13.0s
2026-01-05 19:26:25 - DroneController - [ERROR] - Failed to arm after retries
2026-01-05 19:26:25 - DroneController - [INFO] - State transition: ARMING -> ERROR
2026-01-05 19:26:25 - DroneController - [INFO] - Stopping controller...
2026-01-05 19:26:25 - DroneController - [INFO] - Mission controller stopped
2026-01-05 19:26:25 - DroneController - [INFO] - Command processor stopped
2026-01-05 19:26:25 - DroneController - [WARNING] - No messages received in 5 seconds
2026-01-05 19:26:25 - DroneController - [INFO] - Telemetry loop stopped. Total messages: 1560
2026-01-05 19:26:25 - DroneController - [INFO] - Message type distribution: {'AHRS': 55, 'AHRS2': 55, 'ATTITUDE': 55, 'BATTERY_STATUS': 55, 'EKF_STATUS_REPORT': 55, 'ESC_TELEMETRY_1_TO_4': 55, 'ESC_TELEMETRY_5_TO_8': 55, 'EXTENDED_SYS_STATE': 6, 'GLOBAL_POSITION_INT': 55, 'GPS_RAW_INT': 55, 'HEARTBEAT': 6, 'HOME_POSITION': 6, 'LOCAL_POSITION_NED': 55, 'MEMINFO': 55, 'MISSION_CURRENT': 55, 'NAV_CONTROLLER_OUTPUT': 55, 'POWER_STATUS': 55, 'RAW_IMU': 55, 'RC_CHANNELS': 55, 'SCALED_IMU2': 55, 'SCALED_IMU3': 55, 'SCALED_PRESSURE': 55, 'SCALED_PRESSURE2': 55, 'SERVO_OUTPUT_RAW': 55, 'SIMSTATE': 55, 'SYSTEM_TIME': 55, 'SYS_STATUS': 55, 'TERRAIN_REPORT': 55, 'TIMESYNC': 1, 'UNKNOWN_437': 1, 'VFR_HUD': 55, 'VIBRATION': 55, 'WIND': 55}
2026-01-05 19:26:26 - DroneController - [INFO] - Heartbeat monitor stopped
2026-01-05 19:26:26 - DroneController - [INFO] - Controller stopped
2026-01-05 19:27:21 - DroneController - [INFO] - Mission planner initialized with KML: /Users/trishit_debsharma/Documents/Code/NIDAR/NIDAR/spray_drone/data/JUs.kml
2026-01-05 19:27:21 - DroneController - [INFO] - DroneController initialized
2026-01-05 19:27:21 - DroneController - [INFO] - Geofence mode: polygon
2026-01-05 19:27:21 - DroneController - [INFO] - Connecting to 127.0.0.1:14551
2026-01-05 19:27:21 - DroneController - [INFO] - Connection attempt 1/3...
2026-01-05 19:27:21 - DroneController - [INFO] - Waiting for heartbeat...
2026-01-05 19:27:22 - DroneController - [INFO] - Heartbeat from system 1, component 0
2026-01-05 19:27:22 - DroneController - [INFO] - Requesting data streams...
2026-01-05 19:27:22 - DroneController - [INFO] - Verifying data stream...
2026-01-05 19:27:22 - DroneController - [INFO] - Verifying data stream reception...
2026-01-05 19:27:23 - DroneController - [INFO] - ✓ All critical data streams verified
2026-01-05 19:27:23 - DroneController - [INFO] - Waiting for data streams to initialize...
2026-01-05 19:27:26 - DroneController - [INFO] - State transition: DISCONNECTED -> CONNECTED
2026-01-05 19:27:26 - DroneController - [INFO] - Telemetry log initialized: telemetry/telemetry_20260105_192726.csv
2026-01-05 19:27:26 - DroneController - [INFO] - ✓ Connection established and verified
2026-01-05 19:27:26 - DroneController - [INFO] - Telemetry loop started
2026-01-05 19:27:26 - DroneController - [INFO] - Heartbeat monitor started
2026-01-05 19:27:26 - DroneController - [INFO] - Command processor started
2026-01-05 19:27:26 - DroneController - [INFO] - ✓ First telemetry message received
2026-01-05 19:27:26 - DroneController - [INFO] - Mission controller started
2026-01-05 19:27:26 - DroneController - [INFO] - All threads started
2026-01-05 19:27:26 - DroneController - [INFO] - State transition: CONNECTED -> IDLE
2026-01-05 19:27:28 - DroneController - [INFO] - Loading mission with 7 points
2026-01-05 19:27:28 - DroneController - [INFO] - Starting and home position: lat=22.498041, lon=88.372440
2026-01-05 19:27:28 - DroneController - [INFO] - Mission validated: 5 waypoints
2026-01-05 19:27:28 - DroneController - [INFO] - Starting arm and takeoff to 3.0m
2026-01-05 19:27:28 - DroneController - [INFO] - Using polygon geofence from KML
2026-01-05 19:27:28 - DroneController - [INFO] - Setting mode to GUIDED (attempt 1)
2026-01-05 19:27:29 - DroneController - [INFO] - Mode changed to GUIDED
2026-01-05 19:27:29 - DroneController - [INFO] - State transition: IDLE -> ARMING
2026-01-05 19:27:29 - DroneController - [INFO] - Waiting for drone to become armable...
2026-01-05 19:27:29 - DroneController - [INFO] - ✓ Drone is armable
2026-01-05 19:27:29 - DroneController - [INFO] - Arming attempt 1/3
2026-01-05 19:27:29 - DroneController - [INFO] - Armed successfully
2026-01-05 19:27:29 - DroneController - [INFO] - State transition: ARMING -> ARMED
2026-01-05 19:27:29 - DroneController - [INFO] - State transition: ARMED -> TAKING_OFF
2026-01-05 19:27:29 - DroneController - [INFO] - Takeoff attempt 1/3
2026-01-05 19:27:29 - DroneController - [INFO] - Takeoff command accepted
2026-01-05 19:27:35 - DroneController - [INFO] - Target altitude reached: 2.85m
2026-01-05 19:27:35 - DroneController - [INFO] - Arm and takeoff complete
2026-01-05 19:27:35 - DroneController - [INFO] - State transition: TAKING_OFF -> ARMED
2026-01-05 19:27:35 - DroneController - [INFO] - Starting mission with 5 waypoints
2026-01-05 19:27:35 - DroneController - [INFO] - State transition: ARMED -> MISSION_ACTIVE
2026-01-05 19:27:35 - DroneController - [INFO] - Sending waypoint: (22.498022, 88.372386, 3.00)
2026-01-05 19:27:36 - DroneController - [INFO] - Telemetry: 1840 msgs | GPS: (22.498041, 88.372439, 2.98m) | Battery: 99% | Mode: GUIDED
2026-01-05 19:27:38 - DroneController - [INFO] - Waypoint 1/5 reached
2026-01-05 19:27:38 - DroneController - [INFO] - Sending waypoint: (22.497943, 88.372148, 3.00)
2026-01-05 19:27:43 - DroneController - [INFO] - Waypoint 2/5 reached
2026-01-05 19:27:43 - DroneController - [INFO] - Sending waypoint: (22.497764, 88.372255, 3.00)
2026-01-05 19:27:46 - DroneController - [INFO] - Telemetry: 3008 msgs | GPS: (22.497905, 88.372161, 3.01m) | Battery: 96% | Mode: GUIDED
2026-01-05 19:27:49 - DroneController - [INFO] - Waypoint 3/5 reached
2026-01-05 19:27:49 - DroneController - [INFO] - Sending waypoint: (22.497701, 88.372401, 3.00)
2026-01-05 19:27:53 - DroneController - [INFO] - Waypoint 4/5 reached
2026-01-05 19:27:53 - DroneController - [INFO] - Sending waypoint: (22.497600, 88.372300, 3.00)
2026-01-05 19:27:56 - DroneController - [INFO] - Telemetry: 4207 msgs | GPS: (22.497666, 88.372376, 3.02m) | Battery: 94% | Mode: GUIDED
2026-01-05 19:27:58 - DroneController - [INFO] - Waypoint 5/5 reached
2026-01-05 19:27:58 - DroneController - [INFO] - All waypoints reached
2026-01-05 19:27:59 - DroneController - [INFO] - Returning to home and landing
2026-01-05 19:27:59 - DroneController - [INFO] - Sending waypoint: (22.498041, 88.372440, 3.00)
2026-01-05 19:28:06 - DroneController - [INFO] - Telemetry: 5400 msgs | GPS: (22.497898, 88.372394, 3.01m) | Battery: 91% | Mode: GUIDED
2026-01-05 19:28:09 - DroneController - [INFO] - Reached home position, initiating landing
2026-01-05 19:28:11 - DroneController - [INFO] - State transition: MISSION_ACTIVE -> LANDING
2026-01-05 19:28:11 - DroneController - [INFO] - Setting mode to LAND (attempt 1)
2026-01-05 19:28:12 - DroneController - [INFO] - Mode changed to LAND
2026-01-05 19:28:12 - DroneController - [INFO] - Landing in progress
2026-01-05 19:28:12 - DroneController - [INFO] - Landing command sent
2026-01-05 19:28:16 - DroneController - [INFO] - Telemetry: 6580 msgs | GPS: (22.498043, 88.372440, 1.10m) | Battery: 89% | Mode: LAND
2026-01-05 19:28:26 - DroneController - [INFO] - Telemetry: 7739 msgs | GPS: (22.498042, 88.372440, 0.01m) | Battery: 88% | Mode: LAND
2026-01-05 19:28:27 - DroneController - [INFO] - Stopping controller...
2026-01-05 19:28:27 - DroneController - [INFO] - Mission controller stopped
2026-01-05 19:28:28 - DroneController - [INFO] - Telemetry loop stopped. Total messages: 7941
2026-01-05 19:28:28 - DroneController - [INFO] - Message type distribution: {'AHRS': 240, 'AHRS2': 372, 'ATTITUDE': 372, 'BATTERY_STATUS': 239, 'COMMAND_ACK': 7, 'EKF_STATUS_REPORT': 239, 'ESC_TELEMETRY_1_TO_4': 372, 'ESC_TELEMETRY_5_TO_8': 372, 'EXTENDED_SYS_STATE': 65, 'GLOBAL_POSITION_INT': 276, 'GPS_GLOBAL_ORIGIN': 1, 'GPS_RAW_INT': 243, 'HEARTBEAT': 66, 'HOME_POSITION': 66, 'LOCAL_POSITION_NED': 276, 'MEMINFO': 243, 'MISSION_CURRENT': 243, 'NAV_CONTROLLER_OUTPUT': 243, 'PARAM_VALUE': 11, 'POSITION_TARGET_GLOBAL_INT': 133, 'POWER_STATUS': 243, 'RAW_IMU': 232, 'RC_CHANNELS': 253, 'SCALED_IMU2': 232, 'SCALED_IMU3': 232, 'SCALED_PRESSURE': 232, 'SCALED_PRESSURE2': 232, 'SERVO_OUTPUT_RAW': 253, 'SIMSTATE': 372, 'STATUSTEXT': 5, 'SYSTEM_TIME': 239, 'SYS_STATUS': 243, 'TERRAIN_REPORT': 239, 'TERRAIN_REQUEST': 14, 'TIMESYNC': 6, 'UNKNOWN_437': 13, 'VFR_HUD': 344, 'VIBRATION': 239, 'WIND': 239}
2026-01-05 19:28:28 - DroneController - [INFO] - Command processor stopped
2026-01-05 19:28:28 - DroneController - [INFO] - Heartbeat monitor stopped
2026-01-05 19:28:28 - DroneController - [INFO] - Controller stopped
2026-01-12 01:00:58 - DroneController - [INFO] - Mission planner initialized with KML: /Users/trishit_debsharma/Documents/Code/NIDAR/NIDAR/spray_drone/data/JUxs.kml
2026-01-12 01:00:58 - DroneController - [INFO] - DroneController initialized
2026-01-12 01:00:58 - DroneController - [INFO] - Geofence mode: polygon
2026-01-12 01:00:58 - DroneController - [INFO] - Connecting to 127.0.0.1:14551
2026-01-12 01:00:58 - DroneController - [INFO] - Connection attempt 1/3...
2026-01-12 01:00:58 - DroneController - [INFO] - Waiting for heartbeat...
2026-01-12 01:00:58 - DroneController - [INFO] - Heartbeat from system 1, component 0
2026-01-12 01:00:58 - DroneController - [INFO] - Requesting data streams...
2026-01-12 01:00:58 - DroneController - [INFO] - Verifying data stream...
2026-01-12 01:00:58 - DroneController - [INFO] - Verifying data stream reception...
2026-01-12 01:00:59 - DroneController - [INFO] - ✓ All critical data streams verified
2026-01-12 01:00:59 - DroneController - [INFO] - Waiting for data streams to initialize...
2026-01-12 01:01:02 - DroneController - [INFO] - State transition: DISCONNECTED -> CONNECTED
2026-01-12 01:01:02 - DroneController - [INFO] - Telemetry log initialized: telemetry/telemetry_20260112_010102.csv
2026-01-12 01:01:02 - DroneController - [INFO] - ✓ Connection established and verified
2026-01-12 01:01:02 - DroneController - [INFO] - Telemetry loop started
2026-01-12 01:01:02 - DroneController - [INFO] - Heartbeat monitor started
2026-01-12 01:01:02 - DroneController - [INFO] - Command processor started
2026-01-12 01:01:02 - DroneController - [INFO] - ✓ First telemetry message received
2026-01-12 01:01:02 - DroneController - [INFO] - Mission controller started
2026-01-12 01:01:02 - DroneController - [INFO] - All threads started
2026-01-12 01:01:02 - DroneController - [INFO] - State transition: CONNECTED -> IDLE
2026-01-12 01:01:05 - DroneController - [INFO] - Loading mission with 7 points
2026-01-12 01:01:05 - DroneController - [INFO] - Starting and home position: lat=22.497749, lon=88.372471
2026-01-12 01:01:05 - DroneController - [INFO] - Mission validated: 2 waypoints
2026-01-12 01:01:05 - DroneController - [INFO] - Starting arm and takeoff to 3.0m
2026-01-12 01:01:05 - DroneController - [INFO] - Using polygon geofence from KML
2026-01-12 01:01:05 - DroneController - [INFO] - Setting mode to GUIDED (attempt 1)
2026-01-12 01:01:06 - DroneController - [INFO] - Mode changed to GUIDED
2026-01-12 01:01:06 - DroneController - [INFO] - State transition: IDLE -> ARMING
2026-01-12 01:01:06 - DroneController - [INFO] - Waiting for drone to become armable...
2026-01-12 01:01:06 - DroneController - [INFO] - ✓ Drone is armable
2026-01-12 01:01:06 - DroneController - [INFO] - Arming attempt 1/3
2026-01-12 01:01:06 - DroneController - [INFO] - Armed successfully
2026-01-12 01:01:06 - DroneController - [INFO] - State transition: ARMING -> ARMED
2026-01-12 01:01:06 - DroneController - [INFO] - State transition: ARMED -> TAKING_OFF
2026-01-12 01:01:06 - DroneController - [INFO] - Takeoff attempt 1/3
2026-01-12 01:01:06 - DroneController - [INFO] - Takeoff command accepted
2026-01-12 01:01:12 - DroneController - [INFO] - Target altitude reached: 2.59m
2026-01-12 01:01:12 - DroneController - [INFO] - Arm and takeoff complete
2026-01-12 01:01:12 - DroneController - [INFO] - State transition: TAKING_OFF -> ARMED
2026-01-12 01:01:12 - DroneController - [INFO] - Starting mission with 2 waypoints
2026-01-12 01:01:12 - DroneController - [INFO] - State transition: ARMED -> MISSION_ACTIVE
2026-01-12 01:01:12 - DroneController - [INFO] - Sending waypoint: (22.497764, 88.372255, 3.00)
2026-01-12 01:01:13 - DroneController - [INFO] - Telemetry: 4839 msgs | GPS: (22.497749, 88.372469, 2.91m) | Battery: 79% | Mode: GUIDED
2026-01-12 01:01:17 - DroneController - [INFO] - Waypoint 1/2 reached
2026-01-12 01:01:17 - DroneController - [INFO] - Sending waypoint: (22.498022, 88.372386, 3.00)
2026-01-12 01:01:23 - DroneController - [INFO] - Telemetry: 6076 msgs | GPS: (22.497764, 88.372254, 3.00m) | Battery: 77% | Mode: GUIDED
2026-01-12 01:01:33 - DroneController - [INFO] - Telemetry: 7310 msgs | GPS: (22.497764, 88.372255, 3.00m) | Battery: 74% | Mode: GUIDED
2026-01-12 01:01:43 - DroneController - [INFO] - Telemetry: 8543 msgs | GPS: (22.497764, 88.372255, 3.00m) | Battery: 72% | Mode: GUIDED
2026-01-12 01:01:53 - DroneController - [INFO] - Telemetry: 9779 msgs | GPS: (22.497764, 88.372255, 3.00m) | Battery: 70% | Mode: GUIDED
2026-01-12 01:02:03 - DroneController - [INFO] - Telemetry: 11012 msgs | GPS: (22.497764, 88.372255, 3.00m) | Battery: 67% | Mode: GUIDED
2026-01-12 01:02:13 - DroneController - [INFO] - Telemetry: 12245 msgs | GPS: (22.497764, 88.372255, 3.00m) | Battery: 65% | Mode: GUIDED
2026-01-12 01:02:23 - DroneController - [INFO] - Telemetry: 13458 msgs | GPS: (22.497764, 88.372255, 3.00m) | Battery: 63% | Mode: RTL
2026-01-12 01:02:27 - DroneController - [CRITICAL] - EMERGENCY STOP
2026-01-12 01:02:27 - DroneController - [CRITICAL] - Emergency land triggered
2026-01-12 01:02:27 - DroneController - [INFO] - State transition: MISSION_ACTIVE -> LANDING
2026-01-12 01:02:27 - DroneController - [INFO] - Setting mode to LAND (attempt 1)
2026-01-12 01:02:28 - DroneController - [INFO] - Stopping controller...
2026-01-12 01:02:28 - DroneController - [INFO] - Telemetry loop stopped. Total messages: 14084
2026-01-12 01:02:28 - DroneController - [INFO] - Message type distribution: {'AHRS': 467, 'AHRS2': 466, 'ATTITUDE': 466, 'BATTERY_STATUS': 466, 'COMMAND_ACK': 3, 'EKF_STATUS_REPORT': 466, 'ESC_TELEMETRY_1_TO_4': 466, 'ESC_TELEMETRY_5_TO_8': 466, 'EXTENDED_SYS_STATE': 89, 'FENCE_STATUS': 420, 'GLOBAL_POSITION_INT': 466, 'GPS_GLOBAL_ORIGIN': 1, 'GPS_RAW_INT': 466, 'HEARTBEAT': 91, 'HOME_POSITION': 90, 'LOCAL_POSITION_NED': 466, 'MEMINFO': 466, 'MISSION_CURRENT': 466, 'NAV_CONTROLLER_OUTPUT': 466, 'PARAM_VALUE': 10, 'POSITION_TARGET_GLOBAL_INT': 301, 'POWER_STATUS': 466, 'RAW_IMU': 466, 'RC_CHANNELS': 466, 'SCALED_IMU2': 466, 'SCALED_IMU3': 466, 'SCALED_PRESSURE': 466, 'SCALED_PRESSURE2': 466, 'SERVO_OUTPUT_RAW': 466, 'SIMSTATE': 466, 'STATUSTEXT': 3, 'SYSTEM_TIME': 466, 'SYS_STATUS': 466, 'TERRAIN_REPORT': 466, 'TIMESYNC': 9, 'UNKNOWN_437': 18, 'VFR_HUD': 466, 'VIBRATION': 466, 'WIND': 466}
2026-01-12 01:02:28 - DroneController - [INFO] - Mode changed to LAND
2026-01-12 01:02:28 - DroneController - [INFO] - Landing in progress
2026-01-12 01:02:28 - DroneController - [INFO] - Mission controller stopped
2026-01-12 01:02:28 - DroneController - [INFO] - Command processor stopped
2026-01-12 01:02:29 - DroneController - [INFO] - Heartbeat monitor stopped
2026-01-12 01:02:29 - DroneController - [INFO] - Controller stopped
2026-01-12 01:03:24 - DroneController - [INFO] - Mission planner initialized with KML: /Users/trishit_debsharma/Documents/Code/NIDAR/NIDAR/spray_drone/data/JUxs.kml
2026-01-12 01:03:24 - DroneController - [INFO] - DroneController initialized
2026-01-12 01:03:24 - DroneController - [INFO] - Geofence mode: polygon
2026-01-12 01:03:24 - DroneController - [INFO] - Connecting to 127.0.0.1:14551
2026-01-12 01:03:24 - DroneController - [INFO] - Connection attempt 1/3...
2026-01-12 01:03:24 - DroneController - [INFO] - Waiting for heartbeat...
2026-01-12 01:03:25 - DroneController - [INFO] - Heartbeat from system 1, component 0
2026-01-12 01:03:25 - DroneController - [INFO] - Requesting data streams...
2026-01-12 01:03:25 - DroneController - [INFO] - Verifying data stream...
2026-01-12 01:03:25 - DroneController - [INFO] - Verifying data stream reception...
2026-01-12 01:03:26 - DroneController - [INFO] - ✓ All critical data streams verified
2026-01-12 01:03:26 - DroneController - [INFO] - Waiting for data streams to initialize...
2026-01-12 01:03:29 - DroneController - [INFO] - State transition: DISCONNECTED -> CONNECTED
2026-01-12 01:03:29 - DroneController - [INFO] - Telemetry log initialized: telemetry/telemetry_20260112_010329.csv
2026-01-12 01:03:29 - DroneController - [INFO] - ✓ Connection established and verified
2026-01-12 01:03:29 - DroneController - [INFO] - Telemetry loop started
2026-01-12 01:03:29 - DroneController - [INFO] - Heartbeat monitor started
2026-01-12 01:03:29 - DroneController - [INFO] - Command processor started
2026-01-12 01:03:29 - DroneController - [INFO] - ✓ First telemetry message received
2026-01-12 01:03:29 - DroneController - [INFO] - Mission controller started
2026-01-12 01:03:29 - DroneController - [INFO] - All threads started
2026-01-12 01:03:29 - DroneController - [INFO] - State transition: CONNECTED -> IDLE
2026-01-12 01:03:31 - DroneController - [INFO] - Loading mission with 7 points
2026-01-12 01:03:31 - DroneController - [INFO] - Starting and home position: lat=22.497749, lon=88.372470
2026-01-12 01:03:31 - DroneController - [INFO] - Mission validated: 2 waypoints
2026-01-12 01:03:31 - DroneController - [INFO] - Starting arm and takeoff to 3.0m
2026-01-12 01:03:31 - DroneController - [INFO] - Using polygon geofence from KML
2026-01-12 01:03:31 - DroneController - [INFO] - Setting mode to GUIDED (attempt 1)
2026-01-12 01:03:32 - DroneController - [INFO] - Mode changed to GUIDED
2026-01-12 01:03:32 - DroneController - [INFO] - State transition: IDLE -> ARMING
2026-01-12 01:03:32 - DroneController - [INFO] - Waiting for drone to become armable...
2026-01-12 01:03:32 - DroneController - [INFO] - ✓ Drone is armable
2026-01-12 01:03:32 - DroneController - [INFO] - Arming attempt 1/3
2026-01-12 01:03:32 - DroneController - [INFO] - Armed successfully
2026-01-12 01:03:32 - DroneController - [INFO] - State transition: ARMING -> ARMED
2026-01-12 01:03:32 - DroneController - [INFO] - State transition: ARMED -> TAKING_OFF
2026-01-12 01:03:32 - DroneController - [INFO] - Takeoff attempt 1/3
2026-01-12 01:03:32 - DroneController - [INFO] - Takeoff command accepted
2026-01-12 01:03:38 - DroneController - [INFO] - Target altitude reached: 2.79m
2026-01-12 01:03:38 - DroneController - [INFO] - Arm and takeoff complete
2026-01-12 01:03:38 - DroneController - [INFO] - State transition: TAKING_OFF -> ARMED
2026-01-12 01:03:38 - DroneController - [INFO] - Starting mission with 2 waypoints
2026-01-12 01:03:38 - DroneController - [INFO] - State transition: ARMED -> MISSION_ACTIVE
2026-01-12 01:03:38 - DroneController - [INFO] - Sending waypoint: (22.497764, 88.372255, 3.00)
2026-01-12 01:03:39 - DroneController - [INFO] - Telemetry: 6494 msgs | GPS: (22.497749, 88.372470, 2.99m) | Battery: 49% | Mode: GUIDED
2026-01-12 01:03:44 - DroneController - [INFO] - Waypoint 1/2 reached
2026-01-12 01:03:44 - DroneController - [INFO] - Sending waypoint: (22.498022, 88.372386, 3.00)
2026-01-12 01:03:49 - DroneController - [INFO] - Telemetry: 7687 msgs | GPS: (22.497917, 88.372328, 3.00m) | Battery: 46% | Mode: GUIDED
2026-01-12 01:03:50 - DroneController - [INFO] - Waypoint 2/2 reached
2026-01-12 01:03:50 - DroneController - [INFO] - All waypoints reached
2026-01-12 01:03:52 - DroneController - [INFO] - Returning to home and landing
2026-01-12 01:03:52 - DroneController - [INFO] - Sending waypoint: (22.497749, 88.372470, 3.00)
2026-01-12 01:03:59 - DroneController - [INFO] - Telemetry: 8886 msgs | GPS: (22.497782, 88.372461, 3.00m) | Battery: 44% | Mode: GUIDED
2026-01-12 01:04:00 - DroneController - [INFO] - Reached home position, initiating landing
2026-01-12 01:04:02 - DroneController - [INFO] - State transition: MISSION_ACTIVE -> LANDING
2026-01-12 01:04:02 - DroneController - [INFO] - Setting mode to LAND (attempt 1)
2026-01-12 01:04:03 - DroneController - [INFO] - Mode changed to LAND
2026-01-12 01:04:03 - DroneController - [INFO] - Landing in progress
2026-01-12 01:04:03 - DroneController - [INFO] - Landing command sent
2026-01-12 01:04:09 - DroneController - [INFO] - Telemetry: 10056 msgs | GPS: (22.497749, 88.372470, 0.06m) | Battery: 42% | Mode: LAND
2026-01-12 01:04:18 - DroneController - [INFO] - Stopping controller...
2026-01-12 01:04:18 - DroneController - [INFO] - Telemetry loop stopped. Total messages: 11155
2026-01-12 01:04:18 - DroneController - [INFO] - Message type distribution: {'AHRS': 389, 'AHRS2': 388, 'ATTITUDE': 388, 'BATTERY_STATUS': 388, 'COMMAND_ACK': 2, 'EKF_STATUS_REPORT': 388, 'ESC_TELEMETRY_1_TO_4': 388, 'ESC_TELEMETRY_5_TO_8': 388, 'EXTENDED_SYS_STATE': 53, 'GLOBAL_POSITION_INT': 388, 'GPS_GLOBAL_ORIGIN': 1, 'GPS_RAW_INT': 388, 'HEARTBEAT': 54, 'HOME_POSITION': 54, 'LOCAL_POSITION_NED': 388, 'MEMINFO': 388, 'MISSION_CURRENT': 388, 'NAV_CONTROLLER_OUTPUT': 388, 'PARAM_VALUE': 8, 'POSITION_TARGET_GLOBAL_INT': 97, 'POWER_STATUS': 388, 'RAW_IMU': 388, 'RC_CHANNELS': 388, 'SCALED_IMU2': 388, 'SCALED_IMU3': 388, 'SCALED_PRESSURE': 388, 'SCALED_PRESSURE2': 388, 'SERVO_OUTPUT_RAW': 388, 'SIMSTATE': 388, 'STATUSTEXT': 5, 'SYSTEM_TIME': 388, 'SYS_STATUS': 388, 'TERRAIN_REPORT': 388, 'TIMESYNC': 6, 'UNKNOWN_437': 10, 'VFR_HUD': 388, 'VIBRATION': 388, 'WIND': 388}
2026-01-12 01:04:18 - DroneController - [INFO] - Mission controller stopped
2026-01-12 01:04:18 - DroneController - [INFO] - Command processor stopped
2026-01-12 01:04:19 - DroneController - [INFO] - Heartbeat monitor stopped
2026-01-12 01:04:19 - DroneController - [INFO] - Controller stopped
2026-01-15 02:19:19 - DroneController - [INFO] - Mission planner initialized with KML: /Users/trishit_debsharma/Documents/Code/NIDAR/NIDAR/spray_drone/data/JUxs.kml
2026-01-15 02:19:19 - DroneController - [WARNING] - GPIO not available - spray system disabled
2026-01-15 02:19:19 - DroneController - [INFO] - DroneController initialized with relay spray system
2026-01-15 02:19:19 - DroneController - [INFO] - Geofence mode: polygon
2026-01-15 02:19:19 - DroneController - [INFO] - Connecting to 127.0.0.1:14551
2026-01-15 02:19:19 - DroneController - [INFO] - Connection attempt 1/3...
2026-01-15 02:19:19 - DroneController - [INFO] - Waiting for heartbeat...
2026-01-15 02:19:19 - DroneController - [INFO] - Heartbeat from system 1, component 0
2026-01-15 02:19:19 - DroneController - [INFO] - Requesting data streams...
2026-01-15 02:19:19 - DroneController - [INFO] - Verifying data stream...
2026-01-15 02:19:19 - DroneController - [INFO] - Verifying data stream reception...
2026-01-15 02:19:20 - DroneController - [INFO] - ✓ All critical data streams verified
2026-01-15 02:19:20 - DroneController - [INFO] - Waiting for data streams to initialize...
2026-01-15 02:19:23 - DroneController - [INFO] - State transition: DISCONNECTED -> CONNECTED
2026-01-15 02:19:23 - DroneController - [INFO] - Telemetry log initialized: telemetry/telemetry_20260115_021923.csv
2026-01-15 02:19:23 - DroneController - [INFO] - ✓ Connection established and verified
2026-01-15 02:19:23 - DroneController - [INFO] - Telemetry loop started
2026-01-15 02:19:23 - DroneController - [INFO] - Heartbeat monitor started
2026-01-15 02:19:23 - DroneController - [INFO] - Command processor started
2026-01-15 02:19:23 - DroneController - [INFO] - ✓ First telemetry message received
2026-01-15 02:19:23 - DroneController - [INFO] - Mission controller started
2026-01-15 02:19:23 - DroneController - [INFO] - All threads started
2026-01-15 02:19:23 - DroneController - [INFO] - State transition: CONNECTED -> IDLE
2026-01-15 02:19:25 - DroneController - [INFO] - Loading mission with 7 points
2026-01-15 02:19:25 - DroneController - [INFO] - Starting and home position: lat=22.497895, lon=88.372299
2026-01-15 02:19:25 - DroneController - [INFO] - Mission validated: 2 waypoints
2026-01-15 02:19:25 - DroneController - [INFO] - Starting arm and takeoff to 3.0m
2026-01-15 02:19:25 - DroneController - [INFO] - Using polygon geofence from KML
2026-01-15 02:19:25 - DroneController - [INFO] - Setting mode to GUIDED (attempt 1)
2026-01-15 02:19:26 - DroneController - [INFO] - Mode changed to GUIDED
2026-01-15 02:19:26 - DroneController - [INFO] - State transition: IDLE -> ARMING
2026-01-15 02:19:26 - DroneController - [INFO] - Waiting for drone to become armable...
2026-01-15 02:19:26 - DroneController - [INFO] - ✓ Drone is armable
2026-01-15 02:19:26 - DroneController - [INFO] - Arming attempt 1/3
2026-01-15 02:19:26 - DroneController - [INFO] - Armed successfully
2026-01-15 02:19:26 - DroneController - [INFO] - State transition: ARMING -> ARMED
2026-01-15 02:19:26 - DroneController - [INFO] - State transition: ARMED -> TAKING_OFF
2026-01-15 02:19:26 - DroneController - [INFO] - Takeoff attempt 1/3
2026-01-15 02:19:26 - DroneController - [INFO] - Takeoff command accepted
2026-01-15 02:19:32 - DroneController - [INFO] - Target altitude reached: 2.56m
2026-01-15 02:19:32 - DroneController - [INFO] - Arm and takeoff complete
2026-01-15 02:19:32 - DroneController - [INFO] - State transition: TAKING_OFF -> ARMED
2026-01-15 02:19:32 - DroneController - [INFO] - Starting mission with 2 waypoints
2026-01-15 02:19:32 - DroneController - [INFO] - State transition: ARMED -> MISSION_ACTIVE
2026-01-15 02:19:32 - DroneController - [INFO] - Sending waypoint: (22.497764, 88.372255, 3.00)
2026-01-15 02:19:33 - DroneController - [INFO] - Telemetry: 2294 msgs | GPS: (22.497894, 88.372298, 2.92m) | Battery: 99% | Mode: GUIDED
2026-01-15 02:19:36 - DroneController - [INFO] - Waypoint 1/2 reached
2026-01-15 02:19:36 - DroneController - [INFO] - Starting spray at waypoint for 10.0s
2026-01-15 02:19:36 - DroneController - [INFO] - Spray ON (simulation - no GPIO)
2026-01-15 02:19:36 - DroneController - [INFO] - Started spraying for 10.0s
2026-01-15 02:19:36 - DroneController - [INFO] - Spraying for 10.0 seconds...
2026-01-15 02:19:43 - DroneController - [INFO] - Telemetry: 3491 msgs | GPS: (22.497763, 88.372255, 3.00m) | Battery: 96% | Mode: GUIDED
2026-01-15 02:19:46 - DroneController - [INFO] - Spray OFF (simulation - no GPIO)
2026-01-15 02:19:46 - DroneController - [INFO] - Spray completed - Duration: 10.0s
2026-01-15 02:19:46 - DroneController - [INFO] - Spray sequence completed at waypoint
2026-01-15 02:19:46 - DroneController - [INFO] - Next waypoint: 2 (22.498022, 88.372386)
2026-01-15 02:19:46 - DroneController - [INFO] - Sending waypoint: (22.498022, 88.372386, 3.00)
2026-01-15 02:19:53 - DroneController - [INFO] - Telemetry: 4684 msgs | GPS: (22.497994, 88.372372, 3.00m) | Battery: 94% | Mode: GUIDED
2026-01-15 02:19:53 - DroneController - [INFO] - Waypoint 2/2 reached
2026-01-15 02:19:53 - DroneController - [INFO] - Starting spray at waypoint for 10.0s
2026-01-15 02:19:53 - DroneController - [INFO] - Spray ON (simulation - no GPIO)
2026-01-15 02:19:53 - DroneController - [INFO] - Started spraying for 10.0s
2026-01-15 02:19:53 - DroneController - [INFO] - Spraying for 10.0 seconds...
2026-01-15 02:20:03 - DroneController - [INFO] - Telemetry: 5879 msgs | GPS: (22.498023, 88.372386, 3.00m) | Battery: 91% | Mode: GUIDED
2026-01-15 02:20:03 - DroneController - [INFO] - Spray OFF (simulation - no GPIO)
2026-01-15 02:20:03 - DroneController - [INFO] - Spray completed - Duration: 10.1s
2026-01-15 02:20:03 - DroneController - [INFO] - Spray sequence completed at waypoint
2026-01-15 02:20:03 - DroneController - [INFO] - All waypoints reached
2026-01-15 02:20:04 - DroneController - [INFO] - Returning to home and landing
2026-01-15 02:20:04 - DroneController - [INFO] - Sending waypoint: (22.497895, 88.372299, 3.00)
2026-01-15 02:20:10 - DroneController - [INFO] - Reached home position, initiating landing
2026-01-15 02:20:12 - DroneController - [INFO] - State transition: MISSION_ACTIVE -> LANDING
2026-01-15 02:20:12 - DroneController - [INFO] - Setting mode to LAND (attempt 1)
2026-01-15 02:20:13 - DroneController - [INFO] - Telemetry: 7073 msgs | GPS: (22.497893, 88.372298, 2.89m) | Battery: 89% | Mode: LAND
2026-01-15 02:20:13 - DroneController - [INFO] - Mode changed to LAND
2026-01-15 02:20:13 - DroneController - [INFO] - Landing in progress
2026-01-15 02:20:13 - DroneController - [INFO] - Landing command sent
2026-01-15 02:20:23 - DroneController - [INFO] - Telemetry: 8236 msgs | GPS: (22.497894, 88.372299, -0.01m) | Battery: 88% | Mode: LAND
2026-01-15 02:20:28 - DroneController - [INFO] - Stopping controller...
2026-01-15 02:20:28 - DroneController - [INFO] - Heartbeat monitor stopped
2026-01-15 02:20:28 - DroneController - [INFO] - Mission controller stopped
2026-01-15 02:20:28 - DroneController - [INFO] - Telemetry loop stopped. Total messages: 8838
2026-01-15 02:20:28 - DroneController - [INFO] - Message type distribution: {'AHRS': 302, 'AHRS2': 301, 'ATTITUDE': 301, 'BATTERY_STATUS': 301, 'COMMAND_ACK': 2, 'EKF_STATUS_REPORT': 301, 'ESC_TELEMETRY_1_TO_4': 301, 'ESC_TELEMETRY_5_TO_8': 301, 'EXTENDED_SYS_STATE': 69, 'GLOBAL_POSITION_INT': 301, 'GPS_GLOBAL_ORIGIN': 1, 'GPS_RAW_INT': 301, 'HEARTBEAT': 70, 'HOME_POSITION': 70, 'LOCAL_POSITION_NED': 301, 'MEMINFO': 301, 'MISSION_CURRENT': 301, 'NAV_CONTROLLER_OUTPUT': 301, 'PARAM_VALUE': 11, 'POSITION_TARGET_GLOBAL_INT': 160, 'POWER_STATUS': 301, 'RAW_IMU': 301, 'RC_CHANNELS': 301, 'SCALED_IMU2': 301, 'SCALED_IMU3': 301, 'SCALED_PRESSURE': 301, 'SCALED_PRESSURE2': 301, 'SERVO_OUTPUT_RAW': 301, 'SIMSTATE': 301, 'STATUSTEXT': 5, 'SYSTEM_TIME': 301, 'SYS_STATUS': 301, 'TERRAIN_REPORT': 301, 'TIMESYNC': 7, 'UNKNOWN_437': 14, 'VFR_HUD': 301, 'VIBRATION': 301, 'WIND': 301}
2026-01-15 02:20:28 - DroneController - [INFO] - Command processor stopped
2026-01-15 02:20:28 - DroneController - [INFO] - Controller stopped
2026-01-15 02:22:03 - DroneController - [INFO] - Mission planner initialized with KML: /Users/trishit_debsharma/Documents/Code/NIDAR/NIDAR/spray_drone/data/JUxs.kml
2026-01-15 02:22:03 - DroneController - [WARNING] - GPIO not available - spray system disabled
2026-01-15 02:22:03 - DroneController - [INFO] - DroneController initialized with relay spray system
2026-01-15 02:22:03 - DroneController - [INFO] - Geofence mode: polygon
2026-01-15 02:22:03 - DroneController - [INFO] - Connecting to 127.0.0.1:14551
2026-01-15 02:22:03 - DroneController - [INFO] - Connection attempt 1/3...
2026-01-15 02:22:03 - DroneController - [INFO] - Waiting for heartbeat...
2026-01-15 02:22:03 - DroneController - [INFO] - Heartbeat from system 1, component 0
2026-01-15 02:22:03 - DroneController - [INFO] - Requesting data streams...
2026-01-15 02:22:03 - DroneController - [INFO] - Verifying data stream...
2026-01-15 02:22:03 - DroneController - [INFO] - Verifying data stream reception...
2026-01-15 02:22:04 - DroneController - [INFO] - ✓ All critical data streams verified
2026-01-15 02:22:04 - DroneController - [INFO] - Waiting for data streams to initialize...
2026-01-15 02:22:07 - DroneController - [INFO] - State transition: DISCONNECTED -> CONNECTED
2026-01-15 02:22:07 - DroneController - [INFO] - Telemetry log initialized: telemetry/telemetry_20260115_022207.csv
2026-01-15 02:22:07 - DroneController - [INFO] - ✓ Connection established and verified
2026-01-15 02:22:07 - DroneController - [INFO] - Telemetry loop started
2026-01-15 02:22:07 - DroneController - [INFO] - Heartbeat monitor started
2026-01-15 02:22:07 - DroneController - [INFO] - Command processor started
2026-01-15 02:22:07 - DroneController - [INFO] - ✓ First telemetry message received
2026-01-15 02:22:07 - DroneController - [INFO] - Mission controller started
2026-01-15 02:22:07 - DroneController - [INFO] - All threads started
2026-01-15 02:22:07 - DroneController - [INFO] - State transition: CONNECTED -> IDLE
2026-01-15 02:22:09 - DroneController - [INFO] - Loading mission with 7 points
2026-01-15 02:22:09 - DroneController - [INFO] - Starting and home position: lat=22.497894, lon=88.372299
2026-01-15 02:22:09 - DroneController - [INFO] - Mission validated: 2 waypoints
2026-01-15 02:22:09 - DroneController - [INFO] - Starting arm and takeoff to 3.0m
2026-01-15 02:22:09 - DroneController - [INFO] - Using polygon geofence from KML
2026-01-15 02:22:09 - DroneController - [INFO] - Setting mode to GUIDED (attempt 1)
2026-01-15 02:22:10 - DroneController - [INFO] - Mode changed to GUIDED
2026-01-15 02:22:10 - DroneController - [INFO] - State transition: IDLE -> ARMING
2026-01-15 02:22:10 - DroneController - [INFO] - Waiting for drone to become armable...
2026-01-15 02:22:10 - DroneController - [INFO] - ✓ Drone is armable
2026-01-15 02:22:10 - DroneController - [INFO] - Arming attempt 1/3
2026-01-15 02:22:10 - DroneController - [INFO] - Armed successfully
2026-01-15 02:22:10 - DroneController - [INFO] - State transition: ARMING -> ARMED
2026-01-15 02:22:10 - DroneController - [INFO] - State transition: ARMED -> TAKING_OFF
2026-01-15 02:22:10 - DroneController - [INFO] - Takeoff attempt 1/3
2026-01-15 02:22:10 - DroneController - [INFO] - Takeoff command accepted
2026-01-15 02:22:17 - DroneController - [INFO] - Target altitude reached: 2.89m
2026-01-15 02:22:17 - DroneController - [INFO] - Arm and takeoff complete
2026-01-15 02:22:17 - DroneController - [INFO] - State transition: TAKING_OFF -> ARMED
2026-01-15 02:22:17 - DroneController - [INFO] - Starting mission with 2 waypoints
2026-01-15 02:22:17 - DroneController - [INFO] - State transition: ARMED -> MISSION_ACTIVE
2026-01-15 02:22:17 - DroneController - [INFO] - Sending waypoint: (22.497764, 88.372255, 3.00)
2026-01-15 02:22:17 - DroneController - [INFO] - Telemetry: 2768 msgs | GPS: (22.497894, 88.372299, 2.98m) | Battery: 87% | Mode: GUIDED
2026-01-15 02:22:21 - DroneController - [INFO] - Waypoint 1/2 reached
2026-01-15 02:22:21 - DroneController - [INFO] - Starting spray at waypoint for 10.0s
2026-01-15 02:22:21 - DroneController - [INFO] - Spray ON (simulation - no GPIO)
2026-01-15 02:22:21 - DroneController - [INFO] - Started spraying for 10.0s
2026-01-15 02:22:21 - DroneController - [INFO] - Spraying for 10.0 seconds...
2026-01-15 02:22:27 - DroneController - [INFO] - Telemetry: 3965 msgs | GPS: (22.497763, 88.372255, 3.00m) | Battery: 84% | Mode: GUIDED
2026-01-15 02:22:31 - DroneController - [INFO] - Spray OFF (simulation - no GPIO)
2026-01-15 02:22:31 - DroneController - [INFO] - Spray completed - Duration: 10.0s
2026-01-15 02:22:31 - DroneController - [INFO] - Spray sequence completed at waypoint
2026-01-15 02:22:31 - DroneController - [INFO] - Next waypoint: 2 (22.498022, 88.372386)
2026-01-15 02:22:31 - DroneController - [INFO] - Sending waypoint: (22.498022, 88.372386, 3.00)
2026-01-15 02:22:37 - DroneController - [INFO] - Telemetry: 5157 msgs | GPS: (22.497980, 88.372365, 3.00m) | Battery: 82% | Mode: GUIDED
2026-01-15 02:22:38 - DroneController - [INFO] - Waypoint 2/2 reached
2026-01-15 02:22:38 - DroneController - [INFO] - Starting spray at waypoint for 10.0s
2026-01-15 02:22:38 - DroneController - [INFO] - Spray ON (simulation - no GPIO)
2026-01-15 02:22:38 - DroneController - [INFO] - Spraying for 10.0 seconds...
2026-01-15 02:22:38 - DroneController - [INFO] - Started spraying for 10.0s
2026-01-15 02:22:47 - DroneController - [INFO] - Telemetry: 6351 msgs | GPS: (22.498023, 88.372386, 3.00m) | Battery: 79% | Mode: GUIDED
2026-01-15 02:22:48 - DroneController - [INFO] - Spray OFF (simulation - no GPIO)
2026-01-15 02:22:48 - DroneController - [INFO] - Spray completed - Duration: 10.1s
2026-01-15 02:22:48 - DroneController - [INFO] - Spray sequence completed at waypoint
2026-01-15 02:22:48 - DroneController - [INFO] - All waypoints reached
2026-01-15 02:22:49 - DroneController - [INFO] - Returning to home and landing
2026-01-15 02:22:49 - DroneController - [INFO] - Sending waypoint: (22.497894, 88.372299, 3.00)
2026-01-15 02:22:55 - DroneController - [INFO] - Reached home position, initiating landing
2026-01-15 02:22:57 - DroneController - [INFO] - State transition: MISSION_ACTIVE -> LANDING
2026-01-15 02:22:57 - DroneController - [INFO] - Setting mode to LAND (attempt 1)
2026-01-15 02:22:57 - DroneController - [INFO] - Telemetry: 7547 msgs | GPS: (22.497893, 88.372298, 2.98m) | Battery: 77% | Mode: LAND
2026-01-15 02:22:58 - DroneController - [INFO] - Mode changed to LAND
2026-01-15 02:22:58 - DroneController - [INFO] - Landing in progress
2026-01-15 02:22:58 - DroneController - [INFO] - Landing command sent
2026-01-15 02:23:07 - DroneController - [INFO] - Telemetry: 8706 msgs | GPS: (22.497894, 88.372299, 0.00m) | Battery: 76% | Mode: LAND
2026-01-15 02:23:13 - DroneController - [INFO] - Stopping controller...
2026-01-15 02:23:13 - DroneController - [INFO] - Mission controller stopped
2026-01-15 02:23:13 - DroneController - [INFO] - Telemetry loop stopped. Total messages: 9369
2026-01-15 02:23:13 - DroneController - [INFO] - Message type distribution: {'AHRS': 321, 'AHRS2': 320, 'ATTITUDE': 320, 'BATTERY_STATUS': 320, 'COMMAND_ACK': 2, 'EKF_STATUS_REPORT': 320, 'ESC_TELEMETRY_1_TO_4': 320, 'ESC_TELEMETRY_5_TO_8': 320, 'EXTENDED_SYS_STATE': 69, 'GLOBAL_POSITION_INT': 320, 'GPS_GLOBAL_ORIGIN': 1, 'GPS_RAW_INT': 320, 'HEARTBEAT': 70, 'HOME_POSITION': 70, 'LOCAL_POSITION_NED': 320, 'MEMINFO': 320, 'MISSION_CURRENT': 320, 'NAV_CONTROLLER_OUTPUT': 320, 'PARAM_VALUE': 11, 'POSITION_TARGET_GLOBAL_INT': 160, 'POWER_STATUS': 320, 'RAW_IMU': 320, 'RC_CHANNELS': 320, 'SCALED_IMU2': 320, 'SCALED_IMU3': 320, 'SCALED_PRESSURE': 320, 'SCALED_PRESSURE2': 320, 'SERVO_OUTPUT_RAW': 320, 'SIMSTATE': 320, 'STATUSTEXT': 5, 'SYSTEM_TIME': 320, 'SYS_STATUS': 320, 'TERRAIN_REPORT': 320, 'TIMESYNC': 7, 'UNKNOWN_437': 13, 'VFR_HUD': 320, 'VIBRATION': 320, 'WIND': 320}
2026-01-15 02:23:13 - DroneController - [INFO] - Command processor stopped
2026-01-15 02:23:13 - DroneController - [INFO] - Heartbeat monitor stopped
2026-01-15 02:23:13 - DroneController - [INFO] - Controller stopped
2026-01-15 02:23:23 - DroneController - [INFO] - Mission planner initialized with KML: /Users/trishit_debsharma/Documents/Code/NIDAR/NIDAR/spray_drone/data/JUxs.kml
2026-01-15 02:23:23 - DroneController - [WARNING] - GPIO not available - spray system disabled
2026-01-15 02:23:23 - DroneController - [INFO] - DroneController initialized with relay spray system
2026-01-15 02:23:23 - DroneController - [INFO] - Geofence mode: polygon
2026-01-15 02:23:23 - DroneController - [INFO] - Connecting to 127.0.0.1:14551
2026-01-15 02:23:23 - DroneController - [INFO] - Connection attempt 1/3...
2026-01-15 02:23:23 - DroneController - [INFO] - Waiting for heartbeat...
2026-01-15 02:23:23 - DroneController - [INFO] - Heartbeat from system 1, component 0
2026-01-15 02:23:23 - DroneController - [INFO] - Requesting data streams...
2026-01-15 02:23:23 - DroneController - [INFO] - Verifying data stream...
2026-01-15 02:23:23 - DroneController - [INFO] - Verifying data stream reception...
2026-01-15 02:23:24 - DroneController - [INFO] - ✓ All critical data streams verified
2026-01-15 02:23:24 - DroneController - [INFO] - Waiting for data streams to initialize...
2026-01-15 02:23:27 - DroneController - [INFO] - State transition: DISCONNECTED -> CONNECTED
2026-01-15 02:23:27 - DroneController - [INFO] - Telemetry log initialized: telemetry/telemetry_20260115_022327.csv
2026-01-15 02:23:27 - DroneController - [INFO] - ✓ Connection established and verified
2026-01-15 02:23:27 - DroneController - [INFO] - Telemetry loop started
2026-01-15 02:23:27 - DroneController - [INFO] - Heartbeat monitor started
2026-01-15 02:23:27 - DroneController - [INFO] - ✓ First telemetry message received
2026-01-15 02:23:27 - DroneController - [INFO] - Command processor started
2026-01-15 02:23:27 - DroneController - [INFO] - Mission controller started
2026-01-15 02:23:27 - DroneController - [INFO] - All threads started
2026-01-15 02:23:27 - DroneController - [INFO] - State transition: CONNECTED -> IDLE
2026-01-15 02:23:29 - DroneController - [INFO] - Loading mission with 7 points
2026-01-15 02:23:29 - DroneController - [INFO] - Starting and home position: lat=22.497894, lon=88.372299
2026-01-15 02:23:29 - DroneController - [INFO] - Mission validated: 2 waypoints
2026-01-15 02:23:29 - DroneController - [INFO] - Starting arm and takeoff to 3.0m
2026-01-15 02:23:29 - DroneController - [INFO] - Using polygon geofence from KML
2026-01-15 02:23:29 - DroneController - [INFO] - Setting mode to GUIDED (attempt 1)
2026-01-15 02:23:30 - DroneController - [INFO] - Mode changed to GUIDED
2026-01-15 02:23:30 - DroneController - [INFO] - State transition: IDLE -> ARMING
2026-01-15 02:23:30 - DroneController - [INFO] - Waiting for drone to become armable...
2026-01-15 02:23:30 - DroneController - [INFO] - ✓ Drone is armable
2026-01-15 02:23:30 - DroneController - [INFO] - Arming attempt 1/3
2026-01-15 02:23:30 - DroneController - [INFO] - Armed successfully
2026-01-15 02:23:30 - DroneController - [INFO] - State transition: ARMING -> ARMED
2026-01-15 02:23:30 - DroneController - [INFO] - State transition: ARMED -> TAKING_OFF
2026-01-15 02:23:30 - DroneController - [INFO] - Takeoff attempt 1/3
2026-01-15 02:23:30 - DroneController - [INFO] - Takeoff command accepted
2026-01-15 02:23:36 - DroneController - [INFO] - Target altitude reached: 2.59m
2026-01-15 02:23:36 - DroneController - [INFO] - Arm and takeoff complete
2026-01-15 02:23:36 - DroneController - [INFO] - State transition: TAKING_OFF -> ARMED
2026-01-15 02:23:36 - DroneController - [INFO] - Starting mission with 2 waypoints
2026-01-15 02:23:36 - DroneController - [INFO] - State transition: ARMED -> MISSION_ACTIVE
2026-01-15 02:23:36 - DroneController - [INFO] - Sending waypoint: (22.497764, 88.372255, 3.00)
2026-01-15 02:23:37 - DroneController - [INFO] - Telemetry: 7265 msgs | GPS: (22.497893, 88.372298, 2.91m) | Battery: 75% | Mode: GUIDED
2026-01-15 02:23:40 - DroneController - [INFO] - Waypoint 1/2 reached
2026-01-15 02:23:40 - DroneController - [INFO] - Starting spray at waypoint for 10.0s
2026-01-15 02:23:40 - DroneController - [INFO] - Spray ON (simulation - no GPIO)
2026-01-15 02:23:40 - DroneController - [INFO] - Started spraying for 10.0s
2026-01-15 02:23:40 - DroneController - [INFO] - Spraying for 10.0 seconds...
2026-01-15 02:23:47 - DroneController - [INFO] - Telemetry: 8458 msgs | GPS: (22.497764, 88.372255, 3.00m) | Battery: 72% | Mode: GUIDED
2026-01-15 02:23:50 - DroneController - [INFO] - Spray OFF (simulation - no GPIO)
2026-01-15 02:23:50 - DroneController - [INFO] - Spray completed - Duration: 10.1s
2026-01-15 02:23:51 - DroneController - [INFO] - Spray sequence completed at waypoint
2026-01-15 02:23:51 - DroneController - [INFO] - Next waypoint: 2 (22.498022, 88.372386)
2026-01-15 02:23:51 - DroneController - [INFO] - Sending waypoint: (22.498022, 88.372386, 3.00)
2026-01-15 02:23:51 - DroneController - [ERROR] - Geofence violation: Altitude too low: 0.20m < 0.5m
2026-01-15 02:23:51 - DroneController - [CRITICAL] - Emergency RTL triggered
2026-01-15 02:23:51 - DroneController - [INFO] - State transition: MISSION_ACTIVE -> RETURNING_HOME
2026-01-15 02:23:51 - DroneController - [INFO] - Returning to home (22.497894, 88.372299) before landing
2026-01-15 02:23:51 - DroneController - [INFO] - Sending waypoint: (22.497894, 88.372299, 0.20)
2026-01-15 02:23:52 - DroneController - [INFO] - Returning to home and landing
2026-01-15 02:23:52 - DroneController - [INFO] - Sending waypoint: (22.497894, 88.372299, 0.20)
2026-01-15 02:23:57 - DroneController - [INFO] - Telemetry: 9620 msgs | GPS: (22.497764, 88.372255, 0.17m) | Battery: 72% | Mode: STABILIZE
2026-01-15 02:24:07 - DroneController - [INFO] - Telemetry: 10775 msgs | GPS: (22.497764, 88.372255, 0.11m) | Battery: 72% | Mode: STABILIZE
2026-01-15 02:24:17 - DroneController - [INFO] - Telemetry: 11928 msgs | GPS: (22.497764, 88.372255, 0.10m) | Battery: 72% | Mode: STABILIZE
2026-01-15 02:24:19 - DroneController - [CRITICAL] - EMERGENCY STOP
2026-01-15 02:24:25 - DroneController - [INFO] - Stopping controller...
2026-01-15 02:24:25 - DroneController - [INFO] - Telemetry loop stopped. Total messages: 12855
2026-01-15 02:24:25 - DroneController - [INFO] - Message type distribution: {'AHRS': 450, 'AHRS2': 449, 'ATTITUDE': 449, 'BATTERY_STATUS': 449, 'COMMAND_ACK': 3, 'EKF_STATUS_REPORT': 449, 'ESC_TELEMETRY_1_TO_4': 449, 'ESC_TELEMETRY_5_TO_8': 449, 'EXTENDED_SYS_STATE': 62, 'GLOBAL_POSITION_INT': 449, 'GPS_GLOBAL_ORIGIN': 1, 'GPS_RAW_INT': 449, 'HEARTBEAT': 63, 'HOME_POSITION': 63, 'LOCAL_POSITION_NED': 449, 'MEMINFO': 449, 'MISSION_CURRENT': 449, 'NAV_CONTROLLER_OUTPUT': 449, 'PARAM_VALUE': 9, 'POSITION_TARGET_GLOBAL_INT': 58, 'POWER_STATUS': 449, 'RAW_IMU': 449, 'RC_CHANNELS': 449, 'SCALED_IMU2': 449, 'SCALED_IMU3': 449, 'SCALED_PRESSURE': 449, 'SCALED_PRESSURE2': 449, 'SERVO_OUTPUT_RAW': 449, 'SIMSTATE': 449, 'STATUSTEXT': 5, 'SYSTEM_TIME': 449, 'SYS_STATUS': 449, 'TERRAIN_REPORT': 449, 'TIMESYNC': 6, 'UNKNOWN_437': 12, 'VFR_HUD': 449, 'VIBRATION': 449, 'WIND': 449}
2026-01-15 02:24:25 - DroneController - [INFO] - Heartbeat monitor stopped
2026-01-15 02:24:25 - DroneController - [INFO] - Command processor stopped
2026-01-15 02:44:38 - DroneController - [INFO] - Mission planner initialized with KML: /Users/trishit_debsharma/Documents/Code/NIDAR/NIDAR/spray_drone/data/GBULcircle.kml
2026-01-15 02:44:38 - DroneController - [WARNING] - GPIO not available - spray system disabled
2026-01-15 02:44:38 - DroneController - [INFO] - DroneController initialized with relay spray system
2026-01-15 02:44:38 - DroneController - [INFO] - Geofence mode: polygon
2026-01-15 02:44:38 - DroneController - [INFO] - Connecting to 127.0.0.1:14551
2026-01-15 02:44:38 - DroneController - [INFO] - Connection attempt 1/3...
2026-01-15 02:44:38 - DroneController - [INFO] - Waiting for heartbeat...
2026-01-15 02:44:39 - DroneController - [INFO] - Heartbeat from system 1, component 0
2026-01-15 02:44:39 - DroneController - [INFO] - Requesting data streams...
2026-01-15 02:44:39 - DroneController - [INFO] - Verifying data stream...
2026-01-15 02:44:39 - DroneController - [INFO] - Verifying data stream reception...
2026-01-15 02:44:40 - DroneController - [INFO] - ✓ All critical data streams verified
2026-01-15 02:44:40 - DroneController - [INFO] - Waiting for data streams to initialize...
2026-01-15 02:44:43 - DroneController - [INFO] - State transition: DISCONNECTED -> CONNECTED
2026-01-15 02:44:43 - DroneController - [INFO] - Telemetry log initialized: telemetry/telemetry_20260115_024443.csv
2026-01-15 02:44:43 - DroneController - [INFO] - ✓ Connection established and verified
2026-01-15 02:44:43 - DroneController - [INFO] - Telemetry loop started
2026-01-15 02:44:43 - DroneController - [INFO] - Heartbeat monitor started
2026-01-15 02:44:43 - DroneController - [INFO] - Command processor started
2026-01-15 02:44:43 - DroneController - [INFO] - Mission controller started
2026-01-15 02:44:43 - DroneController - [INFO] - ✓ First telemetry message received
2026-01-15 02:44:43 - DroneController - [INFO] - All threads started
2026-01-15 02:44:43 - DroneController - [INFO] - State transition: CONNECTED -> IDLE
2026-01-15 02:44:45 - DroneController - [INFO] - Loading mission with 4 points
2026-01-15 02:44:45 - DroneController - [INFO] - Starting and home position: lat=28.423520, lon=77.527510
2026-01-15 02:44:45 - DroneController - [INFO] - Mission validated: 4 waypoints
2026-01-15 02:44:45 - DroneController - [INFO] - Starting arm and takeoff to 3.0m
2026-01-15 02:44:45 - DroneController - [INFO] - Home set: 28.423520, 77.527510
2026-01-15 02:44:45 - DroneController - [INFO] - Using polygon geofence from KML
2026-01-15 02:44:45 - DroneController - [INFO] - Setting mode to GUIDED (attempt 1)
2026-01-15 02:44:46 - DroneController - [INFO] - Mode changed to GUIDED
2026-01-15 02:44:46 - DroneController - [INFO] - State transition: IDLE -> ARMING
2026-01-15 02:44:46 - DroneController - [INFO] - Waiting for drone to become armable...
2026-01-15 02:44:46 - DroneController - [INFO] - ✓ Drone is armable
2026-01-15 02:44:46 - DroneController - [INFO] - Arming attempt 1/3
2026-01-15 02:44:46 - DroneController - [INFO] - Armed successfully
2026-01-15 02:44:46 - DroneController - [INFO] - State transition: ARMING -> ARMED
2026-01-15 02:44:48 - DroneController - [INFO] - State transition: ARMED -> TAKING_OFF
2026-01-15 02:44:48 - DroneController - [INFO] - Takeoff attempt 1/3
2026-01-15 02:44:48 - DroneController - [INFO] - Takeoff command accepted
2026-01-15 02:44:52 - DroneController - [INFO] - Target altitude reached: 2.58m
2026-01-15 02:44:52 - DroneController - [INFO] - Arm and takeoff complete
2026-01-15 02:44:52 - DroneController - [INFO] - State transition: TAKING_OFF -> ARMED
2026-01-15 02:44:52 - DroneController - [INFO] - Starting mission with 4 waypoints
2026-01-15 02:44:52 - DroneController - [INFO] - State transition: ARMED -> MISSION_ACTIVE
2026-01-15 02:44:52 - DroneController - [INFO] - Sending waypoint: (28.424174, 77.527194, 3.00)
2026-01-15 02:44:53 - DroneController - [INFO] - Telemetry: 5809 msgs | GPS: (28.423523, 77.527508, 2.91m) | Battery: 99% | Mode: GUIDED
2026-01-15 02:45:03 - DroneController - [INFO] - Telemetry: 7266 msgs | GPS: (28.424124, 77.527218, 3.00m) | Battery: 96% | Mode: GUIDED
2026-01-15 02:45:03 - DroneController - [INFO] - Waypoint 1/4 reached
2026-01-15 02:45:03 - DroneController - [INFO] - Starting spray at waypoint for 10.0s
2026-01-15 02:45:03 - DroneController - [INFO] - Spray ON (simulation - no GPIO)
2026-01-15 02:45:03 - DroneController - [INFO] - Started spraying for 10.0s
2026-01-15 02:45:03 - DroneController - [INFO] - Spraying for 10.0 seconds...
2026-01-15 02:45:13 - DroneController - [INFO] - Telemetry: 8468 msgs | GPS: (28.424174, 77.527193, 2.99m) | Battery: 94% | Mode: GUIDED
2026-01-15 02:45:13 - DroneController - [INFO] - Spray OFF (simulation - no GPIO)
2026-01-15 02:45:13 - DroneController - [INFO] - Spray completed - Duration: 10.1s
2026-01-15 02:45:14 - DroneController - [INFO] - Spray sequence completed at waypoint
2026-01-15 02:45:14 - DroneController - [INFO] - Next waypoint: 2 (28.424479, 77.527267)
2026-01-15 02:45:14 - DroneController - [INFO] - Sending waypoint: (28.424479, 77.527267, 3.00)
2026-01-15 02:45:20 - DroneController - [INFO] - Waypoint 2/4 reached
2026-01-15 02:45:20 - DroneController - [INFO] - Starting spray at waypoint for 10.0s
2026-01-15 02:45:20 - DroneController - [INFO] - Spray ON (simulation - no GPIO)
2026-01-15 02:45:20 - DroneController - [INFO] - Started spraying for 10.0s
2026-01-15 02:45:20 - DroneController - [INFO] - Spraying for 10.0 seconds...
2026-01-15 02:45:23 - DroneController - [INFO] - Telemetry: 9662 msgs | GPS: (28.424485, 77.527269, 3.00m) | Battery: 91% | Mode: GUIDED
2026-01-15 02:45:30 - DroneController - [INFO] - Spray OFF (simulation - no GPIO)
2026-01-15 02:45:30 - DroneController - [INFO] - Spray completed - Duration: 10.0s
2026-01-15 02:45:30 - DroneController - [INFO] - Spray sequence completed at waypoint
2026-01-15 02:45:30 - DroneController - [INFO] - Next waypoint: 3 (28.424439, 77.527562)
2026-01-15 02:45:30 - DroneController - [INFO] - Sending waypoint: (28.424439, 77.527562, 3.00)
2026-01-15 02:45:33 - DroneController - [INFO] - Telemetry: 10855 msgs | GPS: (28.424474, 77.527309, 3.00m) | Battery: 89% | Mode: GUIDED
2026-01-15 02:45:35 - DroneController - [CRITICAL] - EMERGENCY STOP
2026-01-15 02:45:35 - DroneController - [CRITICAL] - Emergency land triggered
2026-01-15 02:45:35 - DroneController - [INFO] - State transition: MISSION_ACTIVE -> LANDING
2026-01-15 02:45:35 - DroneController - [INFO] - Setting mode to LAND (attempt 1)
2026-01-15 02:45:36 - DroneController - [INFO] - Mode changed to LAND
2026-01-15 02:45:36 - DroneController - [INFO] - Landing in progress
2026-01-15 02:45:40 - DroneController - [ERROR] - Geofence violation: Altitude too low: 0.50m < 0.5m
2026-01-15 02:45:40 - DroneController - [CRITICAL] - Emergency RTL triggered
2026-01-15 02:45:40 - DroneController - [INFO] - State transition: LANDING -> RETURNING_HOME
2026-01-15 02:45:40 - DroneController - [INFO] - Returning to home (28.423520, 77.527510) before landing
2026-01-15 02:45:40 - DroneController - [INFO] - Sending waypoint: (28.423520, 77.527510, 0.50)
2026-01-15 02:45:43 - DroneController - [INFO] - Telemetry: 12023 msgs | GPS: (28.424445, 77.527522, 0.50m) | Battery: 87% | Mode: LAND
2026-01-15 02:45:45 - DroneController - [INFO] - Stopping controller...
2026-01-15 02:45:45 - DroneController - [INFO] - Telemetry loop stopped. Total messages: 12253
2026-01-15 02:45:45 - DroneController - [INFO] - Message type distribution: {'AHRS': 246, 'AHRS2': 480, 'ATTITUDE': 480, 'BATTERY_STATUS': 246, 'COMMAND_ACK': 4, 'EKF_STATUS_REPORT': 246, 'ESC_TELEMETRY_1_TO_4': 480, 'ESC_TELEMETRY_5_TO_8': 480, 'EXTENDED_SYS_STATE': 65, 'GLOBAL_POSITION_INT': 480, 'GPS_GLOBAL_ORIGIN': 1, 'GPS_RAW_INT': 480, 'HEARTBEAT': 67, 'HOME_POSITION': 66, 'LOCAL_POSITION_NED': 480, 'MEMINFO': 480, 'MISSION_CURRENT': 480, 'NAV_CONTROLLER_OUTPUT': 480, 'PARAM_VALUE': 9, 'POSITION_TARGET_GLOBAL_INT': 198, 'POWER_STATUS': 480, 'RAW_IMU': 480, 'RC_CHANNELS': 480, 'SCALED_IMU2': 480, 'SCALED_IMU3': 480, 'SCALED_PRESSURE': 480, 'SCALED_PRESSURE2': 480, 'SERVO_OUTPUT_RAW': 480, 'SIMSTATE': 480, 'STATUSTEXT': 5, 'SYSTEM_TIME': 246, 'SYS_STATUS': 480, 'TERRAIN_REPORT': 246, 'TERRAIN_REQUEST': 17, 'TIMESYNC': 6, 'UNKNOWN_437': 13, 'VFR_HUD': 480, 'VIBRATION': 246, 'WIND': 246}
2026-01-15 02:45:45 - DroneController - [INFO] - Heartbeat monitor stopped
2026-01-15 02:45:45 - DroneController - [INFO] - Command processor stopped
2026-01-15 02:45:47 - DroneController - [INFO] - Controller stopped
2026-01-15 02:56:16 - DroneController - [INFO] - Mission planner initialized with KML: /Users/trishit_debsharma/Documents/Code/NIDAR/NIDAR/spray_drone/data/GBULcircle.kml
2026-01-15 02:56:16 - DroneController - [WARNING] - GPIO not available - spray system disabled
2026-01-15 02:56:16 - DroneController - [INFO] - DroneController initialized with relay spray system
2026-01-15 02:56:16 - DroneController - [INFO] - Geofence mode: polygon
2026-01-15 02:56:16 - DroneController - [INFO] - Connecting to 127.0.0.1:14551
2026-01-15 02:56:16 - DroneController - [INFO] - Connection attempt 1/3...
2026-01-15 02:56:16 - DroneController - [INFO] - Waiting for heartbeat...
2026-01-15 02:56:17 - DroneController - [INFO] - Heartbeat from system 1, component 0
2026-01-15 02:56:17 - DroneController - [INFO] - Requesting data streams...
2026-01-15 02:56:17 - DroneController - [INFO] - Verifying data stream...
2026-01-15 02:56:17 - DroneController - [INFO] - Verifying data stream reception...
2026-01-15 02:56:18 - DroneController - [INFO] - ✓ All critical data streams verified
2026-01-15 02:56:18 - DroneController - [INFO] - Waiting for data streams to initialize...
2026-01-15 02:56:21 - DroneController - [INFO] - State transition: DISCONNECTED -> CONNECTED
2026-01-15 02:56:21 - DroneController - [INFO] - Telemetry log initialized: telemetry/telemetry_20260115_025621.csv
2026-01-15 02:56:21 - DroneController - [INFO] - ✓ Connection established and verified
2026-01-15 02:56:21 - DroneController - [INFO] - Telemetry loop started
2026-01-15 02:56:21 - DroneController - [INFO] - Heartbeat monitor started
2026-01-15 02:56:21 - DroneController - [INFO] - Command processor started
2026-01-15 02:56:21 - DroneController - [INFO] - ✓ First telemetry message received
2026-01-15 02:56:21 - DroneController - [INFO] - Mission controller started
2026-01-15 02:56:21 - DroneController - [INFO] - All threads started
2026-01-15 02:56:21 - DroneController - [INFO] - State transition: CONNECTED -> IDLE
2026-01-15 02:56:23 - DroneController - [INFO] - Loading mission with 4 points
2026-01-15 02:56:23 - DroneController - [INFO] - Starting and home position: lat=28.424446, lon=77.527524
2026-01-15 02:56:23 - DroneController - [INFO] - Mission validated: 4 waypoints
2026-01-15 02:56:23 - DroneController - [INFO] - Starting arm and takeoff to 3.0m
2026-01-15 02:56:23 - DroneController - [INFO] - Home set: 28.424446, 77.527524
2026-01-15 02:56:23 - DroneController - [INFO] - Using polygon geofence from KML
2026-01-15 02:56:23 - DroneController - [INFO] - Setting mode to GUIDED (attempt 1)
2026-01-15 02:56:24 - DroneController - [INFO] - Mode changed to GUIDED
2026-01-15 02:56:24 - DroneController - [INFO] - State transition: IDLE -> ARMING
2026-01-15 02:56:24 - DroneController - [INFO] - Waiting for drone to become armable...
2026-01-15 02:56:24 - DroneController - [INFO] - ✓ Drone is armable
2026-01-15 02:56:24 - DroneController - [INFO] - Arming attempt 1/3
2026-01-15 02:56:24 - DroneController - [INFO] - Armed successfully
2026-01-15 02:56:24 - DroneController - [INFO] - State transition: ARMING -> ARMED
2026-01-15 02:56:26 - DroneController - [INFO] - State transition: ARMED -> TAKING_OFF
2026-01-15 02:56:26 - DroneController - [INFO] - Takeoff attempt 1/3
2026-01-15 02:56:26 - DroneController - [INFO] - Takeoff command accepted
2026-01-15 02:56:31 - DroneController - [INFO] - Target altitude reached: 2.81m
2026-01-15 02:56:31 - DroneController - [INFO] - Arm and takeoff complete
2026-01-15 02:56:31 - DroneController - [INFO] - State transition: TAKING_OFF -> ARMED
2026-01-15 02:56:31 - DroneController - [INFO] - Starting mission with 4 waypoints
2026-01-15 02:56:31 - DroneController - [INFO] - State transition: ARMED -> MISSION_ACTIVE
2026-01-15 02:56:31 - DroneController - [INFO] - Sending waypoint: (28.424439, 77.527562, 3.00)
2026-01-15 02:56:31 - DroneController - [INFO] - Telemetry: 4146 msgs | GPS: (28.424446, 77.527523, 3.00m) | Battery: 43% | Mode: GUIDED
2026-01-15 02:56:32 - DroneController - [INFO] - Waypoint 1/4 reached
2026-01-15 02:56:32 - DroneController - [INFO] - Starting spray at waypoint for 10.0s
2026-01-15 02:56:32 - DroneController - [INFO] - Spray ON (simulation - no GPIO)
2026-01-15 02:56:32 - DroneController - [INFO] - Spraying for 10.0 seconds...
2026-01-15 02:56:32 - DroneController - [INFO] - Started spraying for 10.0s
2026-01-15 02:56:41 - DroneController - [INFO] - Telemetry: 5339 msgs | GPS: (28.424439, 77.527562, 3.00m) | Battery: 41% | Mode: GUIDED
2026-01-15 02:56:42 - DroneController - [INFO] - Spray OFF (simulation - no GPIO)
2026-01-15 02:56:42 - DroneController - [INFO] - Spray completed - Duration: 10.1s
2026-01-15 02:56:42 - DroneController - [INFO] - Spray sequence completed at waypoint
2026-01-15 02:56:42 - DroneController - [INFO] - Next waypoint: 2 (28.424687, 77.527566)
2026-01-15 02:56:42 - DroneController - [INFO] - Sending waypoint: (28.424687, 77.527566, 3.00)
2026-01-15 02:56:48 - DroneController - [INFO] - Waypoint 2/4 reached
2026-01-15 02:56:48 - DroneController - [INFO] - Starting spray at waypoint for 10.0s
2026-01-15 02:56:48 - DroneController - [INFO] - Spray ON (simulation - no GPIO)
2026-01-15 02:56:48 - DroneController - [INFO] - Started spraying for 10.0s
2026-01-15 02:56:48 - DroneController - [INFO] - Spraying for 10.0 seconds...
2026-01-15 02:56:51 - DroneController - [INFO] - Telemetry: 6532 msgs | GPS: (28.424692, 77.527566, 3.00m) | Battery: 39% | Mode: GUIDED
2026-01-15 02:56:56 - DroneController - [CRITICAL] - EMERGENCY STOP
2026-01-15 02:56:56 - DroneController - [INFO] - Stopping spray...
2026-01-15 02:56:56 - DroneController - [INFO] - Spray OFF (simulation - no GPIO)
2026-01-15 02:56:56 - DroneController - [INFO] - Spray OFF (simulation - no GPIO)
2026-01-15 02:56:56 - DroneController - [INFO] - Spray completed - Duration: 7.5s
2026-01-15 02:56:56 - DroneController - [INFO] - Spray sequence completed at waypoint
2026-01-15 02:56:56 - DroneController - [INFO] - Next waypoint: 3 (28.424479, 77.527267)
2026-01-15 02:56:56 - DroneController - [INFO] - Sending waypoint: (28.424479, 77.527267, 3.00)
2026-01-15 02:56:56 - DroneController - [CRITICAL] - Emergency land triggered
2026-01-15 02:56:56 - DroneController - [INFO] - State transition: MISSION_ACTIVE -> LANDING
2026-01-15 02:56:56 - DroneController - [INFO] - Setting mode to LAND (attempt 1)
2026-01-15 02:56:57 - DroneController - [INFO] - Stopping controller...
2026-01-15 02:56:57 - DroneController - [INFO] - Telemetry loop stopped. Total messages: 7186
2026-01-15 02:56:57 - DroneController - [INFO] - Message type distribution: {'AHRS': 249, 'AHRS2': 248, 'ATTITUDE': 248, 'BATTERY_STATUS': 248, 'COMMAND_ACK': 2, 'EKF_STATUS_REPORT': 248, 'ESC_TELEMETRY_1_TO_4': 248, 'ESC_TELEMETRY_5_TO_8': 248, 'EXTENDED_SYS_STATE': 39, 'GLOBAL_POSITION_INT': 248, 'GPS_GLOBAL_ORIGIN': 1, 'GPS_RAW_INT': 248, 'HEARTBEAT': 40, 'HOME_POSITION': 40, 'LOCAL_POSITION_NED': 248, 'MEMINFO': 248, 'MISSION_CURRENT': 248, 'NAV_CONTROLLER_OUTPUT': 248, 'PARAM_VALUE': 4, 'POSITION_TARGET_GLOBAL_INT': 101, 'POWER_STATUS': 248, 'RAW_IMU': 248, 'RC_CHANNELS': 248, 'SCALED_IMU2': 248, 'SCALED_IMU3': 248, 'SCALED_PRESSURE': 248, 'SCALED_PRESSURE2': 248, 'SERVO_OUTPUT_RAW': 248, 'SIMSTATE': 248, 'STATUSTEXT': 3, 'SYSTEM_TIME': 248, 'SYS_STATUS': 248, 'TERRAIN_REPORT': 248, 'TIMESYNC': 4, 'UNKNOWN_437': 7, 'VFR_HUD': 248, 'VIBRATION': 248, 'WIND': 248}
2026-01-15 02:56:57 - DroneController - [INFO] - Command processor stopped
2026-01-15 02:56:57 - DroneController - [INFO] - Mode changed to LAND
2026-01-15 02:56:57 - DroneController - [INFO] - Landing in progress
2026-01-15 02:56:57 - DroneController - [INFO] - Mission controller stopped
2026-01-15 02:56:57 - DroneController - [INFO] - Heartbeat monitor stopped
2026-01-15 02:56:57 - DroneController - [INFO] - Controller stopped
2026-01-15 03:42:02 - DroneController - [INFO] - Mission planner initialized with KML: /Users/trishit_debsharma/Documents/Code/NIDAR/NIDAR/spray_drone/data/GBULcircle.kml
2026-01-15 03:42:02 - DroneController - [WARNING] - GPIO not available - spray system will run in simulation mode
2026-01-15 03:42:02 - DroneController - [INFO] - DroneController initialized with SprayController
2026-01-15 03:42:02 - DroneController - [INFO] - Geofence mode: polygon
2026-01-15 03:42:02 - DroneController - [INFO] - Connecting to 127.0.0.1:14551
2026-01-15 03:42:02 - DroneController - [INFO] - Connection attempt 1/3...
2026-01-15 03:42:02 - DroneController - [INFO] - Waiting for heartbeat...
2026-01-15 03:42:02 - DroneController - [INFO] - Heartbeat from system 1, component 0
2026-01-15 03:42:02 - DroneController - [INFO] - Requesting data streams...
2026-01-15 03:42:02 - DroneController - [INFO] - Verifying data stream...
2026-01-15 03:42:02 - DroneController - [INFO] - Verifying data stream reception...
2026-01-15 03:42:03 - DroneController - [INFO] - ✓ All critical data streams verified
2026-01-15 03:42:03 - DroneController - [INFO] - Waiting for data streams to initialize...
2026-01-15 03:42:06 - DroneController - [INFO] - State transition: DISCONNECTED -> CONNECTED
2026-01-15 03:42:06 - DroneController - [INFO] - Telemetry log initialized: telemetry/telemetry_20260115_034206.csv
2026-01-15 03:42:06 - DroneController - [INFO] - ✓ Connection established and verified
2026-01-15 03:42:06 - DroneController - [INFO] - Telemetry loop started
2026-01-15 03:42:06 - DroneController - [INFO] - Heartbeat monitor started
2026-01-15 03:42:06 - DroneController - [INFO] - Command processor started
2026-01-15 03:42:06 - DroneController - [INFO] - ✓ First telemetry message received
2026-01-15 03:42:06 - DroneController - [INFO] - Mission controller started
2026-01-15 03:42:06 - DroneController - [INFO] - All threads started
2026-01-15 03:42:06 - DroneController - [INFO] - State transition: CONNECTED -> IDLE
2026-01-15 03:42:08 - DroneController - [INFO] - Loading mission with 4 points
2026-01-15 03:42:08 - DroneController - [INFO] - Starting and home position: lat=28.423520, lon=77.527510
2026-01-15 03:42:08 - DroneController - [INFO] - Mission validated: 4 waypoints
2026-01-15 03:42:08 - DroneController - [INFO] - Starting arm and takeoff to 3.0m
2026-01-15 03:42:08 - DroneController - [INFO] - Home set: 28.423520, 77.527510
2026-01-15 03:42:08 - DroneController - [INFO] - Using polygon geofence from KML
2026-01-15 03:42:08 - DroneController - [INFO] - Setting mode to GUIDED (attempt 1)
2026-01-15 03:42:09 - DroneController - [INFO] - Mode changed to GUIDED
2026-01-15 03:42:09 - DroneController - [INFO] - State transition: IDLE -> ARMING
2026-01-15 03:42:09 - DroneController - [INFO] - Waiting for drone to become armable...
2026-01-15 03:42:09 - DroneController - [INFO] - ✓ Drone is armable
2026-01-15 03:42:09 - DroneController - [INFO] - Arming attempt 1/3
2026-01-15 03:42:09 - DroneController - [INFO] - Armed successfully
2026-01-15 03:42:09 - DroneController - [INFO] - State transition: ARMING -> ARMED
2026-01-15 03:42:11 - DroneController - [INFO] - State transition: ARMED -> TAKING_OFF
2026-01-15 03:42:11 - DroneController - [INFO] - Takeoff attempt 1/3
2026-01-15 03:42:11 - DroneController - [INFO] - Takeoff command accepted
2026-01-15 03:42:16 - DroneController - [INFO] - Target altitude reached: 2.76m
2026-01-15 03:42:16 - DroneController - [INFO] - Arm and takeoff complete
2026-01-15 03:42:16 - DroneController - [INFO] - State transition: TAKING_OFF -> ARMED
2026-01-15 03:42:16 - DroneController - [INFO] - Starting mission with 4 waypoints
2026-01-15 03:42:16 - DroneController - [INFO] - State transition: ARMED -> MISSION_ACTIVE
2026-01-15 03:42:16 - DroneController - [INFO] - Sending waypoint: (28.424174, 77.527194, 3.00)
2026-01-15 03:42:16 - DroneController - [INFO] - Telemetry: 2080 msgs | GPS: (28.423520, 77.527510, 2.98m) | Battery: 99% | Mode: GUIDED
2026-01-15 03:42:26 - DroneController - [INFO] - Telemetry: 3280 msgs | GPS: (28.424104, 77.527228, 3.00m) | Battery: 96% | Mode: GUIDED
2026-01-15 03:42:28 - DroneController - [INFO] - Waypoint 1/4 reached
2026-01-15 03:42:28 - DroneController - [INFO] - Starting continuous spiral spray pattern at waypoint
2026-01-15 03:42:28 - DroneController - [INFO] - Starting continuous spray for 96.0s spiral pattern
2026-01-15 03:42:28 - DroneController - [WARNING] - Duration 96.0s too long, using maximum 60.0s
2026-01-15 03:42:28 - DroneController - [INFO] - Spray ON (simulation mode - no GPIO)
2026-01-15 03:42:28 - DroneController - [INFO] - Started spraying for 60.0s
2026-01-15 03:42:28 - DroneController - [INFO] - Spraying for 60.0 seconds...
2026-01-15 03:42:28 - DroneController - [INFO] - Executing continuous spiral with 12 points
2026-01-15 03:42:28 - DroneController - [INFO] - Moving to spiral point 1/12: (28.424175, 77.527194)
2026-01-15 03:42:28 - DroneController - [INFO] - Sending waypoint: (28.424175, 77.527194, 3.00)
2026-01-15 03:42:29 - DroneController - [INFO] - Moving to spiral point 2/12: (28.424174, 77.527196)
2026-01-15 03:42:29 - DroneController - [INFO] - Sending waypoint: (28.424174, 77.527196, 3.00)
2026-01-15 03:42:30 - DroneController - [INFO] - Moving to spiral point 3/12: (28.424172, 77.527194)
2026-01-15 03:42:30 - DroneController - [INFO] - Sending waypoint: (28.424172, 77.527194, 3.00)
2026-01-15 03:42:31 - DroneController - [INFO] - Moving to spiral point 4/12: (28.424174, 77.527190)
2026-01-15 03:42:31 - DroneController - [INFO] - Sending waypoint: (28.424174, 77.527190, 3.00)
2026-01-15 03:42:32 - DroneController - [INFO] - Moving to spiral point 5/12: (28.424178, 77.527194)
2026-01-15 03:42:32 - DroneController - [INFO] - Sending waypoint: (28.424178, 77.527194, 3.00)
2026-01-15 03:42:33 - DroneController - [INFO] - Moving to spiral point 6/12: (28.424174, 77.527199)
2026-01-15 03:42:33 - DroneController - [INFO] - Sending waypoint: (28.424174, 77.527199, 3.00)
2026-01-15 03:42:34 - DroneController - [INFO] - Moving to spiral point 7/12: (28.424169, 77.527194)
2026-01-15 03:42:34 - DroneController - [INFO] - Sending waypoint: (28.424169, 77.527194, 3.00)
2026-01-15 03:42:35 - DroneController - [INFO] - Moving to spiral point 8/12: (28.424174, 77.527187)
2026-01-15 03:42:35 - DroneController - [INFO] - Sending waypoint: (28.424174, 77.527187, 3.00)
2026-01-15 03:42:36 - DroneController - [INFO] - Moving to spiral point 9/12: (28.424181, 77.527194)
2026-01-15 03:42:36 - DroneController - [INFO] - Sending waypoint: (28.424181, 77.527194, 3.00)
2026-01-15 03:42:36 - DroneController - [INFO] - Telemetry: 4478 msgs | GPS: (28.424174, 77.527189, 2.99m) | Battery: 94% | Mode: GUIDED
2026-01-15 03:42:37 - DroneController - [INFO] - Moving to spiral point 10/12: (28.424174, 77.527203)
2026-01-15 03:42:37 - DroneController - [INFO] - Sending waypoint: (28.424174, 77.527203, 3.00)
2026-01-15 03:42:38 - DroneController - [INFO] - Moving to spiral point 11/12: (28.424166, 77.527194)
2026-01-15 03:42:38 - DroneController - [INFO] - Sending waypoint: (28.424166, 77.527194, 3.00)
2026-01-15 03:42:39 - DroneController - [INFO] - Moving to spiral point 12/12: (28.424174, 77.527184)
2026-01-15 03:42:39 - DroneController - [INFO] - Sending waypoint: (28.424174, 77.527184, 3.00)
2026-01-15 03:42:40 - DroneController - [INFO] - Returning to waypoint center after spiral
2026-01-15 03:42:40 - DroneController - [INFO] - Sending waypoint: (28.424174, 77.527194, 3.00)
2026-01-15 03:42:43 - DroneController - [INFO] - Stopping spray...
2026-01-15 03:42:43 - DroneController - [INFO] - Spray OFF (simulation mode - no GPIO)
2026-01-15 03:42:43 - DroneController - [INFO] - Spray OFF (simulation mode - no GPIO)
2026-01-15 03:42:43 - DroneController - [INFO] - Spray stopped early after 15.1s
2026-01-15 03:42:43 - DroneController - [INFO] - Spray OFF (simulation mode - no GPIO)
2026-01-15 03:42:43 - DroneController - [INFO] - Continuous spiral spray pattern completed
2026-01-15 03:42:43 - DroneController - [INFO] - Next waypoint: 2 (28.424479, 77.527267)
2026-01-15 03:42:43 - DroneController - [INFO] - Sending waypoint: (28.424479, 77.527267, 3.00)
2026-01-15 03:42:46 - DroneController - [INFO] - Telemetry: 5676 msgs | GPS: (28.424290, 77.527222, 3.01m) | Battery: 91% | Mode: GUIDED
2026-01-15 03:42:50 - DroneController - [INFO] - Waypoint 2/4 reached
2026-01-15 03:42:50 - DroneController - [INFO] - Starting continuous spiral spray pattern at waypoint
2026-01-15 03:42:50 - DroneController - [INFO] - Starting continuous spray for 96.0s spiral pattern
2026-01-15 03:42:50 - DroneController - [WARNING] - Duration 96.0s too long, using maximum 60.0s
2026-01-15 03:42:50 - DroneController - [INFO] - Spray ON (simulation mode - no GPIO)
2026-01-15 03:42:50 - DroneController - [INFO] - Started spraying for 60.0s
2026-01-15 03:42:50 - DroneController - [INFO] - Spraying for 60.0 seconds...
2026-01-15 03:42:50 - DroneController - [INFO] - Executing continuous spiral with 12 points
2026-01-15 03:42:50 - DroneController - [INFO] - Moving to spiral point 1/12: (28.424480, 77.527267)
2026-01-15 03:42:50 - DroneController - [INFO] - Sending waypoint: (28.424480, 77.527267, 3.00)
2026-01-15 03:42:51 - DroneController - [INFO] - Moving to spiral point 2/12: (28.424479, 77.527269)
2026-01-15 03:42:51 - DroneController - [INFO] - Sending waypoint: (28.424479, 77.527269, 3.00)
2026-01-15 03:42:52 - DroneController - [INFO] - Moving to spiral point 3/12: (28.424477, 77.527267)
2026-01-15 03:42:52 - DroneController - [INFO] - Sending waypoint: (28.424477, 77.527267, 3.00)
2026-01-15 03:42:53 - DroneController - [INFO] - Moving to spiral point 4/12: (28.424479, 77.527264)
2026-01-15 03:42:53 - DroneController - [INFO] - Sending waypoint: (28.424479, 77.527264, 3.00)
2026-01-15 03:42:54 - DroneController - [INFO] - Moving to spiral point 5/12: (28.424483, 77.527267)
2026-01-15 03:42:54 - DroneController - [INFO] - Sending waypoint: (28.424483, 77.527267, 3.00)
2026-01-15 03:42:55 - DroneController - [INFO] - Moving to spiral point 6/12: (28.424479, 77.527273)
2026-01-15 03:42:55 - DroneController - [INFO] - Sending waypoint: (28.424479, 77.527273, 3.00)
2026-01-15 03:42:56 - DroneController - [INFO] - Moving to spiral point 7/12: (28.424474, 77.527267)
2026-01-15 03:42:56 - DroneController - [INFO] - Sending waypoint: (28.424474, 77.527267, 3.00)
2026-01-15 03:42:56 - DroneController - [INFO] - Telemetry: 6869 msgs | GPS: (28.424480, 77.527270, 3.00m) | Battery: 89% | Mode: GUIDED
2026-01-15 03:42:57 - DroneController - [INFO] - Moving to spiral point 8/12: (28.424479, 77.527261)
2026-01-15 03:42:57 - DroneController - [INFO] - Sending waypoint: (28.424479, 77.527261, 3.00)
2026-01-15 03:42:58 - DroneController - [INFO] - Moving to spiral point 9/12: (28.424486, 77.527267)
2026-01-15 03:42:58 - DroneController - [INFO] - Sending waypoint: (28.424486, 77.527267, 3.00)
2026-01-15 03:42:59 - DroneController - [INFO] - Moving to spiral point 10/12: (28.424479, 77.527276)
2026-01-15 03:42:59 - DroneController - [INFO] - Sending waypoint: (28.424479, 77.527276, 3.00)
2026-01-15 03:43:00 - DroneController - [INFO] - Moving to spiral point 11/12: (28.424471, 77.527267)
2026-01-15 03:43:00 - DroneController - [INFO] - Sending waypoint: (28.424471, 77.527267, 3.00)
2026-01-15 03:43:01 - DroneController - [INFO] - Moving to spiral point 12/12: (28.424479, 77.527257)
2026-01-15 03:43:01 - DroneController - [INFO] - Sending waypoint: (28.424479, 77.527257, 3.00)
2026-01-15 03:43:02 - DroneController - [INFO] - Returning to waypoint center after spiral
2026-01-15 03:43:02 - DroneController - [INFO] - Sending waypoint: (28.424479, 77.527267, 3.00)
2026-01-15 03:43:05 - DroneController - [INFO] - Stopping spray...
2026-01-15 03:43:05 - DroneController - [INFO] - Spray OFF (simulation mode - no GPIO)
2026-01-15 03:43:05 - DroneController - [INFO] - Spray OFF (simulation mode - no GPIO)
2026-01-15 03:43:05 - DroneController - [INFO] - Spray stopped early after 15.1s
2026-01-15 03:43:05 - DroneController - [INFO] - Spray OFF (simulation mode - no GPIO)
2026-01-15 03:43:05 - DroneController - [INFO] - Continuous spiral spray pattern completed
2026-01-15 03:43:05 - DroneController - [INFO] - Next waypoint: 3 (28.424439, 77.527562)
2026-01-15 03:43:05 - DroneController - [INFO] - Sending waypoint: (28.424439, 77.527562, 3.00)
2026-01-15 03:43:06 - DroneController - [INFO] - Telemetry: 8062 msgs | GPS: (28.424477, 77.527288, 3.00m) | Battery: 86% | Mode: GUIDED
2026-01-15 03:43:11 - DroneController - [INFO] - Waypoint 3/4 reached
2026-01-15 03:43:11 - DroneController - [INFO] - Starting continuous spiral spray pattern at waypoint
2026-01-15 03:43:11 - DroneController - [INFO] - Starting continuous spray for 96.0s spiral pattern
2026-01-15 03:43:11 - DroneController - [WARNING] - Duration 96.0s too long, using maximum 60.0s
2026-01-15 03:43:11 - DroneController - [INFO] - Spray ON (simulation mode - no GPIO)
2026-01-15 03:43:11 - DroneController - [INFO] - Started spraying for 60.0s
2026-01-15 03:43:11 - DroneController - [INFO] - Spraying for 60.0 seconds...
2026-01-15 03:43:11 - DroneController - [INFO] - Executing continuous spiral with 12 points
2026-01-15 03:43:11 - DroneController - [INFO] - Moving to spiral point 1/12: (28.424440, 77.527562)
2026-01-15 03:43:11 - DroneController - [INFO] - Sending waypoint: (28.424440, 77.527562, 3.00)
2026-01-15 03:43:12 - DroneController - [INFO] - Moving to spiral point 2/12: (28.424439, 77.527564)
2026-01-15 03:43:12 - DroneController - [INFO] - Sending waypoint: (28.424439, 77.527564, 3.00)
2026-01-15 03:43:13 - DroneController - [INFO] - Moving to spiral point 3/12: (28.424437, 77.527562)
2026-01-15 03:43:13 - DroneController - [INFO] - Sending waypoint: (28.424437, 77.527562, 3.00)
2026-01-15 03:43:14 - DroneController - [INFO] - Moving to spiral point 4/12: (28.424439, 77.527559)
2026-01-15 03:43:14 - DroneController - [INFO] - Sending waypoint: (28.424439, 77.527559, 3.00)
2026-01-15 03:43:15 - DroneController - [INFO] - Moving to spiral point 5/12: (28.424443, 77.527562)
2026-01-15 03:43:15 - DroneController - [INFO] - Sending waypoint: (28.424443, 77.527562, 3.00)
2026-01-15 03:43:16 - DroneController - [INFO] - Moving to spiral point 6/12: (28.424439, 77.527567)
2026-01-15 03:43:16 - DroneController - [INFO] - Sending waypoint: (28.424439, 77.527567, 3.00)
2026-01-15 03:43:17 - DroneController - [INFO] - Telemetry: 9257 msgs | GPS: (28.424441, 77.527562, 3.00m) | Battery: 84% | Mode: GUIDED
2026-01-15 03:43:17 - DroneController - [INFO] - Moving to spiral point 7/12: (28.424434, 77.527562)
2026-01-15 03:43:17 - DroneController - [INFO] - Sending waypoint: (28.424434, 77.527562, 3.00)
2026-01-15 03:43:18 - DroneController - [INFO] - Moving to spiral point 8/12: (28.424439, 77.527555)
2026-01-15 03:43:18 - DroneController - [INFO] - Sending waypoint: (28.424439, 77.527555, 3.00)
2026-01-15 03:43:19 - DroneController - [INFO] - Moving to spiral point 9/12: (28.424446, 77.527562)
2026-01-15 03:43:19 - DroneController - [INFO] - Sending waypoint: (28.424446, 77.527562, 3.00)
2026-01-15 03:43:20 - DroneController - [INFO] - Moving to spiral point 10/12: (28.424439, 77.527571)
2026-01-15 03:43:20 - DroneController - [INFO] - Sending waypoint: (28.424439, 77.527571, 3.00)
2026-01-15 03:43:21 - DroneController - [INFO] - Moving to spiral point 11/12: (28.424431, 77.527562)
2026-01-15 03:43:21 - DroneController - [INFO] - Sending waypoint: (28.424431, 77.527562, 3.00)
2026-01-15 03:43:22 - DroneController - [INFO] - Moving to spiral point 12/12: (28.424439, 77.527552)
2026-01-15 03:43:22 - DroneController - [INFO] - Sending waypoint: (28.424439, 77.527552, 3.00)
2026-01-15 03:43:23 - DroneController - [INFO] - Returning to waypoint center after spiral
2026-01-15 03:43:23 - DroneController - [INFO] - Sending waypoint: (28.424439, 77.527562, 3.00)
2026-01-15 03:43:26 - DroneController - [INFO] - Stopping spray...
2026-01-15 03:43:26 - DroneController - [INFO] - Spray OFF (simulation mode - no GPIO)
2026-01-15 03:43:26 - DroneController - [INFO] - Spray OFF (simulation mode - no GPIO)
2026-01-15 03:43:26 - DroneController - [INFO] - Spray stopped early after 15.1s
2026-01-15 03:43:26 - DroneController - [INFO] - Spray OFF (simulation mode - no GPIO)
2026-01-15 03:43:26 - DroneController - [INFO] - Continuous spiral spray pattern completed
2026-01-15 03:43:26 - DroneController - [INFO] - Next waypoint: 4 (28.424687, 77.527566)
2026-01-15 03:43:26 - DroneController - [INFO] - Sending waypoint: (28.424687, 77.527566, 3.00)
2026-01-15 03:43:27 - DroneController - [INFO] - Telemetry: 10453 msgs | GPS: (28.424439, 77.527562, 3.00m) | Battery: 82% | Mode: GUIDED
2026-01-15 03:43:32 - DroneController - [INFO] - Waypoint 4/4 reached
2026-01-15 03:43:32 - DroneController - [INFO] - Starting continuous spiral spray pattern at waypoint
2026-01-15 03:43:32 - DroneController - [INFO] - Starting continuous spray for 96.0s spiral pattern
2026-01-15 03:43:32 - DroneController - [WARNING] - Duration 96.0s too long, using maximum 60.0s
2026-01-15 03:43:32 - DroneController - [INFO] - Spray ON (simulation mode - no GPIO)
2026-01-15 03:43:32 - DroneController - [INFO] - Started spraying for 60.0s
2026-01-15 03:43:32 - DroneController - [INFO] - Spraying for 60.0 seconds...
2026-01-15 03:43:32 - DroneController - [INFO] - Executing continuous spiral with 12 points
2026-01-15 03:43:32 - DroneController - [INFO] - Moving to spiral point 1/12: (28.424687, 77.527566)
2026-01-15 03:43:32 - DroneController - [INFO] - Sending waypoint: (28.424687, 77.527566, 3.00)
2026-01-15 03:43:33 - DroneController - [INFO] - Moving to spiral point 2/12: (28.424687, 77.527568)
2026-01-15 03:43:33 - DroneController - [INFO] - Sending waypoint: (28.424687, 77.527568, 3.00)
2026-01-15 03:43:34 - DroneController - [INFO] - Moving to spiral point 3/12: (28.424684, 77.527566)
2026-01-15 03:43:34 - DroneController - [INFO] - Sending waypoint: (28.424684, 77.527566, 3.00)
2026-01-15 03:43:35 - DroneController - [INFO] - Moving to spiral point 4/12: (28.424687, 77.527562)
2026-01-15 03:43:35 - DroneController - [INFO] - Sending waypoint: (28.424687, 77.527562, 3.00)
2026-01-15 03:43:36 - DroneController - [INFO] - Moving to spiral point 5/12: (28.424690, 77.527566)
2026-01-15 03:43:36 - DroneController - [INFO] - Sending waypoint: (28.424690, 77.527566, 3.00)
2026-01-15 03:43:37 - DroneController - [INFO] - Telemetry: 11646 msgs | GPS: (28.424688, 77.527565, 3.00m) | Battery: 79% | Mode: GUIDED
2026-01-15 03:43:37 - DroneController - [INFO] - Moving to spiral point 6/12: (28.424687, 77.527571)
2026-01-15 03:43:37 - DroneController - [INFO] - Sending waypoint: (28.424687, 77.527571, 3.00)
2026-01-15 03:43:38 - DroneController - [INFO] - Moving to spiral point 7/12: (28.424681, 77.527566)
2026-01-15 03:43:38 - DroneController - [INFO] - Sending waypoint: (28.424681, 77.527566, 3.00)
2026-01-15 03:43:39 - DroneController - [INFO] - Moving to spiral point 8/12: (28.424687, 77.527559)
2026-01-15 03:43:39 - DroneController - [INFO] - Sending waypoint: (28.424687, 77.527559, 3.00)
2026-01-15 03:43:40 - DroneController - [INFO] - Moving to spiral point 9/12: (28.424693, 77.527566)
2026-01-15 03:43:40 - DroneController - [INFO] - Sending waypoint: (28.424693, 77.527566, 3.00)
2026-01-15 03:43:41 - DroneController - [INFO] - Moving to spiral point 10/12: (28.424687, 77.527574)
2026-01-15 03:43:41 - DroneController - [INFO] - Sending waypoint: (28.424687, 77.527574, 3.00)
2026-01-15 03:43:42 - DroneController - [INFO] - Moving to spiral point 11/12: (28.424678, 77.527566)
2026-01-15 03:43:42 - DroneController - [INFO] - Sending waypoint: (28.424678, 77.527566, 3.00)
2026-01-15 03:43:43 - DroneController - [INFO] - Moving to spiral point 12/12: (28.424687, 77.527556)
2026-01-15 03:43:43 - DroneController - [INFO] - Sending waypoint: (28.424687, 77.527556, 3.00)
2026-01-15 03:43:44 - DroneController - [INFO] - Returning to waypoint center after spiral
2026-01-15 03:43:44 - DroneController - [INFO] - Sending waypoint: (28.424687, 77.527566, 3.00)
2026-01-15 03:43:47 - DroneController - [INFO] - Telemetry: 12839 msgs | GPS: (28.424687, 77.527563, 3.00m) | Battery: 77% | Mode: GUIDED
2026-01-15 03:43:47 - DroneController - [INFO] - Stopping spray...
2026-01-15 03:43:47 - DroneController - [INFO] - Spray OFF (simulation mode - no GPIO)
2026-01-15 03:43:48 - DroneController - [INFO] - Spray OFF (simulation mode - no GPIO)
2026-01-15 03:43:48 - DroneController - [INFO] - Spray stopped early after 15.2s
2026-01-15 03:43:48 - DroneController - [INFO] - Spray OFF (simulation mode - no GPIO)
2026-01-15 03:43:48 - DroneController - [INFO] - Continuous spiral spray pattern completed
2026-01-15 03:43:48 - DroneController - [INFO] - All waypoints reached
2026-01-15 03:43:48 - DroneController - [INFO] - Returning to home and landing
2026-01-15 03:43:48 - DroneController - [INFO] - Sending waypoint: (28.423520, 77.527510, 3.00)
2026-01-15 03:43:57 - DroneController - [INFO] - Telemetry: 14035 msgs | GPS: (28.424179, 77.527542, 2.99m) | Battery: 74% | Mode: GUIDED
2026-01-15 03:44:06 - DroneController - [INFO] - Reached home position, initiating landing
2026-01-15 03:44:07 - DroneController - [INFO] - Telemetry: 15228 msgs | GPS: (28.423515, 77.527510, 2.99m) | Battery: 72% | Mode: GUIDED
2026-01-15 03:44:08 - DroneController - [INFO] - State transition: MISSION_ACTIVE -> LANDING
2026-01-15 03:44:08 - DroneController - [INFO] - Setting mode to LAND (attempt 1)
2026-01-15 03:44:09 - DroneController - [INFO] - Mode changed to LAND
2026-01-15 03:44:09 - DroneController - [INFO] - Landing in progress
2026-01-15 03:44:09 - DroneController - [INFO] - Landing command sent
2026-01-15 03:44:17 - DroneController - [INFO] - Telemetry: 16393 msgs | GPS: (28.423519, 77.527510, -0.02m) | Battery: 70% | Mode: LAND
2026-01-15 03:44:24 - DroneController - [INFO] - Stopping controller...
2026-01-15 03:44:24 - DroneController - [INFO] - Cleaning up spray controller...
2026-01-15 03:44:24 - DroneController - [INFO] - Mission controller stopped
2026-01-15 03:44:24 - DroneController - [INFO] - Command processor stopped
2026-01-15 03:44:24 - DroneController - [INFO] - Telemetry loop stopped. Total messages: 17285
2026-01-15 03:44:24 - DroneController - [INFO] - Message type distribution: {'AHRS': 574, 'AHRS2': 631, 'ATTITUDE': 631, 'BATTERY_STATUS': 573, 'COMMAND_ACK': 6, 'EKF_STATUS_REPORT': 573, 'ESC_TELEMETRY_1_TO_4': 631, 'ESC_TELEMETRY_5_TO_8': 631, 'EXTENDED_SYS_STATE': 141, 'GLOBAL_POSITION_INT': 552, 'GPS_GLOBAL_ORIGIN': 1, 'GPS_RAW_INT': 580, 'HEARTBEAT': 142, 'HOME_POSITION': 142, 'LOCAL_POSITION_NED': 552, 'MEMINFO': 580, 'MISSION_CURRENT': 580, 'NAV_CONTROLLER_OUTPUT': 580, 'PARAM_VALUE': 17, 'POSITION_TARGET_GLOBAL_INT': 449, 'POWER_STATUS': 580, 'RAW_IMU': 571, 'RC_CHANNELS': 540, 'SCALED_IMU2': 571, 'SCALED_IMU3': 571, 'SCALED_PRESSURE': 571, 'SCALED_PRESSURE2': 571, 'SERVO_OUTPUT_RAW': 540, 'SIMSTATE': 631, 'STATUSTEXT': 5, 'SYSTEM_TIME': 573, 'SYS_STATUS': 580, 'TERRAIN_REPORT': 573, 'TERRAIN_REQUEST': 18, 'TIMESYNC': 14, 'UNKNOWN_437': 28, 'VFR_HUD': 636, 'VIBRATION': 573, 'WIND': 573}
2026-01-15 03:44:25 - DroneController - [INFO] - Heartbeat monitor stopped
2026-01-15 03:44:25 - DroneController - [INFO] - Controller stopped
2026-01-15 03:44:25 - DroneController - [INFO] - Cleaning up spray controller...
2026-01-15 03:45:34 - DroneController - [INFO] - Mission planner initialized with KML: /Users/trishit_debsharma/Documents/Code/NIDAR/NIDAR/spray_drone/data/GBULcircle.kml
2026-01-15 03:45:34 - DroneController - [WARNING] - GPIO not available - spray system will run in simulation mode
2026-01-15 03:45:34 - DroneController - [INFO] - DroneController initialized with SprayController
2026-01-15 03:45:34 - DroneController - [INFO] - Geofence mode: polygon
2026-01-15 03:45:34 - DroneController - [INFO] - Connecting to 127.0.0.1:14551
2026-01-15 03:45:34 - DroneController - [INFO] - Connection attempt 1/3...
2026-01-15 03:45:34 - DroneController - [INFO] - Waiting for heartbeat...
2026-01-15 03:45:34 - DroneController - [INFO] - Heartbeat from system 1, component 0
2026-01-15 03:45:34 - DroneController - [INFO] - Requesting data streams...
2026-01-15 03:45:34 - DroneController - [INFO] - Verifying data stream...
2026-01-15 03:45:34 - DroneController - [INFO] - Verifying data stream reception...
2026-01-15 03:45:35 - DroneController - [INFO] - ✓ All critical data streams verified
2026-01-15 03:45:35 - DroneController - [INFO] - Waiting for data streams to initialize...
2026-01-15 03:45:39 - DroneController - [INFO] - State transition: DISCONNECTED -> CONNECTED
2026-01-15 03:45:39 - DroneController - [INFO] - Telemetry log initialized: telemetry/telemetry_20260115_034539.csv
2026-01-15 03:45:39 - DroneController - [INFO] - ✓ Connection established and verified
2026-01-15 03:45:39 - DroneController - [INFO] - Telemetry loop started
2026-01-15 03:45:39 - DroneController - [INFO] - Heartbeat monitor started
2026-01-15 03:45:39 - DroneController - [INFO] - Command processor started
2026-01-15 03:45:39 - DroneController - [INFO] - ✓ First telemetry message received
2026-01-15 03:45:39 - DroneController - [INFO] - Mission controller started
2026-01-15 03:45:39 - DroneController - [INFO] - All threads started
2026-01-15 03:45:39 - DroneController - [INFO] - State transition: CONNECTED -> IDLE
2026-01-15 03:45:41 - DroneController - [INFO] - Loading mission with 4 points
2026-01-15 03:45:41 - DroneController - [INFO] - Starting and home position: lat=28.423519, lon=77.527510
2026-01-15 03:45:41 - DroneController - [INFO] - Mission validated: 4 waypoints
2026-01-15 03:45:41 - DroneController - [INFO] - Starting arm and takeoff to 3.0m
2026-01-15 03:45:41 - DroneController - [INFO] - Home set: 28.423519, 77.527510
2026-01-15 03:45:41 - DroneController - [INFO] - Using polygon geofence from KML
2026-01-15 03:45:41 - DroneController - [INFO] - Setting mode to GUIDED (attempt 1)
2026-01-15 03:45:42 - DroneController - [INFO] - Mode changed to GUIDED
2026-01-15 03:45:42 - DroneController - [INFO] - State transition: IDLE -> ARMING
2026-01-15 03:45:42 - DroneController - [INFO] - Waiting for drone to become armable...
2026-01-15 03:45:42 - DroneController - [INFO] - ✓ Drone is armable
2026-01-15 03:45:42 - DroneController - [INFO] - Arming attempt 1/3
2026-01-15 03:45:42 - DroneController - [INFO] - Armed successfully
2026-01-15 03:45:42 - DroneController - [INFO] - State transition: ARMING -> ARMED
2026-01-15 03:45:44 - DroneController - [INFO] - State transition: ARMED -> TAKING_OFF
2026-01-15 03:45:44 - DroneController - [INFO] - Takeoff attempt 1/3
2026-01-15 03:45:44 - DroneController - [INFO] - Takeoff command accepted
2026-01-15 03:45:48 - DroneController - [INFO] - Target altitude reached: 2.78m
2026-01-15 03:45:48 - DroneController - [INFO] - Arm and takeoff complete
2026-01-15 03:45:48 - DroneController - [INFO] - State transition: TAKING_OFF -> ARMED
2026-01-15 03:45:48 - DroneController - [INFO] - Starting mission with 4 waypoints
2026-01-15 03:45:48 - DroneController - [INFO] - State transition: ARMED -> MISSION_ACTIVE
2026-01-15 03:45:48 - DroneController - [INFO] - Sending waypoint: (28.424174, 77.527194, 3.00)
2026-01-15 03:45:49 - DroneController - [INFO] - Telemetry: 5570 msgs | GPS: (28.423519, 77.527510, 2.98m) | Battery: 69% | Mode: GUIDED
2026-01-15 03:45:59 - DroneController - [INFO] - Telemetry: 6767 msgs | GPS: (28.424103, 77.527229, 3.00m) | Battery: 66% | Mode: GUIDED
2026-01-15 03:46:00 - DroneController - [INFO] - Waypoint 1/4 reached
2026-01-15 03:46:00 - DroneController - [INFO] - Starting continuous spiral spray pattern at waypoint
2026-01-15 03:46:00 - DroneController - [INFO] - Starting continuous spray for 96.0s spiral pattern
2026-01-15 03:46:00 - DroneController - [WARNING] - Duration 96.0s too long, using maximum 60.0s
2026-01-15 03:46:00 - DroneController - [INFO] - Spray ON (simulation mode - no GPIO)
2026-01-15 03:46:00 - DroneController - [INFO] - Spraying for 60.0 seconds...
2026-01-15 03:46:00 - DroneController - [INFO] - Started spraying for 60.0s
2026-01-15 03:46:00 - DroneController - [INFO] - Executing continuous spiral with 12 points
2026-01-15 03:46:00 - DroneController - [INFO] - Moving to spiral point 1/12: (28.424175, 77.527194)
2026-01-15 03:46:00 - DroneController - [INFO] - Sending waypoint: (28.424175, 77.527194, 3.00)
2026-01-15 03:46:01 - DroneController - [INFO] - Moving to spiral point 2/12: (28.424174, 77.527196)
2026-01-15 03:46:01 - DroneController - [INFO] - Sending waypoint: (28.424174, 77.527196, 3.00)
2026-01-15 03:46:02 - DroneController - [CRITICAL] - EMERGENCY STOP
2026-01-15 03:46:02 - DroneController - [WARNING] - EMERGENCY STOP - Spray system
2026-01-15 03:46:02 - DroneController - [INFO] - Spray OFF (simulation mode - no GPIO)
2026-01-15 03:46:02 - DroneController - [INFO] - Spray OFF (simulation mode - no GPIO)
2026-01-15 03:46:02 - DroneController - [INFO] - Spray stopped early after 1.9s
2026-01-15 03:46:02 - DroneController - [INFO] - Spray OFF (simulation mode - no GPIO)
2026-01-15 03:46:02 - DroneController - [WARNING] - EMERGENCY STOP - Spray system
2026-01-15 03:46:02 - DroneController - [INFO] - Spray OFF (simulation mode - no GPIO)
2026-01-15 03:46:02 - DroneController - [INFO] - Returning to waypoint center after spiral
2026-01-15 03:46:02 - DroneController - [INFO] - Sending waypoint: (28.424174, 77.527194, 3.00)
2026-01-15 03:46:05 - DroneController - [INFO] - Continuous spiral spray pattern completed
2026-01-15 03:46:05 - DroneController - [INFO] - Next waypoint: 2 (28.424479, 77.527267)
2026-01-15 03:46:05 - DroneController - [INFO] - Sending waypoint: (28.424479, 77.527267, 3.00)
2026-01-15 03:46:05 - DroneController - [CRITICAL] - Emergency land triggered
2026-01-15 03:46:05 - DroneController - [WARNING] - EMERGENCY STOP - Spray system
2026-01-15 03:46:05 - DroneController - [INFO] - Spray OFF (simulation mode - no GPIO)
2026-01-15 03:46:05 - DroneController - [INFO] - State transition: MISSION_ACTIVE -> LANDING
2026-01-15 03:46:05 - DroneController - [INFO] - Setting mode to LAND (attempt 1)
2026-01-15 03:46:06 - DroneController - [INFO] - Mode changed to LAND
2026-01-15 03:46:06 - DroneController - [INFO] - Landing in progress
2026-01-15 03:46:09 - DroneController - [INFO] - Telemetry: 7948 msgs | GPS: (28.424175, 77.527193, 1.38m) | Battery: 64% | Mode: LAND
2026-01-15 03:46:12 - DroneController - [INFO] - Stopping controller...
2026-01-15 03:46:12 - DroneController - [INFO] - Cleaning up spray controller...
2026-01-15 03:46:12 - DroneController - [INFO] - Telemetry loop stopped. Total messages: 8297
2026-01-15 03:46:12 - DroneController - [INFO] - Message type distribution: {'AHRS': 289, 'AHRS2': 289, 'ATTITUDE': 289, 'BATTERY_STATUS': 289, 'COMMAND_ACK': 2, 'EKF_STATUS_REPORT': 289, 'ESC_TELEMETRY_1_TO_4': 289, 'ESC_TELEMETRY_5_TO_8': 289, 'EXTENDED_SYS_STATE': 36, 'GLOBAL_POSITION_INT': 289, 'GPS_GLOBAL_ORIGIN': 1, 'GPS_RAW_INT': 289, 'HEARTBEAT': 38, 'HOME_POSITION': 37, 'LOCAL_POSITION_NED': 289, 'MEMINFO': 289, 'MISSION_CURRENT': 289, 'NAV_CONTROLLER_OUTPUT': 289, 'PARAM_VALUE': 8, 'POSITION_TARGET_GLOBAL_INT': 67, 'POWER_STATUS': 289, 'RAW_IMU': 289, 'RC_CHANNELS': 289, 'SCALED_IMU2': 289, 'SCALED_IMU3': 289, 'SCALED_PRESSURE': 289, 'SCALED_PRESSURE2': 289, 'SERVO_OUTPUT_RAW': 289, 'SIMSTATE': 289, 'STATUSTEXT': 5, 'SYSTEM_TIME': 289, 'SYS_STATUS': 289, 'TERRAIN_REPORT': 289, 'TIMESYNC': 3, 'UNKNOWN_437': 8, 'VFR_HUD': 289, 'VIBRATION': 289, 'WIND': 289}
2026-01-15 03:46:12 - DroneController - [INFO] - Mission controller stopped
2026-01-15 03:46:12 - DroneController - [INFO] - Heartbeat monitor stopped
2026-01-15 03:46:12 - DroneController - [INFO] - Command processor stopped
2026-01-15 03:46:12 - DroneController - [INFO] - Controller stopped
2026-01-15 03:46:12 - DroneController - [INFO] - Cleaning up spray controller...
2026-01-15 03:49:37 - DroneController - [INFO] - Mission planner initialized with KML: /Users/trishit_debsharma/Documents/Code/NIDAR/NIDAR/spray_drone/data/GBULcircle.kml
2026-01-15 03:49:37 - DroneController - [WARNING] - GPIO not available - spray system will run in simulation mode
2026-01-15 03:49:37 - DroneController - [INFO] - DroneController initialized with SprayController
2026-01-15 03:49:37 - DroneController - [INFO] - Geofence mode: polygon
2026-01-15 03:49:37 - DroneController - [INFO] - Connecting to 127.0.0.1:14551
2026-01-15 03:49:37 - DroneController - [INFO] - Connection attempt 1/3...
2026-01-15 03:49:37 - DroneController - [INFO] - Waiting for heartbeat...
2026-01-15 03:49:38 - DroneController - [INFO] - Heartbeat from system 1, component 0
2026-01-15 03:49:38 - DroneController - [INFO] - Requesting data streams...
2026-01-15 03:49:38 - DroneController - [INFO] - Verifying data stream...
2026-01-15 03:49:38 - DroneController - [INFO] - Verifying data stream reception...
2026-01-15 03:49:39 - DroneController - [INFO] - ✓ All critical data streams verified
2026-01-15 03:49:39 - DroneController - [INFO] - Waiting for data streams to initialize...
2026-01-15 03:49:42 - DroneController - [INFO] - State transition: DISCONNECTED -> CONNECTED
2026-01-15 03:49:42 - DroneController - [INFO] - Telemetry log initialized: telemetry/telemetry_20260115_034942.csv
2026-01-15 03:49:42 - DroneController - [INFO] - ✓ Connection established and verified
2026-01-15 03:49:42 - DroneController - [INFO] - Telemetry loop started
2026-01-15 03:49:42 - DroneController - [INFO] - Heartbeat monitor started
2026-01-15 03:49:42 - DroneController - [INFO] - Command processor started
2026-01-15 03:49:42 - DroneController - [INFO] - ✓ First telemetry message received
2026-01-15 03:49:42 - DroneController - [INFO] - Mission controller started
2026-01-15 03:49:42 - DroneController - [INFO] - All threads started
2026-01-15 03:49:42 - DroneController - [INFO] - State transition: CONNECTED -> IDLE
2026-01-15 03:49:44 - DroneController - [INFO] - Loading mission with 4 points
2026-01-15 03:49:44 - DroneController - [INFO] - Starting and home position: lat=28.424175, lon=77.527194
2026-01-15 03:49:44 - DroneController - [INFO] - Mission validated: 4 waypoints
2026-01-15 03:49:44 - DroneController - [INFO] - Starting arm and takeoff to 3.0m
2026-01-15 03:49:44 - DroneController - [INFO] - Home set: 28.424175, 77.527194
2026-01-15 03:49:44 - DroneController - [INFO] - Using polygon geofence from KML
2026-01-15 03:49:44 - DroneController - [INFO] - Setting mode to GUIDED (attempt 1)
2026-01-15 03:49:45 - DroneController - [INFO] - Mode changed to GUIDED
2026-01-15 03:49:45 - DroneController - [INFO] - State transition: IDLE -> ARMING
2026-01-15 03:49:45 - DroneController - [INFO] - Waiting for drone to become armable...
2026-01-15 03:49:45 - DroneController - [INFO] - ✓ Drone is armable
2026-01-15 03:49:45 - DroneController - [INFO] - Arming attempt 1/3
2026-01-15 03:49:45 - DroneController - [INFO] - Armed successfully
2026-01-15 03:49:45 - DroneController - [INFO] - State transition: ARMING -> ARMED
2026-01-15 03:49:47 - DroneController - [INFO] - State transition: ARMED -> TAKING_OFF
2026-01-15 03:49:47 - DroneController - [INFO] - Takeoff attempt 1/3
2026-01-15 03:49:47 - DroneController - [INFO] - Takeoff command accepted
2026-01-15 03:49:51 - DroneController - [INFO] - Target altitude reached: 2.54m
2026-01-15 03:49:51 - DroneController - [INFO] - Arm and takeoff complete
2026-01-15 03:49:51 - DroneController - [INFO] - State transition: TAKING_OFF -> ARMED
2026-01-15 03:49:51 - DroneController - [INFO] - Starting mission with 4 waypoints
2026-01-15 03:49:51 - DroneController - [INFO] - State transition: ARMED -> MISSION_ACTIVE
2026-01-15 03:49:51 - DroneController - [INFO] - Sending waypoint: (28.424174, 77.527194, 3.00)
2026-01-15 03:49:51 - DroneController - [INFO] - Waypoint 1/4 reached
2026-01-15 03:49:51 - DroneController - [INFO] - Starting continuous spiral spray pattern at waypoint
2026-01-15 03:49:51 - DroneController - [INFO] - Starting continuous spray for 40.0s spiral pattern
2026-01-15 03:49:51 - DroneController - [INFO] - Spray ON (simulation mode - no GPIO)
2026-01-15 03:49:51 - DroneController - [INFO] - Started spraying for 40.0s
2026-01-15 03:49:51 - DroneController - [INFO] - Spraying for 40.0 seconds...
2026-01-15 03:49:51 - DroneController - [INFO] - Executing continuous spiral with 5 points
2026-01-15 03:49:51 - DroneController - [INFO] - Moving to spiral point 1/5: (28.424175, 77.527194)
2026-01-15 03:49:51 - DroneController - [INFO] - Sending waypoint: (28.424175, 77.527194, 3.00)
2026-01-15 03:49:52 - DroneController - [INFO] - Telemetry: 4200 msgs | GPS: (28.424175, 77.527194, 2.96m) | Battery: 59% | Mode: GUIDED
2026-01-15 03:49:52 - DroneController - [INFO] - Moving to spiral point 2/5: (28.424172, 77.527192)
2026-01-15 03:49:52 - DroneController - [INFO] - Sending waypoint: (28.424172, 77.527192, 3.00)
2026-01-15 03:49:53 - DroneController - [INFO] - Moving to spiral point 3/5: (28.424175, 77.527199)
2026-01-15 03:49:53 - DroneController - [INFO] - Sending waypoint: (28.424175, 77.527199, 3.00)
2026-01-15 03:49:54 - DroneController - [INFO] - Moving to spiral point 4/5: (28.424176, 77.527186)
2026-01-15 03:49:54 - DroneController - [INFO] - Sending waypoint: (28.424176, 77.527186, 3.00)
2026-01-15 03:49:55 - DroneController - [INFO] - Moving to spiral point 5/5: (28.424167, 77.527200)
2026-01-15 03:49:55 - DroneController - [INFO] - Sending waypoint: (28.424167, 77.527200, 3.00)
2026-01-15 03:49:56 - DroneController - [INFO] - Returning to waypoint center after spiral
2026-01-15 03:49:56 - DroneController - [INFO] - Sending waypoint: (28.424174, 77.527194, 3.00)
2026-01-15 03:49:59 - DroneController - [INFO] - Stopping spray...
2026-01-15 03:49:59 - DroneController - [INFO] - Spray OFF (simulation mode - no GPIO)
2026-01-15 03:49:59 - DroneController - [INFO] - Spray OFF (simulation mode - no GPIO)
2026-01-15 03:49:59 - DroneController - [INFO] - Spray stopped early after 8.1s
2026-01-15 03:49:59 - DroneController - [INFO] - Spray OFF (simulation mode - no GPIO)
2026-01-15 03:49:59 - DroneController - [INFO] - Continuous spiral spray pattern completed
2026-01-15 03:49:59 - DroneController - [INFO] - Next waypoint: 2 (28.424479, 77.527267)
2026-01-15 03:49:59 - DroneController - [INFO] - Sending waypoint: (28.424479, 77.527267, 3.00)
2026-01-15 03:50:02 - DroneController - [INFO] - Telemetry: 5393 msgs | GPS: (28.424188, 77.527198, 3.00m) | Battery: 57% | Mode: GUIDED
2026-01-15 03:50:12 - DroneController - [INFO] - Telemetry: 6586 msgs | GPS: (28.424277, 77.527219, 3.00m) | Battery: 54% | Mode: GUIDED
2026-01-15 03:50:22 - DroneController - [INFO] - Telemetry: 7782 msgs | GPS: (28.424364, 77.527240, 3.00m) | Battery: 52% | Mode: GUIDED
2026-01-15 03:50:32 - DroneController - [INFO] - Telemetry: 8975 msgs | GPS: (28.424452, 77.527261, 3.00m) | Battery: 50% | Mode: GUIDED
2026-01-15 03:50:32 - DroneController - [INFO] - Waypoint 2/4 reached
2026-01-15 03:50:32 - DroneController - [INFO] - Starting continuous spiral spray pattern at waypoint
2026-01-15 03:50:32 - DroneController - [INFO] - Starting continuous spray for 40.0s spiral pattern
2026-01-15 03:50:32 - DroneController - [INFO] - Spray ON (simulation mode - no GPIO)
2026-01-15 03:50:32 - DroneController - [INFO] - Started spraying for 40.0s
2026-01-15 03:50:32 - DroneController - [INFO] - Spraying for 40.0 seconds...
2026-01-15 03:50:32 - DroneController - [INFO] - Executing continuous spiral with 5 points
2026-01-15 03:50:32 - DroneController - [INFO] - Moving to spiral point 1/5: (28.424480, 77.527267)
2026-01-15 03:50:32 - DroneController - [INFO] - Sending waypoint: (28.424480, 77.527267, 3.00)
2026-01-15 03:50:33 - DroneController - [INFO] - Moving to spiral point 2/5: (28.424477, 77.527265)
2026-01-15 03:50:33 - DroneController - [INFO] - Sending waypoint: (28.424477, 77.527265, 3.00)
2026-01-15 03:50:34 - DroneController - [INFO] - Moving to spiral point 3/5: (28.424481, 77.527273)
2026-01-15 03:50:34 - DroneController - [INFO] - Sending waypoint: (28.424481, 77.527273, 3.00)
2026-01-15 03:50:35 - DroneController - [INFO] - Moving to spiral point 4/5: (28.424481, 77.527260)
2026-01-15 03:50:35 - DroneController - [INFO] - Sending waypoint: (28.424481, 77.527260, 3.00)
2026-01-15 03:50:36 - DroneController - [INFO] - Moving to spiral point 5/5: (28.424472, 77.527273)
2026-01-15 03:50:36 - DroneController - [INFO] - Sending waypoint: (28.424472, 77.527273, 3.00)
2026-01-15 03:50:37 - DroneController - [INFO] - Returning to waypoint center after spiral
2026-01-15 03:50:37 - DroneController - [INFO] - Sending waypoint: (28.424479, 77.527267, 3.00)
2026-01-15 03:50:40 - DroneController - [INFO] - Stopping spray...
2026-01-15 03:50:40 - DroneController - [INFO] - Spray OFF (simulation mode - no GPIO)
2026-01-15 03:50:40 - DroneController - [INFO] - Spray OFF (simulation mode - no GPIO)
2026-01-15 03:50:40 - DroneController - [INFO] - Spray stopped early after 8.1s
2026-01-15 03:50:40 - DroneController - [INFO] - Spray OFF (simulation mode - no GPIO)
2026-01-15 03:50:40 - DroneController - [INFO] - Continuous spiral spray pattern completed
2026-01-15 03:50:40 - DroneController - [INFO] - Next waypoint: 3 (28.424439, 77.527562)
2026-01-15 03:50:40 - DroneController - [INFO] - Sending waypoint: (28.424439, 77.527562, 3.00)
2026-01-15 03:50:42 - DroneController - [INFO] - Telemetry: 10168 msgs | GPS: (28.424478, 77.527275, 3.00m) | Battery: 47% | Mode: GUIDED
2026-01-15 03:50:52 - DroneController - [INFO] - Telemetry: 11365 msgs | GPS: (28.424464, 77.527376, 3.00m) | Battery: 45% | Mode: GUIDED
2026-01-15 03:51:02 - DroneController - [INFO] - Telemetry: 12558 msgs | GPS: (28.424451, 77.527477, 3.00m) | Battery: 43% | Mode: GUIDED
2026-01-15 03:51:07 - DroneController - [INFO] - Waypoint 3/4 reached
2026-01-15 03:51:07 - DroneController - [INFO] - Starting continuous spiral spray pattern at waypoint
2026-01-15 03:51:07 - DroneController - [INFO] - Starting continuous spray for 40.0s spiral pattern
2026-01-15 03:51:07 - DroneController - [INFO] - Spray ON (simulation mode - no GPIO)
2026-01-15 03:51:07 - DroneController - [INFO] - Started spraying for 40.0s
2026-01-15 03:51:07 - DroneController - [INFO] - Spraying for 40.0 seconds...
2026-01-15 03:51:07 - DroneController - [INFO] - Executing continuous spiral with 5 points
2026-01-15 03:51:07 - DroneController - [INFO] - Moving to spiral point 1/5: (28.424440, 77.527562)
2026-01-15 03:51:07 - DroneController - [INFO] - Sending waypoint: (28.424440, 77.527562, 3.00)
2026-01-15 03:51:08 - DroneController - [INFO] - Moving to spiral point 2/5: (28.424437, 77.527560)
2026-01-15 03:51:08 - DroneController - [INFO] - Sending waypoint: (28.424437, 77.527560, 3.00)
2026-01-15 03:51:09 - DroneController - [INFO] - Moving to spiral point 3/5: (28.424441, 77.527567)
2026-01-15 03:51:09 - DroneController - [INFO] - Sending waypoint: (28.424441, 77.527567, 3.00)
2026-01-15 03:51:10 - DroneController - [INFO] - Moving to spiral point 4/5: (28.424441, 77.527555)
2026-01-15 03:51:10 - DroneController - [INFO] - Sending waypoint: (28.424441, 77.527555, 3.00)
2026-01-15 03:51:11 - DroneController - [INFO] - Moving to spiral point 5/5: (28.424432, 77.527568)
2026-01-15 03:51:11 - DroneController - [INFO] - Sending waypoint: (28.424432, 77.527568, 3.00)
2026-01-15 03:51:12 - DroneController - [INFO] - Telemetry: 13751 msgs | GPS: (28.424439, 77.527565, 3.00m) | Battery: 40% | Mode: GUIDED
2026-01-15 03:51:12 - DroneController - [INFO] - Returning to waypoint center after spiral
2026-01-15 03:51:12 - DroneController - [INFO] - Sending waypoint: (28.424439, 77.527562, 3.00)
2026-01-15 03:51:15 - DroneController - [INFO] - Stopping spray...
2026-01-15 03:51:15 - DroneController - [INFO] - Spray OFF (simulation mode - no GPIO)
2026-01-15 03:51:15 - DroneController - [INFO] - Spray OFF (simulation mode - no GPIO)
2026-01-15 03:51:15 - DroneController - [INFO] - Spray stopped early after 8.0s
2026-01-15 03:51:15 - DroneController - [INFO] - Spray OFF (simulation mode - no GPIO)
2026-01-15 03:51:15 - DroneController - [INFO] - Continuous spiral spray pattern completed
2026-01-15 03:51:15 - DroneController - [INFO] - Next waypoint: 4 (28.424687, 77.527566)
2026-01-15 03:51:15 - DroneController - [INFO] - Sending waypoint: (28.424687, 77.527566, 3.00)
2026-01-15 03:51:22 - DroneController - [INFO] - Telemetry: 14947 msgs | GPS: (28.424490, 77.527563, 3.00m) | Battery: 38% | Mode: GUIDED
2026-01-15 03:51:32 - DroneController - [INFO] - Telemetry: 16140 msgs | GPS: (28.424580, 77.527564, 3.00m) | Battery: 35% | Mode: GUIDED
2026-01-15 03:51:41 - DroneController - [INFO] - Waypoint 4/4 reached
2026-01-15 03:51:41 - DroneController - [INFO] - Starting continuous spiral spray pattern at waypoint
2026-01-15 03:51:41 - DroneController - [INFO] - Starting continuous spray for 40.0s spiral pattern
2026-01-15 03:51:41 - DroneController - [INFO] - Spray ON (simulation mode - no GPIO)
2026-01-15 03:51:41 - DroneController - [INFO] - Started spraying for 40.0s
2026-01-15 03:51:41 - DroneController - [INFO] - Spraying for 40.0 seconds...
2026-01-15 03:51:41 - DroneController - [INFO] - Executing continuous spiral with 5 points
2026-01-15 03:51:41 - DroneController - [INFO] - Moving to spiral point 1/5: (28.424687, 77.527566)
2026-01-15 03:51:41 - DroneController - [INFO] - Sending waypoint: (28.424687, 77.527566, 3.00)
2026-01-15 03:51:42 - DroneController - [INFO] - Moving to spiral point 2/5: (28.424684, 77.527564)
2026-01-15 03:51:42 - DroneController - [INFO] - Sending waypoint: (28.424684, 77.527564, 3.00)
2026-01-15 03:51:42 - DroneController - [INFO] - Telemetry: 17333 msgs | GPS: (28.424670, 77.527565, 3.00m) | Battery: 33% | Mode: GUIDED
2026-01-15 03:51:43 - DroneController - [INFO] - Moving to spiral point 3/5: (28.424688, 77.527571)
2026-01-15 03:51:43 - DroneController - [INFO] - Sending waypoint: (28.424688, 77.527571, 3.00)
2026-01-15 03:51:44 - DroneController - [INFO] - Moving to spiral point 4/5: (28.424689, 77.527558)
2026-01-15 03:51:44 - DroneController - [INFO] - Sending waypoint: (28.424689, 77.527558, 3.00)
2026-01-15 03:51:45 - DroneController - [INFO] - Moving to spiral point 5/5: (28.424679, 77.527572)
2026-01-15 03:51:45 - DroneController - [INFO] - Sending waypoint: (28.424679, 77.527572, 3.00)
2026-01-15 03:51:46 - DroneController - [INFO] - Returning to waypoint center after spiral
2026-01-15 03:51:46 - DroneController - [INFO] - Sending waypoint: (28.424687, 77.527566, 3.00)
2026-01-15 03:51:49 - DroneController - [INFO] - Stopping spray...
2026-01-15 03:51:49 - DroneController - [INFO] - Spray OFF (simulation mode - no GPIO)
2026-01-15 03:51:49 - DroneController - [INFO] - Spray OFF (simulation mode - no GPIO)
2026-01-15 03:51:49 - DroneController - [INFO] - Spray stopped early after 8.1s
2026-01-15 03:51:49 - DroneController - [INFO] - Spray OFF (simulation mode - no GPIO)
2026-01-15 03:51:49 - DroneController - [INFO] - Continuous spiral spray pattern completed
2026-01-15 03:51:49 - DroneController - [INFO] - All waypoints reached
2026-01-15 03:51:49 - DroneController - [INFO] - Returning to home and landing
2026-01-15 03:51:49 - DroneController - [INFO] - Sending waypoint: (28.424175, 77.527194, 3.00)
2026-01-15 03:51:52 - DroneController - [INFO] - Telemetry: 18529 msgs | GPS: (28.424674, 77.527557, 3.00m) | Battery: 31% | Mode: GUIDED
2026-01-15 03:52:02 - DroneController - [INFO] - Telemetry: 19722 msgs | GPS: (28.424598, 77.527502, 3.00m) | Battery: 28% | Mode: GUIDED
2026-01-15 03:52:12 - DroneController - [INFO] - Telemetry: 20915 msgs | GPS: (28.424522, 77.527447, 3.00m) | Battery: 26% | Mode: GUIDED
2026-01-15 03:52:22 - DroneController - [INFO] - Telemetry: 22108 msgs | GPS: (28.424447, 77.527392, 2.99m) | Battery: 24% | Mode: GUIDED
2026-01-15 03:52:32 - DroneController - [INFO] - Telemetry: 23304 msgs | GPS: (28.424371, 77.527337, 2.99m) | Battery: 21% | Mode: GUIDED
2026-01-15 03:52:42 - DroneController - [INFO] - Telemetry: 24498 msgs | GPS: (28.424295, 77.527282, 2.99m) | Battery: 19% | Mode: GUIDED
2026-01-15 03:52:52 - DroneController - [INFO] - Telemetry: 25690 msgs | GPS: (28.424220, 77.527227, 2.99m) | Battery: 16% | Mode: GUIDED
2026-01-15 03:52:57 - DroneController - [INFO] - Reached home position, initiating landing
2026-01-15 03:52:59 - DroneController - [INFO] - State transition: MISSION_ACTIVE -> LANDING
2026-01-15 03:52:59 - DroneController - [INFO] - Setting mode to LAND (attempt 1)
2026-01-15 03:53:00 - DroneController - [INFO] - Mode changed to LAND
2026-01-15 03:53:00 - DroneController - [INFO] - Landing in progress
2026-01-15 03:53:00 - DroneController - [INFO] - Landing command sent
2026-01-15 03:53:02 - DroneController - [INFO] - Telemetry: 26878 msgs | GPS: (28.424174, 77.527193, 1.96m) | Battery: 14% | Mode: LAND
2026-01-15 03:53:12 - DroneController - [INFO] - Telemetry: 28037 msgs | GPS: (28.424174, 77.527194, 0.00m) | Battery: 13% | Mode: LAND
2026-01-15 03:53:15 - DroneController - [INFO] - Stopping controller...
2026-01-15 03:53:15 - DroneController - [INFO] - Cleaning up spray controller...
2026-01-15 03:53:15 - DroneController - [INFO] - Mission controller stopped
2026-01-15 03:53:15 - DroneController - [INFO] - Heartbeat monitor stopped
2026-01-15 03:53:15 - DroneController - [INFO] - Telemetry loop stopped. Total messages: 28441
2026-01-15 03:53:15 - DroneController - [INFO] - Message type distribution: {'AHRS': 963, 'AHRS2': 962, 'ATTITUDE': 962, 'BATTERY_STATUS': 962, 'COMMAND_ACK': 2, 'EKF_STATUS_REPORT': 962, 'ESC_TELEMETRY_1_TO_4': 962, 'ESC_TELEMETRY_5_TO_8': 962, 'EXTENDED_SYS_STATE': 217, 'GLOBAL_POSITION_INT': 962, 'GPS_GLOBAL_ORIGIN': 1, 'GPS_RAW_INT': 962, 'HEARTBEAT': 218, 'HOME_POSITION': 218, 'LOCAL_POSITION_NED': 962, 'MEMINFO': 962, 'MISSION_CURRENT': 962, 'NAV_CONTROLLER_OUTPUT': 962, 'PARAM_VALUE': 25, 'POSITION_TARGET_GLOBAL_INT': 753, 'POWER_STATUS': 962, 'RAW_IMU': 962, 'RC_CHANNELS': 962, 'SCALED_IMU2': 962, 'SCALED_IMU3': 962, 'SCALED_PRESSURE': 962, 'SCALED_PRESSURE2': 962, 'SERVO_OUTPUT_RAW': 962, 'SIMSTATE': 962, 'STATUSTEXT': 5, 'SYSTEM_TIME': 962, 'SYS_STATUS': 962, 'TERRAIN_REPORT': 962, 'TIMESYNC': 22, 'UNKNOWN_437': 43, 'VFR_HUD': 962, 'VIBRATION': 962, 'WIND': 962}
2026-01-15 03:53:16 - DroneController - [INFO] - Command processor stopped
2026-01-15 03:53:16 - DroneController - [INFO] - Controller stopped
2026-01-15 03:53:16 - DroneController - [INFO] - Cleaning up spray controller...
2026-01-15 03:53:40 - DroneController - [INFO] - Mission planner initialized with KML: /Users/trishit_debsharma/Documents/Code/NIDAR/NIDAR/spray_drone/data/GBULcircle.kml
2026-01-15 03:53:40 - DroneController - [WARNING] - GPIO not available - spray system will run in simulation mode
2026-01-15 03:53:40 - DroneController - [INFO] - DroneController initialized with SprayController
2026-01-15 03:53:40 - DroneController - [INFO] - Geofence mode: polygon
2026-01-15 03:53:40 - DroneController - [INFO] - Connecting to 127.0.0.1:14551
2026-01-15 03:53:40 - DroneController - [INFO] - Connection attempt 1/3...
2026-01-15 03:53:40 - DroneController - [INFO] - Waiting for heartbeat...
2026-01-15 03:53:41 - DroneController - [INFO] - Heartbeat from system 1, component 0
2026-01-15 03:53:41 - DroneController - [INFO] - Requesting data streams...
2026-01-15 03:53:41 - DroneController - [INFO] - Verifying data stream...
2026-01-15 03:53:41 - DroneController - [INFO] - Verifying data stream reception...
2026-01-15 03:53:42 - DroneController - [INFO] - ✓ All critical data streams verified
2026-01-15 03:53:42 - DroneController - [INFO] - Waiting for data streams to initialize...
2026-01-15 03:53:45 - DroneController - [INFO] - State transition: DISCONNECTED -> CONNECTED
2026-01-15 03:53:45 - DroneController - [INFO] - Telemetry log initialized: telemetry/telemetry_20260115_035345.csv
2026-01-15 03:53:45 - DroneController - [INFO] - ✓ Connection established and verified
2026-01-15 03:53:45 - DroneController - [INFO] - Telemetry loop started
2026-01-15 03:53:45 - DroneController - [INFO] - Heartbeat monitor started
2026-01-15 03:53:45 - DroneController - [INFO] - Command processor started
2026-01-15 03:53:45 - DroneController - [INFO] - ✓ First telemetry message received
2026-01-15 03:53:45 - DroneController - [INFO] - Mission controller started
2026-01-15 03:53:45 - DroneController - [INFO] - All threads started
2026-01-15 03:53:45 - DroneController - [INFO] - State transition: CONNECTED -> IDLE
2026-01-15 03:53:47 - DroneController - [INFO] - Loading mission with 4 points
2026-01-15 03:53:47 - DroneController - [INFO] - Starting and home position: lat=28.424174, lon=77.527194
2026-01-15 03:53:47 - DroneController - [INFO] - Mission validated: 4 waypoints
2026-01-15 03:53:47 - DroneController - [INFO] - Starting arm and takeoff to 3.0m
2026-01-15 03:53:47 - DroneController - [INFO] - Home set: 28.424174, 77.527194
2026-01-15 03:53:47 - DroneController - [INFO] - Using polygon geofence from KML
2026-01-15 03:53:47 - DroneController - [INFO] - Setting mode to GUIDED (attempt 1)
2026-01-15 03:53:48 - DroneController - [INFO] - Mode changed to GUIDED
2026-01-15 03:53:48 - DroneController - [INFO] - State transition: IDLE -> ARMING
2026-01-15 03:53:48 - DroneController - [INFO] - Waiting for drone to become armable...
2026-01-15 03:53:48 - DroneController - [INFO] - ✓ Drone is armable
2026-01-15 03:53:48 - DroneController - [INFO] - Arming attempt 1/3
2026-01-15 03:53:48 - DroneController - [INFO] - Armed successfully
2026-01-15 03:53:48 - DroneController - [INFO] - State transition: ARMING -> ARMED
2026-01-15 03:53:50 - DroneController - [INFO] - State transition: ARMED -> TAKING_OFF
2026-01-15 03:53:50 - DroneController - [INFO] - Takeoff attempt 1/3
2026-01-15 03:53:50 - DroneController - [INFO] - Takeoff command accepted
2026-01-15 03:53:54 - DroneController - [INFO] - Target altitude reached: 2.56m
2026-01-15 03:53:54 - DroneController - [INFO] - Arm and takeoff complete
2026-01-15 03:53:54 - DroneController - [INFO] - State transition: TAKING_OFF -> ARMED
2026-01-15 03:53:54 - DroneController - [INFO] - Starting mission with 4 waypoints
2026-01-15 03:53:54 - DroneController - [INFO] - State transition: ARMED -> MISSION_ACTIVE
2026-01-15 03:53:54 - DroneController - [INFO] - Sending waypoint: (28.424174, 77.527194, 3.00)
2026-01-15 03:53:54 - DroneController - [INFO] - Waypoint 1/4 reached
2026-01-15 03:53:54 - DroneController - [INFO] - Starting continuous spiral spray pattern at waypoint
2026-01-15 03:53:54 - DroneController - [INFO] - Starting continuous spray for 40.0s spiral pattern
2026-01-15 03:53:54 - DroneController - [INFO] - Spray ON (simulation mode - no GPIO)
2026-01-15 03:53:54 - DroneController - [INFO] - Started spraying for 40.0s
2026-01-15 03:53:54 - DroneController - [INFO] - Spraying for 40.0 seconds...
2026-01-15 03:53:54 - DroneController - [INFO] - Executing continuous spiral with 5 points
2026-01-15 03:53:54 - DroneController - [INFO] - Moving to spiral point 1/5: (28.424175, 77.527194)
2026-01-15 03:53:54 - DroneController - [INFO] - Sending waypoint: (28.424175, 77.527194, 3.00)
2026-01-15 03:53:55 - DroneController - [INFO] - Telemetry: 2854 msgs | GPS: (28.424174, 77.527194, 2.96m) | Battery: 12% | Mode: GUIDED
2026-01-15 03:53:55 - DroneController - [INFO] - Moving to spiral point 2/5: (28.424172, 77.527192)
2026-01-15 03:53:55 - DroneController - [INFO] - Sending waypoint: (28.424172, 77.527192, 3.00)
2026-01-15 03:53:56 - DroneController - [INFO] - Moving to spiral point 3/5: (28.424175, 77.527199)
2026-01-15 03:53:56 - DroneController - [INFO] - Sending waypoint: (28.424175, 77.527199, 3.00)
2026-01-15 03:53:57 - DroneController - [INFO] - Moving to spiral point 4/5: (28.424176, 77.527186)
2026-01-15 03:53:57 - DroneController - [INFO] - Sending waypoint: (28.424176, 77.527186, 3.00)
2026-01-15 03:53:58 - DroneController - [INFO] - Moving to spiral point 5/5: (28.424167, 77.527200)
2026-01-15 03:53:58 - DroneController - [INFO] - Sending waypoint: (28.424167, 77.527200, 3.00)
2026-01-15 03:53:59 - DroneController - [INFO] - Returning to waypoint center after spiral
2026-01-15 03:53:59 - DroneController - [INFO] - Sending waypoint: (28.424174, 77.527194, 3.00)
2026-01-15 03:54:02 - DroneController - [INFO] - Stopping spray...
2026-01-15 03:54:02 - DroneController - [INFO] - Spray OFF (simulation mode - no GPIO)
2026-01-15 03:54:02 - DroneController - [INFO] - Spray OFF (simulation mode - no GPIO)
2026-01-15 03:54:02 - DroneController - [INFO] - Spray stopped early after 8.0s
2026-01-15 03:54:02 - DroneController - [INFO] - Spray OFF (simulation mode - no GPIO)
2026-01-15 03:54:02 - DroneController - [INFO] - Continuous spiral spray pattern completed
2026-01-15 03:54:02 - DroneController - [INFO] - Next waypoint: 2 (28.424479, 77.527267)
2026-01-15 03:54:02 - DroneController - [INFO] - Sending waypoint: (28.424479, 77.527267, 3.00)
2026-01-15 03:54:05 - DroneController - [INFO] - Telemetry: 4047 msgs | GPS: (28.424190, 77.527198, 3.00m) | Battery: 10% | Mode: GUIDED
2026-01-15 03:54:15 - DroneController - [INFO] - Telemetry: 5244 msgs | GPS: (28.424366, 77.527240, 3.00m) | Battery: 7% | Mode: GUIDED
2026-01-15 03:54:20 - DroneController - [INFO] - Waypoint 2/4 reached
2026-01-15 03:54:20 - DroneController - [INFO] - Starting continuous spiral spray pattern at waypoint
2026-01-15 03:54:20 - DroneController - [INFO] - Starting continuous spray for 40.0s spiral pattern
2026-01-15 03:54:20 - DroneController - [INFO] - Spray ON (simulation mode - no GPIO)
2026-01-15 03:54:20 - DroneController - [INFO] - Started spraying for 40.0s
2026-01-15 03:54:20 - DroneController - [INFO] - Spraying for 40.0 seconds...
2026-01-15 03:54:20 - DroneController - [INFO] - Executing continuous spiral with 5 points
2026-01-15 03:54:20 - DroneController - [INFO] - Moving to spiral point 1/5: (28.424480, 77.527267)
2026-01-15 03:54:20 - DroneController - [INFO] - Sending waypoint: (28.424480, 77.527267, 3.00)
2026-01-15 03:54:21 - DroneController - [INFO] - Moving to spiral point 2/5: (28.424477, 77.527265)
2026-01-15 03:54:21 - DroneController - [INFO] - Sending waypoint: (28.424477, 77.527265, 3.00)
2026-01-15 03:54:22 - DroneController - [INFO] - Moving to spiral point 3/5: (28.424481, 77.527273)
2026-01-15 03:54:22 - DroneController - [INFO] - Sending waypoint: (28.424481, 77.527273, 3.00)
2026-01-15 03:54:23 - DroneController - [INFO] - Moving to spiral point 4/5: (28.424481, 77.527260)
2026-01-15 03:54:23 - DroneController - [INFO] - Sending waypoint: (28.424481, 77.527260, 3.00)
2026-01-15 03:54:24 - DroneController - [INFO] - Moving to spiral point 5/5: (28.424472, 77.527273)
2026-01-15 03:54:24 - DroneController - [INFO] - Sending waypoint: (28.424472, 77.527273, 3.00)
2026-01-15 03:54:25 - DroneController - [INFO] - Telemetry: 6437 msgs | GPS: (28.424481, 77.527270, 3.00m) | Battery: 5% | Mode: GUIDED
2026-01-15 03:54:25 - DroneController - [INFO] - Returning to waypoint center after spiral
2026-01-15 03:54:25 - DroneController - [INFO] - Sending waypoint: (28.424479, 77.527267, 3.00)
2026-01-15 03:54:28 - DroneController - [INFO] - Stopping spray...
2026-01-15 03:54:28 - DroneController - [INFO] - Spray OFF (simulation mode - no GPIO)
2026-01-15 03:54:28 - DroneController - [INFO] - Spray OFF (simulation mode - no GPIO)
2026-01-15 03:54:28 - DroneController - [INFO] - Spray stopped early after 8.1s
2026-01-15 03:54:28 - DroneController - [INFO] - Spray OFF (simulation mode - no GPIO)
2026-01-15 03:54:28 - DroneController - [INFO] - Continuous spiral spray pattern completed
2026-01-15 03:54:28 - DroneController - [INFO] - Next waypoint: 3 (28.424439, 77.527562)
2026-01-15 03:54:28 - DroneController - [INFO] - Sending waypoint: (28.424439, 77.527562, 3.00)
2026-01-15 03:54:35 - DroneController - [INFO] - Telemetry: 7630 msgs | GPS: (28.424466, 77.527365, 3.00m) | Battery: 3% | Mode: GUIDED
2026-01-15 03:54:43 - DroneController - [INFO] - Waypoint 3/4 reached
2026-01-15 03:54:43 - DroneController - [INFO] - Starting continuous spiral spray pattern at waypoint
2026-01-15 03:54:43 - DroneController - [INFO] - Starting continuous spray for 40.0s spiral pattern
2026-01-15 03:54:43 - DroneController - [INFO] - Spray ON (simulation mode - no GPIO)
2026-01-15 03:54:43 - DroneController - [INFO] - Started spraying for 40.0s
2026-01-15 03:54:43 - DroneController - [INFO] - Spraying for 40.0 seconds...
2026-01-15 03:54:43 - DroneController - [INFO] - Executing continuous spiral with 5 points
2026-01-15 03:54:43 - DroneController - [INFO] - Moving to spiral point 1/5: (28.424440, 77.527562)
2026-01-15 03:54:43 - DroneController - [INFO] - Sending waypoint: (28.424440, 77.527562, 3.00)
2026-01-15 03:54:44 - DroneController - [INFO] - Moving to spiral point 2/5: (28.424437, 77.527560)
2026-01-15 03:54:44 - DroneController - [INFO] - Sending waypoint: (28.424437, 77.527560, 3.00)
2026-01-15 03:54:45 - DroneController - [INFO] - Telemetry: 8826 msgs | GPS: (28.424442, 77.527550, 3.00m) | Battery: 0% | Mode: GUIDED
2026-01-15 03:54:45 - DroneController - [INFO] - Moving to spiral point 3/5: (28.424441, 77.527567)
2026-01-15 03:54:45 - DroneController - [INFO] - Sending waypoint: (28.424441, 77.527567, 3.00)
2026-01-15 03:54:46 - DroneController - [INFO] - Moving to spiral point 4/5: (28.424441, 77.527555)
2026-01-15 03:54:46 - DroneController - [INFO] - Sending waypoint: (28.424441, 77.527555, 3.00)
2026-01-15 03:54:47 - DroneController - [INFO] - Moving to spiral point 5/5: (28.424432, 77.527568)
2026-01-15 03:54:47 - DroneController - [INFO] - Sending waypoint: (28.424432, 77.527568, 3.00)
2026-01-15 03:54:48 - DroneController - [INFO] - Returning to waypoint center after spiral
2026-01-15 03:54:48 - DroneController - [INFO] - Sending waypoint: (28.424439, 77.527562, 3.00)
2026-01-15 03:54:51 - DroneController - [INFO] - Stopping spray...
2026-01-15 03:54:51 - DroneController - [INFO] - Spray OFF (simulation mode - no GPIO)
2026-01-15 03:54:51 - DroneController - [INFO] - Spray OFF (simulation mode - no GPIO)
2026-01-15 03:54:51 - DroneController - [INFO] - Spray stopped early after 8.1s
2026-01-15 03:54:51 - DroneController - [INFO] - Spray OFF (simulation mode - no GPIO)
2026-01-15 03:54:51 - DroneController - [INFO] - Continuous spiral spray pattern completed
2026-01-15 03:54:51 - DroneController - [INFO] - Next waypoint: 4 (28.424687, 77.527566)
2026-01-15 03:54:51 - DroneController - [INFO] - Sending waypoint: (28.424687, 77.527566, 3.00)
2026-01-15 03:54:55 - DroneController - [INFO] - Telemetry: 10019 msgs | GPS: (28.424467, 77.527562, 3.00m) | Battery: 0% | Mode: GUIDED
2026-01-15 03:55:05 - DroneController - [INFO] - Telemetry: 11212 msgs | GPS: (28.424647, 77.527565, 3.00m) | Battery: 0% | Mode: GUIDED
2026-01-15 03:55:06 - DroneController - [INFO] - Waypoint 4/4 reached
2026-01-15 03:55:06 - DroneController - [INFO] - Starting continuous spiral spray pattern at waypoint
2026-01-15 03:55:06 - DroneController - [INFO] - Starting continuous spray for 40.0s spiral pattern
2026-01-15 03:55:06 - DroneController - [INFO] - Spray ON (simulation mode - no GPIO)
2026-01-15 03:55:06 - DroneController - [INFO] - Started spraying for 40.0s
2026-01-15 03:55:06 - DroneController - [INFO] - Spraying for 40.0 seconds...
2026-01-15 03:55:06 - DroneController - [INFO] - Executing continuous spiral with 5 points
2026-01-15 03:55:06 - DroneController - [INFO] - Moving to spiral point 1/5: (28.424687, 77.527566)
2026-01-15 03:55:06 - DroneController - [INFO] - Sending waypoint: (28.424687, 77.527566, 3.00)
2026-01-15 03:55:07 - DroneController - [INFO] - Moving to spiral point 2/5: (28.424684, 77.527564)
2026-01-15 03:55:07 - DroneController - [INFO] - Sending waypoint: (28.424684, 77.527564, 3.00)
2026-01-15 03:55:08 - DroneController - [INFO] - Moving to spiral point 3/5: (28.424688, 77.527571)
2026-01-15 03:55:08 - DroneController - [INFO] - Sending waypoint: (28.424688, 77.527571, 3.00)
2026-01-15 03:55:09 - DroneController - [INFO] - Moving to spiral point 4/5: (28.424689, 77.527558)
2026-01-15 03:55:09 - DroneController - [INFO] - Sending waypoint: (28.424689, 77.527558, 3.00)
2026-01-15 03:55:10 - DroneController - [INFO] - Moving to spiral point 5/5: (28.424679, 77.527572)
2026-01-15 03:55:10 - DroneController - [INFO] - Sending waypoint: (28.424679, 77.527572, 3.00)
2026-01-15 03:55:11 - DroneController - [INFO] - Returning to waypoint center after spiral
2026-01-15 03:55:11 - DroneController - [INFO] - Sending waypoint: (28.424687, 77.527566, 3.00)
2026-01-15 03:55:14 - DroneController - [INFO] - Stopping spray...
2026-01-15 03:55:14 - DroneController - [INFO] - Spray OFF (simulation mode - no GPIO)
2026-01-15 03:55:14 - DroneController - [INFO] - Spray OFF (simulation mode - no GPIO)
2026-01-15 03:55:14 - DroneController - [INFO] - Spray stopped early after 8.1s
2026-01-15 03:55:14 - DroneController - [INFO] - Spray OFF (simulation mode - no GPIO)
2026-01-15 03:55:14 - DroneController - [INFO] - Continuous spiral spray pattern completed
2026-01-15 03:55:14 - DroneController - [INFO] - All waypoints reached
2026-01-15 03:55:14 - DroneController - [INFO] - Returning to home and landing
2026-01-15 03:55:14 - DroneController - [INFO] - Sending waypoint: (28.424174, 77.527194, 3.00)
2026-01-15 03:55:15 - DroneController - [INFO] - Telemetry: 12408 msgs | GPS: (28.424686, 77.527565, 3.00m) | Battery: 0% | Mode: GUIDED
2026-01-15 03:55:25 - DroneController - [INFO] - Telemetry: 13600 msgs | GPS: (28.424552, 77.527468, 3.00m) | Battery: 0% | Mode: GUIDED
2026-01-15 03:55:35 - DroneController - [INFO] - Telemetry: 14794 msgs | GPS: (28.424401, 77.527358, 3.00m) | Battery: 0% | Mode: GUIDED
2026-01-15 03:55:45 - DroneController - [INFO] - Telemetry: 15990 msgs | GPS: (28.424249, 77.527248, 2.99m) | Battery: 0% | Mode: GUIDED
2026-01-15 03:55:51 - DroneController - [INFO] - Reached home position, initiating landing
2026-01-15 03:55:53 - DroneController - [INFO] - State transition: MISSION_ACTIVE -> LANDING
2026-01-15 03:55:53 - DroneController - [INFO] - Setting mode to LAND (attempt 1)
2026-01-15 03:55:54 - DroneController - [INFO] - Mode changed to LAND
2026-01-15 03:55:54 - DroneController - [INFO] - Landing in progress
2026-01-15 03:55:54 - DroneController - [INFO] - Landing command sent
2026-01-15 03:55:55 - DroneController - [INFO] - Telemetry: 17177 msgs | GPS: (28.424174, 77.527193, 2.43m) | Battery: 0% | Mode: LAND
2026-01-15 03:56:05 - DroneController - [INFO] - Telemetry: 18336 msgs | GPS: (28.424174, 77.527194, 0.00m) | Battery: 0% | Mode: LAND
2026-01-15 03:56:09 - DroneController - [INFO] - Stopping controller...
2026-01-15 03:56:09 - DroneController - [INFO] - Cleaning up spray controller...
2026-01-15 03:56:09 - DroneController - [INFO] - Telemetry loop stopped. Total messages: 18828
2026-01-15 03:56:09 - DroneController - [INFO] - Message type distribution: {'AHRS': 638, 'AHRS2': 637, 'ATTITUDE': 637, 'BATTERY_STATUS': 637, 'COMMAND_ACK': 2, 'EKF_STATUS_REPORT': 637, 'ESC_TELEMETRY_1_TO_4': 637, 'ESC_TELEMETRY_5_TO_8': 637, 'EXTENDED_SYS_STATE': 148, 'GLOBAL_POSITION_INT': 637, 'GPS_GLOBAL_ORIGIN': 1, 'GPS_RAW_INT': 637, 'HEARTBEAT': 149, 'HOME_POSITION': 149, 'LOCAL_POSITION_NED': 637, 'MEMINFO': 637, 'MISSION_CURRENT': 637, 'NAV_CONTROLLER_OUTPUT': 637, 'PARAM_VALUE': 17, 'POSITION_TARGET_GLOBAL_INT': 476, 'POWER_STATUS': 637, 'RAW_IMU': 637, 'RC_CHANNELS': 637, 'SCALED_IMU2': 637, 'SCALED_IMU3': 637, 'SCALED_PRESSURE': 637, 'SCALED_PRESSURE2': 637, 'SERVO_OUTPUT_RAW': 637, 'SIMSTATE': 637, 'STATUSTEXT': 5, 'SYSTEM_TIME': 637, 'SYS_STATUS': 637, 'TERRAIN_REPORT': 637, 'TIMESYNC': 15, 'UNKNOWN_437': 29, 'VFR_HUD': 637, 'VIBRATION': 637, 'WIND': 637}
2026-01-15 03:56:09 - DroneController - [INFO] - Command processor stopped
2026-01-15 03:56:09 - DroneController - [INFO] - Mission controller stopped
2026-01-15 03:56:09 - DroneController - [INFO] - Heartbeat monitor stopped
2026-01-15 03:56:09 - DroneController - [INFO] - Controller stopped
2026-01-15 03:56:09 - DroneController - [INFO] - Cleaning up spray controller...
2026-01-15 11:51:18 - DroneController - [INFO] - Mission planner initialized with KML: /Users/trishit_debsharma/Documents/Code/NIDAR/NIDAR/spray_drone/data/JUs.kml
2026-01-15 11:51:18 - DroneController - [WARNING] - GPIO not available - spray system will run in simulation mode
2026-01-15 11:51:18 - DroneController - [INFO] - DroneController initialized with SprayController
2026-01-15 11:51:18 - DroneController - [INFO] - Geofence mode: polygon
2026-01-15 11:51:18 - DroneController - [INFO] - Connecting to /dev/ttyACM1
2026-01-15 11:51:18 - DroneController - [INFO] - Connection attempt 1/3...
2026-01-15 11:51:18 - DroneController - [ERROR] - Connection attempt 1 failed: [Errno 2] could not open port /dev/ttyACM1: [Errno 2] No such file or directory: '/dev/ttyACM1'
2026-01-15 11:51:20 - DroneController - [INFO] - Connection attempt 2/3...
2026-01-15 11:51:20 - DroneController - [ERROR] - Connection attempt 2 failed: [Errno 2] could not open port /dev/ttyACM1: [Errno 2] No such file or directory: '/dev/ttyACM1'
2026-01-15 11:51:22 - DroneController - [INFO] - Connection attempt 3/3...
2026-01-15 11:51:22 - DroneController - [ERROR] - Connection attempt 3 failed: [Errno 2] could not open port /dev/ttyACM1: [Errno 2] No such file or directory: '/dev/ttyACM1'
2026-01-15 11:51:22 - DroneController - [INFO] - Cleaning up spray controller...
2026-01-15 11:51:38 - DroneController - [INFO] - Mission planner initialized with KML: /Users/trishit_debsharma/Documents/Code/NIDAR/NIDAR/spray_drone/data/JUs.kml
2026-01-15 11:51:38 - DroneController - [WARNING] - GPIO not available - spray system will run in simulation mode
2026-01-15 11:51:38 - DroneController - [INFO] - DroneController initialized with SprayController
2026-01-15 11:51:38 - DroneController - [INFO] - Geofence mode: polygon
2026-01-15 11:51:38 - DroneController - [INFO] - Connecting to /dev/ttyACM1
2026-01-15 11:51:38 - DroneController - [INFO] - Connection attempt 1/3...
2026-01-15 11:51:38 - DroneController - [ERROR] - Connection attempt 1 failed: [Errno 2] could not open port /dev/ttyACM1: [Errno 2] No such file or directory: '/dev/ttyACM1'
2026-01-15 11:51:40 - DroneController - [INFO] - Connection attempt 2/3...
2026-01-15 11:51:40 - DroneController - [ERROR] - Connection attempt 2 failed: [Errno 2] could not open port /dev/ttyACM1: [Errno 2] No such file or directory: '/dev/ttyACM1'
2026-01-15 11:51:42 - DroneController - [INFO] - Connection attempt 3/3...
2026-01-15 11:51:42 - DroneController - [ERROR] - Connection attempt 3 failed: [Errno 2] could not open port /dev/ttyACM1: [Errno 2] No such file or directory: '/dev/ttyACM1'
2026-01-15 11:51:43 - DroneController - [INFO] - Cleaning up spray controller...
2026-01-15 11:52:02 - DroneController - [INFO] - Mission planner initialized with KML: /Users/trishit_debsharma/Documents/Code/NIDAR/NIDAR/spray_drone/data/JUs.kml
2026-01-15 11:52:02 - DroneController - [WARNING] - GPIO not available - spray system will run in simulation mode
2026-01-15 11:52:02 - DroneController - [INFO] - DroneController initialized with SprayController
2026-01-15 11:52:02 - DroneController - [INFO] - Geofence mode: polygon
2026-01-15 11:52:02 - DroneController - [INFO] - Connecting to 127.0.0.1:14551
2026-01-15 11:52:02 - DroneController - [INFO] - Connection attempt 1/3...
2026-01-15 11:52:02 - DroneController - [INFO] - Waiting for heartbeat...
2026-01-15 11:52:03 - DroneController - [INFO] - Heartbeat from system 1, component 0
2026-01-15 11:52:03 - DroneController - [INFO] - Requesting data streams...
2026-01-15 11:52:03 - DroneController - [INFO] - Verifying data stream...
2026-01-15 11:52:03 - DroneController - [INFO] - Verifying data stream reception...
2026-01-15 11:52:04 - DroneController - [INFO] - ✓ All critical data streams verified
2026-01-15 11:52:04 - DroneController - [INFO] - Waiting for data streams to initialize...
2026-01-15 11:52:07 - DroneController - [INFO] - State transition: DISCONNECTED -> CONNECTED
2026-01-15 11:52:07 - DroneController - [INFO] - Telemetry log initialized: telemetry/telemetry_20260115_115207.csv
2026-01-15 11:52:07 - DroneController - [INFO] - ✓ Connection established and verified
2026-01-15 11:52:07 - DroneController - [INFO] - Telemetry loop started
2026-01-15 11:52:07 - DroneController - [INFO] - Heartbeat monitor started
2026-01-15 11:52:07 - DroneController - [INFO] - Command processor started
2026-01-15 11:52:07 - DroneController - [INFO] - Mission controller started
2026-01-15 11:52:07 - DroneController - [INFO] - ✓ First telemetry message received
2026-01-15 11:52:07 - DroneController - [INFO] - All threads started
2026-01-15 11:52:07 - DroneController - [INFO] - State transition: CONNECTED -> IDLE
2026-01-15 11:52:17 - DroneController - [INFO] - Mission planner initialized with KML: /Users/trishit_debsharma/Documents/Code/NIDAR/NIDAR/spray_drone/data/JUs.kml
2026-01-15 11:52:17 - DroneController - [WARNING] - GPIO not available - spray system will run in simulation mode
2026-01-15 11:52:17 - DroneController - [INFO] - DroneController initialized with SprayController
2026-01-15 11:52:17 - DroneController - [INFO] - Geofence mode: polygon
2026-01-15 11:52:17 - DroneController - [INFO] - Connecting to 127.0.0.1:14551
2026-01-15 11:52:17 - DroneController - [INFO] - Connection attempt 1/3...
2026-01-15 11:52:17 - DroneController - [INFO] - Waiting for heartbeat...
2026-01-15 11:52:18 - DroneController - [INFO] - Heartbeat from system 1, component 0
2026-01-15 11:52:18 - DroneController - [INFO] - Requesting data streams...
2026-01-15 11:52:18 - DroneController - [INFO] - Verifying data stream...
2026-01-15 11:52:18 - DroneController - [INFO] - Verifying data stream reception...
2026-01-15 11:52:19 - DroneController - [INFO] - ✓ All critical data streams verified
2026-01-15 11:52:19 - DroneController - [INFO] - Waiting for data streams to initialize...
2026-01-15 11:52:22 - DroneController - [INFO] - State transition: DISCONNECTED -> CONNECTED
2026-01-15 11:52:22 - DroneController - [INFO] - Telemetry log initialized: telemetry/telemetry_20260115_115222.csv
2026-01-15 11:52:22 - DroneController - [INFO] - ✓ Connection established and verified
2026-01-15 11:52:22 - DroneController - [INFO] - Telemetry loop started
2026-01-15 11:52:22 - DroneController - [INFO] - Heartbeat monitor started
2026-01-15 11:52:22 - DroneController - [INFO] - Command processor started
2026-01-15 11:52:22 - DroneController - [INFO] - Mission controller started
2026-01-15 11:52:22 - DroneController - [INFO] - ✓ First telemetry message received
2026-01-15 11:52:22 - DroneController - [INFO] - All threads started
2026-01-15 11:52:22 - DroneController - [INFO] - State transition: CONNECTED -> IDLE
2026-01-15 11:53:50 - DroneController - [INFO] - Mission planner initialized with KML: /Users/trishit_debsharma/Documents/Code/NIDAR/NIDAR/spray_drone/data/JUs.kml
2026-01-15 11:53:50 - DroneController - [WARNING] - GPIO not available - spray system will run in simulation mode
2026-01-15 11:53:50 - DroneController - [INFO] - DroneController initialized with SprayController
2026-01-15 11:53:50 - DroneController - [INFO] - Geofence mode: polygon
2026-01-15 11:53:50 - DroneController - [INFO] - Connecting to 127.0.0.1:14551
2026-01-15 11:53:50 - DroneController - [INFO] - Connection attempt 1/3...
2026-01-15 11:53:50 - DroneController - [INFO] - Waiting for heartbeat...
2026-01-15 11:53:51 - DroneController - [INFO] - Heartbeat from system 1, component 0
2026-01-15 11:53:51 - DroneController - [INFO] - Requesting data streams...
2026-01-15 11:53:51 - DroneController - [INFO] - Verifying data stream...
2026-01-15 11:53:51 - DroneController - [INFO] - Verifying data stream reception...
2026-01-15 11:53:52 - DroneController - [INFO] - ✓ All critical data streams verified
2026-01-15 11:53:52 - DroneController - [INFO] - Waiting for data streams to initialize...
2026-01-15 11:53:55 - DroneController - [INFO] - State transition: DISCONNECTED -> CONNECTED
2026-01-15 11:53:55 - DroneController - [INFO] - Telemetry log initialized: telemetry/telemetry_20260115_115355.csv
2026-01-15 11:53:55 - DroneController - [INFO] - ✓ Connection established and verified
2026-01-15 11:53:55 - DroneController - [INFO] - Telemetry loop started
2026-01-15 11:53:55 - DroneController - [INFO] - Heartbeat monitor started
2026-01-15 11:53:55 - DroneController - [INFO] - ✓ First telemetry message received
2026-01-15 11:53:55 - DroneController - [INFO] - Command processor started
2026-01-15 11:53:55 - DroneController - [INFO] - Mission controller started
2026-01-15 11:53:55 - DroneController - [INFO] - All threads started
2026-01-15 11:53:55 - DroneController - [INFO] - State transition: CONNECTED -> IDLE
2026-01-15 11:55:02 - DroneController - [ERROR] - Failed to load KML file: Placemark 'Field' not found. Available placemarks: ['Center', 'MultiGeometry']
2026-01-15 11:55:02 - DroneController - [WARNING] - GPIO not available - spray system will run in simulation mode
2026-01-15 11:55:02 - DroneController - [INFO] - DroneController initialized with SprayController
2026-01-15 11:55:02 - DroneController - [INFO] - Geofence mode: polygon
2026-01-15 11:55:02 - DroneController - [INFO] - Connecting to 127.0.0.1:14551
2026-01-15 11:55:02 - DroneController - [INFO] - Connection attempt 1/3...
2026-01-15 11:55:02 - DroneController - [INFO] - Waiting for heartbeat...
2026-01-15 11:55:03 - DroneController - [INFO] - Heartbeat from system 1, component 0
2026-01-15 11:55:03 - DroneController - [INFO] - Requesting data streams...
2026-01-15 11:55:03 - DroneController - [INFO] - Verifying data stream...
2026-01-15 11:55:03 - DroneController - [INFO] - Verifying data stream reception...
2026-01-15 11:55:04 - DroneController - [INFO] - ✓ All critical data streams verified
2026-01-15 11:55:04 - DroneController - [INFO] - Waiting for data streams to initialize...
2026-01-15 11:55:07 - DroneController - [INFO] - State transition: DISCONNECTED -> CONNECTED
2026-01-15 11:55:07 - DroneController - [INFO] - Telemetry log initialized: telemetry/telemetry_20260115_115507.csv
2026-01-15 11:55:07 - DroneController - [INFO] - ✓ Connection established and verified
2026-01-15 11:55:07 - DroneController - [INFO] - Telemetry loop started
2026-01-15 11:55:07 - DroneController - [INFO] - Heartbeat monitor started
2026-01-15 11:55:07 - DroneController - [INFO] - ✓ First telemetry message received
2026-01-15 11:55:07 - DroneController - [INFO] - Command processor started
2026-01-15 11:55:07 - DroneController - [INFO] - Mission controller started
2026-01-15 11:55:07 - DroneController - [INFO] - All threads started
2026-01-15 11:55:07 - DroneController - [INFO] - State transition: CONNECTED -> IDLE
2026-01-15 12:04:03 - DroneController - [ERROR] - Failed to load KML file: Placemark 'Field' not found. Available placemarks: ['Center', 'MultiGeometry']
2026-01-15 12:04:03 - DroneController - [WARNING] - GPIO not available - spray system will run in simulation mode
2026-01-15 12:04:03 - DroneController - [INFO] - DroneController initialized with SprayController
2026-01-15 12:04:03 - DroneController - [INFO] - Geofence mode: polygon
2026-01-15 12:04:03 - DroneController - [INFO] - Connecting to 127.0.0.1:14551
2026-01-15 12:04:03 - DroneController - [INFO] - Connection attempt 1/3...
2026-01-15 12:04:03 - DroneController - [INFO] - Waiting for heartbeat...
2026-01-15 12:04:03 - DroneController - [INFO] - Heartbeat from system 1, component 0
2026-01-15 12:04:03 - DroneController - [INFO] - Requesting data streams...
2026-01-15 12:04:03 - DroneController - [INFO] - Verifying data stream...
2026-01-15 12:04:03 - DroneController - [INFO] - Verifying data stream reception...
2026-01-15 12:04:04 - DroneController - [INFO] - ✓ All critical data streams verified
2026-01-15 12:04:04 - DroneController - [INFO] - Waiting for data streams to initialize...
2026-01-15 12:04:07 - DroneController - [INFO] - State transition: DISCONNECTED -> CONNECTED
2026-01-15 12:04:07 - DroneController - [INFO] - Telemetry log initialized: telemetry/telemetry_20260115_120407.csv
2026-01-15 12:04:07 - DroneController - [INFO] - ✓ Connection established and verified
2026-01-15 12:04:07 - DroneController - [INFO] - Telemetry loop started
2026-01-15 12:04:07 - DroneController - [INFO] - Heartbeat monitor started
2026-01-15 12:04:07 - DroneController - [INFO] - Command processor started
2026-01-15 12:04:07 - DroneController - [INFO] - Mission controller started
2026-01-15 12:04:07 - DroneController - [INFO] - ✓ First telemetry message received
2026-01-15 12:04:07 - DroneController - [INFO] - All threads started
2026-01-15 12:04:07 - DroneController - [INFO] - State transition: CONNECTED -> IDLE
2026-01-15 12:06:21 - DroneController - [ERROR] - Failed to load KML file: Placemark 'Field' not found. Available placemarks: ['Center', 'MultiGeometry']
2026-01-15 12:06:21 - DroneController - [WARNING] - GPIO not available - spray system will run in simulation mode
2026-01-15 12:06:21 - DroneController - [INFO] - DroneController initialized with SprayController
2026-01-15 12:06:21 - DroneController - [INFO] - Geofence mode: polygon
2026-01-15 12:06:21 - DroneController - [INFO] - Connecting to 127.0.0.1:14551
2026-01-15 12:06:21 - DroneController - [INFO] - Connection attempt 1/3...
2026-01-15 12:06:21 - DroneController - [INFO] - Waiting for heartbeat...
2026-01-15 12:06:22 - DroneController - [INFO] - Heartbeat from system 1, component 0
2026-01-15 12:06:22 - DroneController - [INFO] - Requesting data streams...
2026-01-15 12:06:22 - DroneController - [INFO] - Verifying data stream...
2026-01-15 12:06:22 - DroneController - [INFO] - Verifying data stream reception...
2026-01-15 12:06:23 - DroneController - [INFO] - ✓ All critical data streams verified
2026-01-15 12:06:23 - DroneController - [INFO] - Waiting for data streams to initialize...
2026-01-15 12:06:26 - DroneController - [INFO] - State transition: DISCONNECTED -> CONNECTED
2026-01-15 12:06:26 - DroneController - [INFO] - Telemetry log initialized: telemetry/telemetry_20260115_120626.csv
2026-01-15 12:06:26 - DroneController - [INFO] - ✓ Connection established and verified
2026-01-15 12:06:26 - DroneController - [INFO] - Telemetry loop started
2026-01-15 12:06:26 - DroneController - [INFO] - Heartbeat monitor started
2026-01-15 12:06:26 - DroneController - [INFO] - Command processor started
2026-01-15 12:06:26 - DroneController - [INFO] - ✓ First telemetry message received
2026-01-15 12:06:26 - DroneController - [INFO] - Mission controller started
2026-01-15 12:06:26 - DroneController - [INFO] - All threads started
2026-01-15 12:06:26 - DroneController - [INFO] - State transition: CONNECTED -> IDLE
2026-01-15 12:06:26 - DroneController - [INFO] - Stopping controller...
2026-01-15 12:06:26 - DroneController - [INFO] - Cleaning up spray controller...
2026-01-15 12:06:26 - DroneController - [INFO] - Landing initiated
2026-01-15 12:06:26 - DroneController - [INFO] - State transition: IDLE -> LANDING
2026-01-15 12:06:26 - DroneController - [INFO] - Setting mode to LAND (attempt 1)
2026-01-15 12:06:26 - DroneController - [INFO] - Mission controller stopped
2026-01-15 12:06:26 - DroneController - [INFO] - Telemetry loop stopped. Total messages: 1889
2026-01-15 12:06:26 - DroneController - [INFO] - Message type distribution: {'AHRS': 67, 'AHRS2': 67, 'ATTITUDE': 67, 'BATTERY_STATUS': 67, 'EKF_STATUS_REPORT': 67, 'ESC_TELEMETRY_1_TO_4': 67, 'ESC_TELEMETRY_5_TO_8': 67, 'EXTENDED_SYS_STATE': 4, 'GLOBAL_POSITION_INT': 67, 'GPS_RAW_INT': 67, 'HEARTBEAT': 4, 'HOME_POSITION': 4, 'LOCAL_POSITION_NED': 67, 'MEMINFO': 67, 'MISSION_CURRENT': 67, 'NAV_CONTROLLER_OUTPUT': 67, 'POWER_STATUS': 67, 'RAW_IMU': 67, 'RC_CHANNELS': 67, 'SCALED_IMU2': 67, 'SCALED_IMU3': 67, 'SCALED_PRESSURE': 67, 'SCALED_PRESSURE2': 67, 'SERVO_OUTPUT_RAW': 67, 'SIMSTATE': 67, 'SYSTEM_TIME': 67, 'SYS_STATUS': 67, 'TERRAIN_REPORT': 67, 'TIMESYNC': 1, 'VFR_HUD': 67, 'VIBRATION': 67, 'WIND': 67}
2026-01-15 12:06:27 - DroneController - [INFO] - Heartbeat monitor stopped
2026-01-15 12:06:27 - DroneController - [INFO] - Command processor stopped
2026-01-15 12:06:27 - DroneController - [INFO] - Mode changed to LAND
2026-01-15 12:06:27 - DroneController - [INFO] - Landing in progress
2026-01-15 12:06:27 - DroneController - [INFO] - Controller stopped
